bid_id,title,biz_div,title_len
20161105781_004,로봇페인팅서비스,servc,8
20170526806_008,체험활동서비스외 3종,servc,11
20170610413_012,사무환경기기임대서비스외 1종,servc,15
20170829686_004,원거리교육서비스외 1종,servc,12
20170829776_004,조경관리서비스,servc,7
20170927920_008,무인기활용서비스외 3종,servc,12
20180631534_006,RFID음식물쓰레기종량기임대서비스,servc,18
20180700157_006,전자태그재물조사서비스,servc,11
20190116681_007,번역서비스,servc,5
20190637220_004,안마의자임대서비스,servc,9
20191016128_005,가축매몰지복원서비스,servc,10
20191241698_004,음식물쓰레기처리기임대서비스,servc,14
20200923222_004,기타청소서비스,servc,7
20210124380_003,무정전전원장치(UPS)임대서비스,servc,17
20210207003_002,화초류임대서비스외 1종,servc,12
20210634522_001,사무환경기기임대서비스,servc,11
20210642419_003,사무용기기임대서비스,servc,10
20240822351_002,제설장비임대서비스,servc,9
R25BK01069787_001,"전지,발전기및동력전달장치 임대서비스외 1종",servc,23
R25BK01069787_002,"전지,발전기및동력전달장치 임대서비스",servc,19
R25BK01173175_001,교양교육서비스,servc,7
R25BK01219125_000,2026년 (주)강원랜드 기계설비 성능점검 용역,servc,26
R25BK01236061_000,2026년도 방송통신중·고등학교 관계자 글로벌 역량 강화 연수 운영 용역,servc,40
R25BK01236359_000,2026년 정보시스템 통합 유지관리 및 운영,servc,24
R25BK01237620_000,2026년 전남권역 사회적기업 창업·경영지원 전문기관 운영 용역,servc,35
R25BK01237702_000,2026년 국가형사사법기록관시스템 유지관리 사업,servc,26
R25BK01238047_000,2026년 소상공인 마이데이터 운영 및 유지관리,servc,26
R25BK01239108_001,개인서비스용로봇 임대서비스,servc,14
R25BK01241102_001,2026년 시각장애인용 데이지자료 제작 및 운영 사업,servc,29
R25BK01241227_001,충청남도인재개발원 사이버교육 위탁운영,servc,20
R25BK01243058_001,5차년도 빅데이터AI플랫폼 아이톡톡 구축 용역,servc,25
R25BK01243770_000,2026년 정보공개시스템 운영·유지관리,servc,21
R25BK01243918_000,2026년도 외교부 부내 외국어 교육과정,servc,22
R25BK01246502_000,2026년 층간소음 방문상담·소음측정,servc,20
R25BK01247607_000,(가칭)서사중학교 신축공사 감독권한대행 등 건설사업관리용역,servc,32
R25BK01247879_000,2026년 장애인고용패널조사 3차 코호트 2차년도 본조사 용역,servc,34
R25BK01248615_000,RISE사업 산학연협력 성과관리시스템 개발,servc,23
R25BK01249943_001,2026년 경찰차량 위탁관리 용역,servc,18
R25BK01251249_001,2026년 비료 시험연구기관 이화학적분석 정도관리 용역,servc,30
R25BK01251263_000,2026년 실내공기질 측정망 운영관리 용역,servc,23
R25BK01251449_000,2026년 정책도움e 운영 및 유지관리,servc,21
R25BK01252120_000,2026년 국회방송 패쇄자막방송 속기용역,servc,22
R25BK01252689_000,2026년 정기간행물 저작권 문화 발간,servc,21
R25BK01252985_000,개인정보 처리방침 평가 지원 및 컨설팅,servc,21
R25BK01253139_000,2026학년도 한국교원대학교부설유치원 통학버스 임차,servc,28
R25BK01253653_000,2025년 광주시 지능형교통체계(ITS) 확장 구축사업,servc,30
R25BK01253905_000,2026년 스마트제조혁신 홍보 운영 용역,servc,22
R25BK01253947_000,26년 법무부 주요정보통신기반시설 취약점 분석·평가,servc,28
R25BK01253999_000,경영안정바우처 지원시스템 운영지원,servc,18
R25BK01254004_000,2026년 인천사이버진로교육원 홈페이지플랫폼 유지관리 용역,servc,32
R25BK01254134_000,2026년 보건농림기상 연구관측망 유지관리 용역,servc,26
R25BK01254177_000,2026년 광주권역 사회적기업 창업·경영지원 전문기관 운영 용역,servc,35
R25BK01254532_000,2026년 한국건강증진개발원 정보시스템 통합유지관리,servc,28
R25BK01254826_000,2026년도 광주광역시 버스정보시스템(BIS) 통합 유지보수 및 운영관리 용역,servc,43
R25BK01254915_000,제9회 전국동시지방선거 유·무선통신장비 배부 및 회수,servc,29
R25BK01254992_000,2026년 재난대비훈련 홍보 대행사업,servc,20
R25BK01255040_001,2024년 소하천 스마트계측관리시스템 구축사업,servc,25
R25BK01255073_000,2026 지역문화향유기회 확대를 위한 국악을 국민속으로_사업 운영 대행 용역,servc,42
R25BK01255108_000,행복한백화점 POS시스템 재구축 용역,servc,20
R25BK01255411_000,[정보화] 인체자원분양데스크 및 원격지기탁지원시스템 운영 유지관리,servc,36
R25BK01255476_001,경찰수사연수원 수사교육동 증축사업 건설사업관리용역(감독권한대행),servc,35
R25BK01255549_000,2026년 통합관제센터 정보시스템 유지보수 용역,servc,26
R25BK01255676_000,2026년 데이터 강남 플랫폼 운영 용역,servc,22
R26BK01256180_000,2026 해양 기후변화(해양환경·생태계) 감시·예측 정보 통합 생산,servc,37
R26BK01256187_000,2026년도 국회 출입통제설비 유지보수 용역,servc,24
R26BK01256206_000,2026년 홍성군 상수도종합상황실 및 원격감시시설 유지관리 용역,servc,35
R26BK01256238_000,2026년 교과용도서 수정 보완 사업 계약,servc,23
R26BK01256240_000,2026년 사회적기업 업종특화(친환경·자원순환) 창업지원 전문기관 운영 용역,servc,42
R26BK01256310_000,[정보화] 바이오뱅크 정보관리시스템 운영 유지관리,servc,27
R26BK01256314_000,2026년 경남권역 사회적기업 창업·경영지원 전문기관 운영 용역,servc,35
R26BK01256319_000,2026년~2027년 통계센터 정보통신시스템 위탁관리 사업,servc,32
R26BK01256341_000,행정안전부 PC·네트워크 및 정보보호시스템 유지관리,servc,28
R26BK01256348_000,국가 바이오데이터 사용자 경험 분석 및 개선 기획 연구,servc,30
R26BK01256370_000,2026년 경복궁 광화문 권역 등 경비 용역,servc,24
R26BK01256428_000,2026년 로티즌아카데미 및 어린이로스쿨 운영,servc,25
R26BK01256542_000,2026년 제대군인 전직지원시스템 유지보수 용역,servc,26
R26BK01256550_000,국민참여예산제도 온라인 플랫폼 운영을 위한 클라우드 서비스 제공,servc,35
R26BK01256580_000,2026년 영상통신시스템 유지관리,servc,18
R26BK01256616_000,2026년 지하공간통합지도 수정갱신 사업,servc,22
R26BK01256628_000,공주교대 2026년도 정보시스템(통합) 유지보수용역,servc,28
R26BK01256630_000,2026년 국민비서 서비스 운영 및 유지관리,servc,24
R26BK01256659_000,공공인프라 업무 통합관리 플랫폼 유지관리 및 기능개선 용역,servc,32
R26BK01256660_000,신연초등학교 교사증축 전기공사 감리용역(긴급)(계속비),servc,30
R26BK01256768_000,2026년 평택시 ITS 통합 유지관리용역,servc,23
R26BK01256904_000,2026년 국가재난안전교육원 정보시스템 유지관리,servc,26
R26BK01256922_000,2026년 장애인경제활동실태조사 및 발달장애인 일과 삶 실태조사 용역,servc,38
R26BK01257135_000,2026년 울산권역 사회적기업 창업·경영지원 전문기관 운영 용역,servc,35
R26BK01257360_000,2026년 한국농업기술진흥원 온라인 홍보채널 운영,servc,27
R26BK01257469_000,2026년 국립부산과학관 특별기획 순회전시 ‘창의적 생각도구(가제)’ 연출 및 제작 ·설치 용역,servc,53
R26BK01257473_000,2026년 해양과학기지 유지관리,servc,17
R26BK01257482_000,2026년 수문조사시설 유지보수용역,servc,19
R26BK01257494_000,제46주년 5·18민주화운동 기념식 대행용역,servc,24
R26BK01257533_000,2026~2027년 해양기상관측장비 유지보수·관리용역,servc,29
R26BK01257567_000,26년 원자력안전통합정보시스템(NSIS) 기능 고도화 사업,servc,32
R26BK01257569_000,2026년 홍수위험지도 정보시스템 유지보수,servc,23
R26BK01257573_000,2026년도 미디어교육사 자격제도 운영 사업,servc,24
R26BK01257586_000,전국 땅밀림 우려지 현장조사 및 비상대처계획 매뉴얼 개발 연구용역,servc,36
R26BK01257589_000,산불방지과 2026년 산불 조사 위탁용역,servc,22
R26BK01257593_000,2026년~2027년 나이스 인프라 유지관리,servc,24
R26BK01257636_000,2026년 공공자가망·와이파이 통합유지관리 용역,servc,26
R26BK01257641_000,2026년 전북권역 사회적기업 창업·경영지원 전문기관 운영 용역,servc,35
R26BK01257659_000,26년 방위사업청 온라인/영상홍보 용역,servc,21
R26BK01257736_000,통합콜센터 시스템 유지관리 및 운영위탁 용역,servc,24
R26BK01257757_000,대기질 정보 시스템 통합 유지관리(2026년) 용역,servc,28
R26BK01257764_000,2026년도 국회 뉴미디어 의정홍보 활성화 사업 운영,servc,29
R26BK01257788_000,2026~2028년도 농업기상관측망 유지관리,servc,24
R26BK01257800_000,중앙전파관리소 증축 전기공사 감리용역,servc,20
R26BK01257810_000,2026년 국가통계 이용 활성화 및 홍보 사업,servc,25
R26BK01257832_000,2026년 연속간행물 자료 디지털화 및 지식정보자원 공유기반 구축 사업,servc,39
R26BK01257839_000,2026년도 제품사고조사 사업,servc,16
R26BK01257845_000,2026년 정부조직관리정보시스템 및 정부기능분류시스템 유지관리,servc,34
R26BK01257864_000,2025학년도 한국체육대학교 국립대학육성사업 교육 및 전시공간 조성사업 용역,servc,42
R26BK01257908_000,2026년 실험실 지정폐기물 방문 순환수거 및 위탁처리 용역,servc,33
R26BK01257930_000,국채관리시스템 운영 및 유지관리,servc,17
R26BK01257950_000,2026년 시각장애인용 전자점자도서 제작 사업,servc,25
R26BK01257954_000,누리꿈스퀘어 전산장비 유지관리 용역,servc,19
R26BK01257956_000,2026년 수도권 도시기상관측장비 유지관리 용역,servc,26
R26BK01257960_000,인천경찰청 경찰정보통신망 사업자 선정(4차),servc,24
R26BK01257990_000,2026~2027년 보건복지사이버안전센터 정보시스템 유지관리,servc,33
R26BK01257991_000,사방표준품셈 현장조사 및 체계화 연구,servc,20
R26BK01258009_000,2026년 충청남도교육청 테크센터 운영 사업,servc,24
R26BK01258033_000,2026-2027년 전산자원 통합 유지관리,servc,23
R26BK01258045_000,2026년 해양사고 조사분석실 운영관리 용역,servc,24
R26BK01258053_000,해외공항 공항수용능력 설정 실태조사 연구,servc,22
R26BK01258075_000,(가칭)정관2중학교 교사신축 전기공사 감리용역(계속비),servc,30
R26BK01258300_000,어린이활동공간 안전관리 측정분석 지원사업(장기계속1차/3차),servc,33
R26BK01258308_000,2026학년도 가락초등학교 및 가락병설유치원 통학버스 임차 용역,servc,35
R26BK01258327_000,2026년 소방청 위성전용망 서비스 사업,servc,22
R26BK01258340_000,디지털서비스_이엔유_EduEnuSpace,servc,22
R26BK01258343_000,코리아 나라장터 엑스포 2026 조달홍보관 및 특별전시관 용역,servc,34
R26BK01258345_000,2026년 한국전통문화대학교 정보시스템 통합유지보수,servc,28
R26BK01258412_000,2026년도 표준성과한마당 유지보수 및 디지털 교정성적서 생성시스템 개선,servc,40
R26BK01258422_000,2026년도 소음진동 측정망 운영관리 용역,servc,23
R26BK01258455_000,2026년 상반기 정책여론조사 수행 용역,servc,22
R26BK01258472_000,2026년~2028년도 환경위성(GEMS) 전처리 및 기하보정 소프트웨어 유지관리,servc,45
R26BK01258506_000,(긴급)2026년 테크센터 운영 용역,servc,20
R26BK01258512_000,2026~2027년 정보통신시스템 통합유지관리,servc,25
R26BK01258532_000,2026년 문화체육관광 통계 개발 및 조사 분석,servc,26
R26BK01258580_000,"2026년 실습선(한바다호, 한나라호) 선체보험 가입(갱신)",servc,33
R26BK01258590_000,디지털서비스_넥스트비즈_올리사이트 GOV (OllySite GOV),servc,37
R26BK01258636_000,2026년 DNA 감정장비 유지관리(분석기),servc,24
R26BK01258644_000,2026년도 공공정책정보DB 구축사업,servc,20
R26BK01258651_000,2026년 행정시스템 유지관리 용역,servc,19
R26BK01258699_000,2026년 국가데이터처 인식 제고 및 대국민 소통 강화 용역 사업,servc,36
R26BK01258705_000,2026학년도 좌천초등학교 통학버스 임차 용역 계약 요청,servc,31
R26BK01258877_000,2026~2027년 국립부산과학관 전산장비 및 정보보안시스템 통합 유지관리 용역,servc,44
R26BK01258889_000,해양경찰청 유선 네트워크망 고도화(회선사업자 선정) 사업,servc,31
R26BK01258944_000,공공배달앱「배달모아」 운영관리 용역,servc,19
R26BK01259138_000,2026년 기상관측선 선박종합정비 및 환경개선 용역,servc,28
R26BK01259393_000,2026년 경남관광 홍보 SNS 운영 사업,servc,23
R26BK01259408_000,2026~2028년 연직바람관측장비(WPR)유지관리용역,servc,30
R26BK01259492_000,2026년 PC/네트워크/보안장비 유지관리,servc,23
R26BK01259537_000,도시침수 예측모형 구축 및 종합계획 수립,servc,22
R26BK01259560_000,전송형 전자영장 집행시스템 구축사업,servc,19
R26BK01259579_000,2026학년도 국립부경대학교 용당캠퍼스 청소 용역,servc,27
R26BK01259589_000,(장기계속)아크릴계 열가소성 블레이드 재활용 기술 용역,servc,30
R26BK01259615_000,항로표지 관리운영시스템 유지관리용역,servc,19
R26BK01259722_000,2026년 용인행정 디지털트윈 플랫폼 유지관리 용역,servc,28
R26BK01259831_000,25회계연도 국가재무제표 작성 지원 및 중간점검을 위한 「국가회계결산지원단」 구성.운영,servc,48
R26BK01259842_000,2026년도 재난·안전 R&D 정보포털 유지관리 사업,servc,29
R26BK01259851_000,"상용SW 제3자단가계약((주)와우스, 스마트고시공고솔루션V1(커스터마이징))",servc,42
R26BK01259975_000,2026년 국가대체자료종합목록 구축 및 품질관리 사업,servc,29
R26BK01259984_000,2026년 통합 주차관제시스템 유지보수 용역 [긴급],servc,29
R26BK01260010_000,2026년 실용 통계교육 활성화 사업,servc,20
R26BK01260021_000,2026년 아동수당 제도개편에 따른 사회보장정보시스템 기능개선,servc,34
R26BK01260032_000,경북대학교(상주캠퍼스) 무인전자경비용역,servc,21
R26BK01260050_000,해외 생물다양성 조사 및 소재확보-동남아시아 국가(2026년),servc,34
R26BK01260063_000,26년 3D수법영상 촬영장비 유지관리,servc,20
R26BK01260070_000,2026년 ICT 국가표준 연구·개발 용역,servc,23
R26BK01260170_000,조류신호·항로표지 관리운영시스템 유지보수용역,servc,24
R26BK01260291_000,2026년 직원 마음건강 프로그램  마음쉼터 운영,servc,27
R26BK01260299_000,신규 황사발원모듈의 현업모델 적용 연구,servc,21
R26BK01260320_000,2026년도 한국고전총간(영인) 조판 및 원문 입력사업,servc,30
R26BK01260327_000,26년도 시험검사장비(그룹C) 사후관리(주식회사 시마즈 사이언티픽 코리아),servc,41
R26BK01260348_000,2026 통일부 정책홍보 온라인 위탁사업,servc,22
R26BK01260405_000,2026년도 재생에너지 실증지역 기상관측장비 유지보수·관리 용역,servc,35
R26BK01260414_000,2026년 세종한국어평가(SKA) 출제,servc,21
R26BK01260458_000,26년도 시험검사장비(그룹C) 사후관리(써모피셔사이언티픽코리아),servc,35
R26BK01260465_000,"상용SW 제3자단가계약((주)하람아이, Teaming Hi 5(커스터마이징))",servc,43
R26BK01260479_000,2026년 전산장비 및 정보보안 운영지원 사업,servc,25
R26BK01260531_000,2026년 오픈소스SW 활용지원 용역,servc,20
R26BK01260564_000,"[정책,006] 청소년건강패널조사(2026)",servc,24
R26BK01260576_000,2026년 부동산종합공부 자료정비시스템 운영 및 사업지원 용역,servc,34
R26BK01260582_000,26-F-연습용 워게임모델 성능개량 유지보수,servc,24
R26BK01260587_000,프라임칼리지 학사학위과정 등록금 등 전자결제대행(PG) 용역사업,servc,35
R26BK01260615_000,5차년도 빅데이터AI플랫폼 아이톡톡 구축 감리 용역,servc,28
R26BK01260619_000,지방세입정보시스템 자치단체 통합 개인정보영향평가,servc,26
R26BK01260657_000,2026년 내부정보시스템 유지관리,servc,18
R26BK01260755_000,R-MediaEngine v2.0(유지관리)_제3자(파인),servc,32
R26BK01260765_000,R-MediaEngine v2.0(커스터마이징)_제3자(파인),servc,34
R26BK01260770_000,SW 3자단가(R-Control v2.0 (유지관리) (주)파인),servc,36
R26BK01260773_000,SW 3자단가(R-Control v2.0 (커스터마이징) (주)파인),servc,38
R26BK01260818_000,26년도 시험검사장비(그룹C) 사후관리(주식회사 피크만에스피),servc,34
R26BK01260829_000,2026년 행정전자서명 인증시스템 등 운영 및 유지관리,servc,30
R26BK01260847_000,2026~2027학년도 부산대학교 정보시스템 통합유지관리 용역사업,servc,36
R26BK01260870_000,과학기술정책연구원 기관장 운전기사 파견 용역(2년),servc,28
R26BK01260904_000,2026년 나이스 기술지원센터 운영,servc,19
R26BK01260910_000,제9회 전국동시지방선거 우편투표함 등 보관장소 CCTV 설치운영사업,servc,37
R26BK01260949_000,2026년 국가등록문화유산(시설물 분야) 및 근대사적 정기조사,servc,34
R26BK01260955_000,2026년 관세청 홈페이지 유지관리,servc,19
R26BK01260970_000,2026년 농식품 소비자 패널조사 기반 소비트렌드 분석 연구 용역,servc,36
R26BK01260997_000,2025년도 기타공공기관 경영실적 평가 및 2026~2027년도 경영평가편람 마련 등 위탁용역,servc,52
R26BK01261022_000,지능형교통체계(ITS) 유지관리 용역(2026~2027년),servc,32
R26BK01261039_000,데이터 기반 스마트농업 확산 지원 PMO 사업,servc,25
R26BK01261121_000,2026년 정책홍보지원시스템 위탁운영,servc,20
R26BK01261127_000,26년도 시험검사장비(그룹C) 사후관리(워터스코리아),servc,29
R26BK01261128_000,2026년 여성폭력방지정책 전략센터 운영,servc,22
R26BK01261147_000,26년도 시험검사장비(그룹C) 사후관리(퍼킨엘머코리아 유한회사),servc,35
R26BK01261157_000,AI 기반 자기주도 학습‧성장 서비스 구축,servc,23
R26BK01261158_000,2026년도 동해지방해양경찰청 선박교통관제(VTS)시설 유지보수용역,servc,37
R26BK01261188_000,남해경찰서 이전 신축공사 설계용역업체 선정계획,servc,25
R26BK01261224_000,2026년 국토이용정보 통합플랫폼(KLIP) 운영 및 유지관리,servc,34
R26BK01261554_000,우수 상용품 시범사용 연구 및 위탁운영,servc,21
R26BK01261563_000,동삭동 행정복지센터 및 동삭도서관 건립 건설사업관리 용역,servc,31
R26BK01261600_000,2026년 우수재활용제품(GR)인증 지원사업,servc,24
R26BK01261614_000,임대리츠 공급확대 및 운영 고도화 연구용역,servc,23
R26BK01261631_000,제2차 어선안전조업 기본계획 수립 연구 용역,servc,24
R26BK01261670_000,2026년 행정데이터 공유활용 시스템 유지관리,servc,25
R26BK01261678_000,2026-2027년 IT인프라·정보보안 통합 운영·유지보수,servc,32
R26BK01261685_000,대구보훈병원 서관동 증축사업(폐기물 용역),servc,23
R26BK01261691_000,26년 맞춤형 석사과정(공공갈등정보학과) 운영,servc,25
R26BK01261696_000,한국출판문화산업진흥원 정보시스템 통합 유지관리 용역,servc,28
R26BK01261726_000,2026년 국가법령정보서비스 유지보수 사업,servc,23
R26BK01261740_000,2026년 어선안전조업관리시스템 유지보수,servc,22
R26BK01261749_000,국가재무제표 결산검사 업무보조 용역(1분류),servc,24
R26BK01261756_000,2026년~2027년 산림 사이버안전센터 보안관제 위탁 운영,servc,33
R26BK01261776_000,2026년 국유림관리시스템 운영 및 유지관리,servc,24
R26BK01261802_000,2026~2027년 한국바로알림서비스 정보시스템 유지운영,servc,31
R26BK01261842_000,2026년 중소사업자 안전조치 모니터링,servc,21
R26BK01261850_000,2026~2027년 기후변화 영향예측 적응연구동 기반시설 유지관리 용역,servc,39
R26BK01261881_000,2026학년도 인천운남초등학교 통근버스 운행용역,servc,26
R26BK01261907_000,2026년도 시정소식지 아름다운 경주이야기 발행 용역,servc,29
R26BK01261948_000,출입국이민행정 대민포털 개편을 위한 ISMP수립 사업,servc,29
R26BK01261983_000,2026년 디지털정부인증서비스 운영 및 유지관리,servc,26
R26BK01261988_000,국방연동관리체계 고도화 ISMP 사업,servc,20
R26BK01261989_000,2026년 영상보안 활용 범죄피해자 안전조치 솔루션 사업,servc,31
R26BK01261992_000,2026년 해외기업정보 OIP 플랫폼 및 TP Catalyst 접속 서비스 이용,servc,44
R26BK01261995_000,강원대학교 삼척캠퍼스 삼척생활관 인터넷 서비스 위탁 운영,servc,31
R26BK01262035_000,26년 AI 보안운영 및 위협탐지 실무인력 양성,servc,26
R26BK01262070_000,2026년 G-PASS기업 지정 관리 위탁 용역,servc,26
R26BK01262079_000,국립한국교통대학교 통합경비시스템 용역,servc,20
R26BK01262083_000,경북대학교 복지관 주변 학생보행 안전을 위한 차 없는 거리 조성사업 건설폐기물처리용역,servc,47
R26BK01262228_000,2026년 전역예정장병 취업지원 및 국군장병 취업박람회 운영 위탁용역사업,servc,40
R26BK01262238_000,26~27년 모바일 안내문 3차 공인전자문서 중계자 선정,servc,31
R26BK01262280_000,2026년 통합정보시스템 유지관리 용역사업,servc,23
R26BK01262317_000,2026년 화학물질종합정보시스템 유지관리,servc,22
R26BK01262334_000,공영홈쇼핑 25년~27년 신규 도입 솔루션 및 인프라 유지관리,servc,34
R26BK01262379_000,2026년 파주시도서관 정보화 시스템 통합 유지관리 용역,servc,31
R26BK01262395_000,2026년 소상공인 정책지원 플랫폼 운영 및 유지관리,servc,29
R26BK01262404_000,2026년 뉴스 저작물 이용 및 스크랩 용역 사업,servc,27
R26BK01262420_000,2026년 해양관측부이 유지관리,servc,17
R26BK01262457_000,2026년 정보시스템 통합유지 관리,servc,19
R26BK01262458_000,부천북초 공간재구조화 개축 및 리모델링공사 폐기물 처리용역(계속비),servc,37
R26BK01262505_000,2026년 아산시 지능형교통체계(ITS) 유지관리 용역,servc,30
R26BK01262556_000,26년도 시험검사장비(그룹C) 사후관리(에이비사이엑스코리아유한회사),servc,37
R26BK01262568_000,2026~2027학년도 부산대학교 정보통신망 유지관리 사업,servc,32
R26BK01262579_000,2026년 아산시 버스정보시스템(BIS) 유지관리 용역,servc,30
R26BK01262587_000,2026년~2027년 정부청사관리본부 정보(보호)시스템 유지관리 사업,servc,38
R26BK01262590_000,로컬푸드 통합센터 및 직매장 운영 고도화 용역(2026),servc,31
R26BK01262617_000,제4차 공항소음방지 중기계획 이행을 위한 제도개선 연구,servc,30
R26BK01262638_000,2026년도 디지털 포렌식 유지관리 위탁 사업,servc,25
R26BK01262665_000,2026년~2027년 정부청사 시설관리시스템 유지관리,servc,29
R26BK01262717_000,2026년 동북아역사재단 유튜브 및 영상 제작 사업,servc,28
R26BK01262741_000,2026년~2027년 정부청사 시설관리데이터분석시스템 운영·유지관리,servc,37
R26BK01262772_000,2026년 보은군 정보통신시스템 통합유지관리 용역,servc,27
R26BK01262810_000,26년 방위사업청 종합홍보 용역,servc,17
R26BK01262817_000,2026년 항공정보간행물(AIP) 편집 사업,servc,24
R26BK01262826_000,2026년 보훈문화 체험활동 평가위탁 용역,servc,23
R26BK01262853_000,수도권 국제공동 캠페인 확대 수행 용역,servc,21
R26BK01262861_000,독립의 전당 건립 건설폐기물 처리 및 운반용역 (장기1차),servc,32
R26BK01262920_000,2026년도 혁신제품 지원센터 운영 용역,servc,22
R26BK01262925_000,2026년 신문 자료 디지털화 및 지식정보자원 공유기반 구축 사업,servc,36
R26BK01262934_000,보은군 온-누림 플랫폼 통합 홈페이지 구축 용역,servc,26
R26BK01262952_000,2026년~ 2027년 음성군 행정정보시스템 통합유지보수 용역,servc,34
R26BK01262966_000,차세대 119통합시스템 구축 ISMP 수립,servc,23
R26BK01263003_000,2026년 경찰청 도시교통정보센터 시스템 유지관리 용역,servc,30
R26BK01263064_000,2026년 기상관측종합관리시스템 운영 및 유지관리 용역사업,servc,32
R26BK01263127_000,2026~2027년 정부영상회의시스템 유지보수 사업,servc,28
R26BK01263329_000,2026년 개인정보보호 활동 및 관련시스템 유지관리 용역,servc,31
R26BK01263343_000,2026년 시계비행상황관리시스템 등 유지관리 용역,servc,27
R26BK01263394_000,디지털서비스_케이티_KT AI Studio,servc,23
R26BK01263505_000,제9회 전국동시지방선거 방송광고 등 제작,servc,22
R26BK01263533_000,감독권한대행 등 건설사업관리 용역 (청주서원경찰서 신축),servc,31
R26BK01263539_000,정부 핵심정책 바이럴 캠페인,servc,15
R26BK01263558_000,(교무-현장) 2026년도 장기현장실습장 안전관리점검 컨설팅 용역 업체 선정 의뢰,servc,45
R26BK01263577_000,한국기술교육대학교 재학생 일반건강검진 용역,servc,23
R26BK01263581_000,2026년도 해외안전 담당인력 심리상담 지원,servc,24
R26BK01263587_000,연근해 기초 생산력 현황 및 변동성 구명(Ⅱ),servc,25
R26BK01263595_000,추풍령중학교 석축보강 및 진입로 보수 공사 관련 감독권한대행 등 건설사업관리용역,servc,44
R26BK01263604_000,2026년 국립어린이박물관 및 통합시설 시설관리용역,servc,28
R26BK01263646_000,연근해 저차 해양생태계 생물 현황 및 먹이망 구조 평가(Ⅱ),servc,33
R26BK01263687_000,문체부-WIPO 신탁기금 20주년 기념행사 대행용역,servc,28
R26BK01263713_000,부산콘텐츠마켓2026(BCM2026)행사 용역대행사 선정,servc,31
R26BK01263714_000,GRC 관리체계를 위한 정보보안 플랫폼 구축,servc,24
R26BK01263737_000,2026년 경남형 진로교육 지원 플랫폼 유지관리 및 기능개선 용역,servc,36
R26BK01263755_000,26년 정밀시험검사장비(그룹C) 사후관리(한국애질런트테크놀로지),servc,35
R26BK01263761_000,2026년 제주상수도 통합운영관리시스템 유지관리용역,servc,28
R26BK01263790_000,"주택가격비준표 특성항목 개선을 위한 2차 연구:수도권, 지방광역시 및 세종특별자치시를 대상으로",servc,52
R26BK01263794_000,2026년도 청소년수련시설 종합평가,servc,19
R26BK01263894_000,"(긴급)(가칭)에코3고등학교 교사신축 정보통신,소방공사 설계용역(계속비)",servc,40
R26BK01263907_000,2029 인빅터스 게임 유치신청서와 PT 제작 및 현장 운영 용역,servc,36
R26BK01263923_000,2026년도 지진·지진해일·화산 홍보 사업,servc,23
R26BK01263927_000,2026년 제주시 통합주차정보 제공시스템 소프트웨어 유지관리 용역,servc,36
R26BK01263948_000,"기업혁신파크(춘천, 포항) 사업성 분석 등에 관한 연구",servc,30
R26BK01263976_000,2026년 영종도 출퇴근 교직원을 위한 인천중산초 통근버스 운송용역,servc,37
R26BK01263989_000,2026년 소스데이터 공유 플랫폼(i.AM) 운영 및 유지보수 사업,servc,37
R26BK01263992_000,스마트도시 특화단지 데이터 구축,servc,17
R26BK01263997_000,2025년 교통약자 이동편의 실태조사 연구,servc,23
R26BK01264012_000,전복류 수산생물 전염병 수입위험분석,servc,19
R26BK01264019_000,2026년 보건복지부 개인정보 보호수준 현황조사,servc,26
R26BK01264040_000,2026년 법나들이 기획 및 편집,servc,18
R26BK01264168_000,차세대 국회인적자원관리시스템 2단계 구축사업,servc,24
R26BK01264215_000,1기갑여단 전술훈련장 등 8건 소규모 재해영향평가 용역,servc,30
R26BK01264233_000,지방세 재해복구시스템 구축,servc,14
R26BK01264241_000,2026년 지방행정공통시스템 유지관리,servc,20
R26BK01264256_000,2026학년도 국립공주대학교 학생 무료등교버스 운행 용역,servc,31
R26BK01264266_000,해외 생물다양성 조사 및 소재확보-동유럽 국가(2026년),servc,32
R26BK01264275_000,2027학년도 신입생 모집을 위한 입시홍보 광고대행 및 제작,servc,33
R26BK01264347_000,층간소음 이웃사이서비스 콜센터 위탁운영,servc,21
R26BK01264358_000,2026년 불법주정차 CCTV(무인교통감시장치) 유지보수 용역,servc,34
R26BK01264401_000,26~27년도 청해부대 선박모니터링시스템 유지보수 및 노후화 교체,servc,36
R26BK01264490_000,2026년 목재정보서비스 유지관리,servc,18
R26BK01264499_000,2026년 홍수대책상황실 운영관리용역,servc,20
R26BK01264510_000,국가재무제표 결산검사 업무보조 용역(2분류),servc,24
R26BK01264515_000,2026년 리더십역량강화과정 설계 및 운영 용역,servc,26
R26BK01264833_000,근현대 벽돌·모르타르 제조·제작·시공기술 실태조사,servc,27
R26BK01264871_000,2026년~2027년 정부청사 스마트헬스 플랫폼 위탁 용역,servc,32
R26BK01264891_000,2026/27 하이원리조트 여자오픈 골프대회 위탁운영 용역,servc,32
R26BK01264951_000,2025년 최소 성취수준 보장지도 지원 콘텐츠 개발 및 유지관리 사업,servc,38
R26BK01264983_000,의성군 생활자원회수센터 설치사업 감독권한대행 등 건설사업관리용역(총괄-1차),servc,42
R26BK01265001_000,증평경찰서 신축사업 건설사업관리용역(감독권한대행),servc,27
R26BK01265076_000,2026년 보세판매장 화물관리시스템 구축 고도화 사업,servc,29
R26BK01265235_000,2026년 세계HS정보시스템 DB최산화 사업,servc,24
R26BK01265623_000,2026년 디지털숲가꾸기 데이터 품질관리체계 운영,servc,27
R26BK01265631_000,2026년 울산광역시교육청 테크센터 운영 용역,servc,25
R26BK01265640_000,2026년 사법업무전산화시스템 운영 및 유지관리 사업,servc,29
R26BK01265648_000,26년도 시험검사장비(그룹C) 사후관리(영인에스티 주식회사),servc,33
R26BK01265661_000,2026년 경력단계별 역량교육 및 평가운영 위탁 용역,servc,29
R26BK01265668_000,26년도 시험검사장비(그룹C) 사후관리(써모피셔사이언티픽솔루션스 유한회사),servc,41
R26BK01265704_000,2026년도 한강수계 소유역 하천 모니터링 용역,servc,26
R26BK01265735_000,2026년 부정행위 조사센터 운영,servc,18
R26BK01265738_000,2026년 해양경찰정비창 수처리시설 위탁관리 용역,servc,27
R26BK01265768_000,2026년 우정서비스 고객만족도 조사(KPCSI) 위탁용역,servc,32
R26BK01265775_000,경남 남해경찰수련원 신설 신축사업 설계 용역,servc,24
R26BK01265780_000,26년도 국가공간정보통합플랫폼 유지관리 및 운영지원,servc,28
R26BK01265786_000,2026년 예일유치원 유아숲체험 활동을 위한 유아숲체험원 선정용역,servc,36
R26BK01265815_000,2026 연안재해 위험평가,servc,14
R26BK01265818_000,2026년도 한국에너지공과대학교 미화관리 용역,servc,25
R26BK01265838_000,2026년도 차량형검색기 고장수리 및 유지관리 사업(에이엔티코리아),servc,37
R26BK01265895_000,26년 방산메일시스템 유지보수 사업,servc,19
R26BK01265906_000,탄소중립 그린도시 통합플랫폼 및 에너지통합관제서비스 구축 용역,servc,34
R26BK01265927_000,2026년 장애인용 EPUB 3.0 접근성 지원 및 검증 사업,servc,34
R26BK01265944_000,2026년 금연길라잡이 정보시스템 통합 유지관리,servc,26
R26BK01265949_000,정보통신산업진흥원 생성형 AI 시스템 구축을 위한 ISMP 추진,servc,35
R26BK01265968_000,국립한밭대학교 전산시스템 통합운영지원 용역,servc,23
R26BK01265980_000,2026년 정보시스템 통합유지관리 사업,servc,21
R26BK01266000_000,"제주대학교 실습선(아라호,제라호) 선주상호 책임보험(p&I)가입",servc,35
R26BK01266001_000,현장 활용도 제고를 위한 나이스 기능개선,servc,22
R26BK01266040_000,2026년 생명자원정보서비스 통합 유지관리,servc,23
R26BK01266180_000,2026년 OECD 등 국제기구 보건통계 생산 및 관리,servc,30
R26BK01266330_000,2026년 남해군 재해위험지구 조기경보시스템 유지보수 용역,servc,32
R26BK01266430_000,한의약혁신기술개발사업단 한의표준임상진료지침 기반 의료정보요소 구축 연구 전문업체 선정대행 용역,servc,52
R26BK01266474_000,26년도 시험검사장비(그룹C) 사후관리(비오메리으코리아),servc,31
R26BK01266494_000,[글로컬대학30] 부산대학교 산학연구지원시스템 구축 용역,servc,31
R26BK01266529_000,2026년 문화예술자료 디지털화 및 지식정보자원 공유기반 구축 사업,servc,37
R26BK01266533_000,2026년 온라인 디지털배움터 플랫폼 운영 및 유지보수,servc,30
R26BK01266571_000,전북.경북 스마트팜 혁신밸리 실증단지 전산장비 유지관리,servc,30
R26BK01266577_000,2026년도 사회복무요원 교육생 수송차량 운송용역 계약,servc,30
R26BK01266579_000,2026년 온라인 정책홍보 사업,servc,17
R26BK01266639_000,2026 개인정보보호위원회 종합 홍보 사업,servc,23
R26BK01266672_000,2026년 CCTV 관제센터 통합유지보수 용역,servc,25
R26BK01266692_000,2026년 기업체장애인고용실태조사 용역,servc,21
R26BK01266743_000,자생생물 조사발굴 연구 원핵생물분야(2026년),servc,26
R26BK01266783_000,2026년 어린이 대상 관세청 체험시설 운영,servc,24
R26BK01266788_000,가상실험실습 학습콘텐츠 제작 5종,servc,18
R26BK01266805_000,한전KPS(주) 인재개발원 숙소동 신축공사 설계용역(제안설계공모),servc,36
R26BK01266828_000,2026년 무정전 전원설비 유지보수 용역,servc,22
R26BK01266838_000,2026년 중소기업 일자리 평가 시스템 운영 및 유지관리,servc,31
R26BK01266940_000,제54차 기상위성조정그룹 총회 행사대행 용역,servc,24
R26BK01266960_000,2026년 정책소통 역량강화 교육,servc,18
R26BK01267143_000,국회 정보시스템 휴대폰 본인인증 서비스,servc,21
R26BK01267241_000,수원보훈요양원 증축사업 안전점검 수행기관 지정 공고,servc,28
R26BK01267487_000,2026년 울진군 출생아 건강보험료 지원을 위한 보험사 선정,servc,33
R26BK01267638_000,2026 해안침수예상도 제작,servc,15
R26BK01267757_000,2026년 원내경영정보시스템 유지관리 및 운영,servc,25
R26BK01267758_000,26년 실전형 사이버훈련장 훈련과정 운영(침해사고 대응훈련),servc,33
R26BK01267772_000,2026년 일반국도변 토석류 피해우려지 실태조사 용역,servc,29
R26BK01267842_000,2026년 국세 제작 및 발송 관련 조달입찰 체결 의뢰,servc,30
R26BK01267868_000,2026년 국어사전 통합 시스템 개선 및 운영,servc,25
R26BK01268009_000,2026년 국가수자원관리종합정보시스템 유지보수,servc,25
R26BK01268013_000,중소기업제품전용판매장 현장관리 운영 용역,servc,22
R26BK01268048_000,아세안 폐기물관리 역량강화 지식공유 3차년도 연수 운영,servc,30
R26BK01268118_000,팔당물안개공원 조성사업 건설사업관리 용역,servc,22
R26BK01268204_000,2026년 해외조달시장 진출 유망기업 집중지원사업 위탁 용역,servc,33
R26BK01268228_000,2026년 주택공급통계정보시스템 유지관리 용역,servc,25
R26BK01268293_000,차량용요소 타소비축관리 용역계약(블루텍),servc,22
R26BK01268294_000,2026학년도 전북기계공업고등학교 영마이스터 글로벌 산업현장탐방 위탁용역,servc,40
R26BK01268328_000,부산해운대경찰서 청사 신축공사 건설사업관리용역,servc,25
R26BK01268359_000,26년 정보전산시스템 유지관리 계약,servc,19
R26BK01268378_000,청주공항 주기장 확장 시설공사 폐기물(폐콘크리트)처리 용역,servc,32
R26BK01268404_000,(연구용역)소바이러스설사(BVD) 농장 시료 채취 및 지속감염우 발생농장 피해도 조사,servc,47
R26BK01268523_000,캠퍼스 통합 네트워크 유지관리 사업(장기계속),servc,25
R26BK01268679_000,중앙아시아 미조사지역(국가간 접경지역) 식물자원 조사(2026),servc,35
R26BK01268729_000,2026년 단행자료 디지털화 및 지식정보자원 공유기반 구축 사업,servc,35
R26BK01268755_000,2026학년도 부산기계공업고등학교 2학년 현장체험학습(제주도) 위탁용역 중앙조달계약 입찰 요청,servc,52
R26BK01268783_000,철암분구 하수관로 정비사업 기본 및 실시설계 용역,servc,27
R26BK01268880_000,"[정보,003] ’26년 질병관리청 정보화 공통기반 운영 및 유지관리 사업",servc,41
R26BK01268912_000,절삭공구·가공 빅데이터를 활용한 첨단제조 플랫폼 SW개발,servc,31
R26BK01268927_000,26년 방위사업청 소식지 및 웹진 제작,servc,21
R26BK01269024_000,2026년도 수도권 및 강원권 수처리시설 기술진단 시료분석 용역,servc,35
R26BK01269155_000,"119 항공정비실 건립사업(토목, 조경, 기계 포함) 안전점검 수행기관 지정 공고",servc,45
R26BK01269176_000,2026~2027년 스마트도시안전 설비 통합유지보수용역,servc,30
R26BK01269177_000,2026년도 방송대학TV 송출 대행 및 분배망 임차 용역,servc,31
R26BK01269206_000,기후위기 대응 차도용 투수블록 포장 활성화 로드맵 수립 연구,servc,33
R26BK01269263_000,2026년 국가승강기정보센터 운영 위탁사업,servc,23
R26BK01269283_000,2026년도 국립기상과학원 연구실험장비 운용 지원 용역,servc,30
R26BK01269297_000,해외조달시장 수출전략기업 육성사업(2026~2027년) 용역,servc,33
R26BK01269329_000,SW 3자단가(가디언스마트안심서비스 v1.1 (커스터마이징) (주)다누시스),servc,42
R26BK01269361_000,청소년상담1388 전화상담통합관리체계 구축 ISMP 사업,servc,31
R26BK01269394_000,부산해운대경찰서 청사 신축공사 전기 감리용역,servc,24
R26BK01269426_000,2026~2027년 보건복지사이버안전센터 보안관제 위탁용역,servc,32
R26BK01269521_000,2026년 한국방송통신대학교 분장 및 코디 용역,servc,26
R26BK01269570_000,"토지가격비준표 특성항목 개선을 위한 2차 연구 : 수도권, 지방광역시 및 세종특별자치시를 대상으로",servc,54
R26BK01269604_000,2026년 선박 대기오염물질 관리시스템 통합 유지보수,servc,29
R26BK01269609_000,천안중앙고등학교 1동교사 공간재구조화사업 전기공사 감리용역,servc,32
R26BK01269614_000,AI학습용데이터 통합 제공 체계 구축 ISP,servc,24
R26BK01269820_000,2026년 국방부 영상 콘텐츠 기획·제작 용역,servc,25
R26BK01269939_000,"자생 파리목, 딱정벌레목 조사발굴 연구(2026년)",servc,28
R26BK01270184_000,2025 충남RISE 공유대학 통합관리시스템 구축,servc,27
R26BK01270329_000,2026년 성능기반항행(PBN) 비행절차 유지관리 용역,servc,30
R26BK01270353_000,2026년 범죄예방 환경개선사업 지역별 맞춤형 범죄예방 컨설팅 수행,servc,37
R26BK01270361_000,26년도 제품안전관리 강화를 위한 제품 리스크평가 연구,servc,30
R26BK01270384_000,스마트시티 챌린지시스템 통합 유지관리 용역,servc,23
R26BK01270388_000,2026년 KFN 위문열차 공연 HD중계장비 임대설치,servc,29
R26BK01270391_000,2026년 검찰 마음톡톡 프로그램 운영 사업,servc,24
R26BK01270394_000,2026년도 인천대학교 통합정보시스템 유지보수,servc,25
R26BK01270406_000,2026~2027년 한국농수산대학교 교육지원시스템 유지관리 용역,servc,35
R26BK01270436_000,2026년 맞춤배움길 서비스 운영 및 유지관리,servc,25
R26BK01270502_000,[한국소방시설협회] 정보시스템 통합유지보수,servc,23
R26BK01270514_000,2026년도 NABO 정보자원 통합유지관리사업 용역계약 요청,servc,33
R26BK01270530_000,2026년도 사립대학 회계검토 용역,servc,19
R26BK01270575_000,우리 국민과 주한미군 간 민군관계 발전을 위한 SNS 채널 및 서포터즈 운영,servc,42
R26BK01270613_000,2026년 경찰청 뉴스스크랩 라이선스 구매,servc,23
R26BK01270617_000,2026년 인천대학교 정보자원 통합 유지보수,servc,24
R26BK01270640_000,2026년 댐-하천 디지털트윈 물관리플랫폼 유지보수,servc,28
R26BK01270657_000,2026년 한국사능력검정시험 시스템 고도화 용역,servc,26
R26BK01270700_000,2026학년도 금사초등학교 및 병설유치원 통학차량 운행 용역,servc,33
R26BK01270729_000,2026년 법교육 프로그램 운영,servc,17
R26BK01270741_000,국가과학기술연구망(KREONET) 국내백본회선 구축사업,servc,30
R26BK01270762_000,상주 이차전지클러스터 일반산업단지 조성사업 재해영향평가 용역,servc,33
R26BK01270770_000,2026년 네트워크 시스템  유지관리,servc,20
R26BK01270774_000,2026년 보건의료 빅데이터 플랫폼 및 K-CURE 운영·관리 시스템 유지관리 사업,servc,46
R26BK01270820_000,왕벚나무 식물의 개화 유전자 마커 개발,servc,21
R26BK01270838_000,2026년 교육부 홈페이지 콘텐츠 유지보수 사업 용역 계약,servc,32
R26BK01270860_000,2026년 집중안전점검 추진용역,servc,17
R26BK01270861_000,고성 해양심층수 임대형 벤처공장 건립사업 감독권한대행 등 건설사업관리용역,servc,40
R26BK01270880_000,2026년도 세계법제정보센터 운영 민간위탁,servc,23
R26BK01270899_000,전세·임대보증 전자지급 결제대행(PG)사 선정,servc,25
R26BK01270915_000,(복원관리과) 2026년 복원관리과 보존·복원 장비 유지보수 사업,servc,36
R26BK01270929_000,AI 활용 진학 플랫폼 고도화 용역,servc,19
R26BK01270940_000,2026년 양방향 화상교육 프로그램 기획 및 운영 용역,servc,30
R26BK01270965_000,2026년 국어 어원사전 편찬,servc,16
R26BK01270968_000,2026년 인천운서중학교 통학버스 입찰 운행 용역,servc,27
R26BK01271210_000,2026년도 승강기 유지관리용역,servc,17
R26BK01271220_000,2026년 (주)강원랜드 재산종합보험 가입 용역,servc,26
R26BK01271231_000,2026년 학교 테크센터(서부) 운영 용역,servc,23
R26BK01271247_000,부산항공고등학교 기숙사증축공사  감독권한대행 등 건설사업관리용역(계속비),servc,40
R26BK01271257_000,2026년 제1회 대한민국 동물 월드리그 대행 용역,servc,28
R26BK01271272_000,AI 활용 진학 플랫폼 운영 유지 보수 용역,servc,24
R26BK01271300_000,2026년도 과학검색장비 고장수리 및 유지관리 사업(레이어스),servc,34
R26BK01271303_000,26년 AI 리더보드 운영 및 유지관리,servc,21
R26BK01271325_000,안동호반 레포츠시설 조성사업 기본설계 및 실시설계용역,servc,29
R26BK01271329_000,2026년도 통상교육 운영사업,servc,16
R26BK01271340_000,2026년 정보보호 역량제고 사업,servc,18
R26BK01271353_000,통합정보시스템 유지관리,servc,12
R26BK01271355_000,2026년 국립문화유산연구원 정보시스템 유지관리,servc,26
R26BK01271402_000,2026년 주소정보기본도 품질관리 지원 용역,servc,24
R26BK01271408_000,2026년도 한국사회보장정보원 채용 업무 대행 용역 사업,servc,31
R26BK01271414_000,도시침수예보 시범운영을 위한 관측시설 구축 및 운영에 관한 연구,servc,35
R26BK01271463_000,남명학사 학사종합정보시스템 및 홈페이지 구축 용역,servc,27
R26BK01271479_000,에너지전환기 전력공기업들의 새로운 역할 연구,servc,24
R26BK01271528_000,한국기술교육대학교 통학버스(서울) 위탁 운송용역,servc,26
R26BK01271555_000,농업 외국인 근로자 숙소 건립공사 감독권한대행 등 건설사업관리 용역,servc,37
R26BK01271659_000,현장 작동형 도시침수예보체계 시범 구축,servc,21
R26BK01271665_000,2026학년도 온천초등학교 학생 통학차량 임차 용역,servc,28
R26BK01271708_000,2026년도 독학학위취득시험 문제지 인쇄 및 포장,servc,27
R26BK01271716_000,2026~2027년도 한국에너지공과대학교 시설관리 용역,servc,30
R26BK01271787_000,2026학년도 거제초등학교 및 병설유치원 통학차량 임차용역 발주요청,servc,37
R26BK01271791_000,유통 생활화학제품 및 살생물제품 온라인 시장모니터링,servc,28
R26BK01271798_000,2026년도 국회도서관 메타데이터 입력사업,servc,23
R26BK01271820_000,2025년 수원시 지능형교통체계(ITS) 구축사업,servc,27
R26BK01271891_000,AI 기반 국민권익 플랫폼 구축 및 서비스 확산 BPR/ISP,servc,34
R26BK01271895_000,2026년 KFN 위문열차 공연 음향장비 설치,servc,25
R26BK01271910_000,2026년 정보시스템 통합유지관리 용역,servc,21
R26BK01271948_000,AHPND 유입 방지를 위한 사육용수 살균 시스템 개발 연구,servc,33
R26BK01271950_000,2026학년도 제주대학교 부설실습선 아라호 정기수리 용역,servc,31
R26BK01272006_000,국방건축행정시스템 재구축 사업 감리용역,servc,21
R26BK01272062_000,’26년 소상공인시장진흥공단 통합콜센터 위탁운영 용역,servc,29
R26BK01272099_000,2026년 5급 승진후보자 역량평가 과제개발 및 운영,servc,29
R26BK01272115_000,2026년 2~4분기 한국어능력시험(TOPIK) 출제본부 운영 용역,servc,37
R26BK01272149_000,한국마약퇴치운동본부 사업평가 및 재활프로그램 등 개발,servc,29
R26BK01272220_000,2026년 통합재난문자시스템 등 유지관리,servc,22
R26BK01272286_000,전북대학교 산학협력단 전자연구노트 소프트웨어 시스템 구축 사업 계약,servc,37
R26BK01272308_000,SNS 소통 활성화를 통한 HACCP 성과확산 사업,servc,28
R26BK01272331_000,혜화경찰서 신축공사 안전점검 수행기관 지정 공고,servc,26
R26BK01272331_001,혜화경찰서 신축공사 안전점검 수행기관 지정 (정정) 공고,servc,31
R26BK01272340_000,2026년 대학생을 위한 통일 특강 및 강좌 지원사업 위탁용역,servc,34
R26BK01272382_000,"새우류 전염병(AHPND, IHHN, WSD, YHD) 및 패류 전염병(Infection with P. marinus) 확정진단법 개선 연구",servc,78
R26BK01272429_000,2026년 기후변화자료 저장장치 유지관리 용역,servc,25
R26BK01272437_000,산불상황관제시스템 고도화 ISMP 수립,servc,21
R26BK01272481_000,청주공항 주기장 확장 시설공사 폐기물(폐아스콘)처리 용역,servc,31
R26BK01272521_000,호남권 소비지분산물류센터(마른김 FDC 건립) 설계용역(건축),servc,34
R26BK01272528_000,2026년도 세탁물 처리 용역 계약,servc,19
R26BK01272581_000,행정정보시스템 운영 및 유지관리(26년) 사업,servc,25
R26BK01272595_000,2026학년도 국립순천대학교 통학버스 운행 용역(여수·광양),servc,33
R26BK01272613_000,2026년 찾아가는 유아 흡연위해예방교실 및 놀이형 체험관 운영,servc,35
R26BK01272652_000,"[정책,059] 기후보건 실태조사 및 인식도 조사 기획·수행 연구",servc,36
R26BK01272827_000,제14회 통일교육주간 기획 및 운영,servc,19
R26BK01272926_000,2026년 건축행정시스템(세움터) 유지관리,servc,23
R26BK01272956_000,동래구 정보시스템 통합 유지관리 용역,servc,20
R26BK01272975_000,2026년도 과학검색장비 고장수리 및 유지관리 사업(동곡기정),servc,34
R26BK01272984_000,2026년 국가산림경영정보시스템 및 산림탄소MRV 정보시스템 운영 및 유지관리,servc,43
R26BK01273030_000,글로벌 GMP기반 제약혁신기술 도입 - 의약품 품질시스템 기반 예시모델 및 기초기술 개발,servc,49
R26BK01273062_000,2026년 IPCC 활동 강화를 위한 국내 전문가 역량 배양,servc,33
R26BK01273068_000,2026년 부산시 어린이신문 제작 및 기자단 운영 용역,servc,30
R26BK01273092_000,2026년 세월호 거치현장 관리용역,servc,19
R26BK01273113_000,「안성시 공공산후조리원 및 가공 유통지원센터 건립공사」 감독 권한대행 등 통합 건설사업관리 용역,servc,53
R26BK01273116_000,AI 기반 시장감시시스템 구축 ISP컨설팅,servc,23
R26BK01273118_000,글로벌 GMP기반 제약혁신기술 도입 - 제약 스마트공장 혁신기술 교육·컨설팅,servc,42
R26BK01273122_000,2026년도 국회도서관 원문DB 구축사업(DBⅠ),servc,27
R26BK01273132_000,2026년 순환경제성과관리 고객지원 콜센터 위탁운영,servc,28
R26BK01273187_000,제7차 특수교육발전 5개년 계획 수립 기초 연구,servc,26
R26BK01273192_000,2026년 부동산종합공부시스템 유지관리 및 운영지원,servc,28
R26BK01273204_000,보안관제 및 보안점검 용역,servc,14
R26BK01273209_000,경수로 SMR 안전조치 모사 SW 개발,servc,21
R26BK01273246_000,2026년도 입체주소 및 실내 이동경로 구축 용역,servc,27
R26BK01273281_000,2026년 통합대입상담시스템 유지관리 및 운영지원 사업,servc,30
R26BK01273286_000,2026년 정보보호 관리수준 강화 사업,servc,21
R26BK01273298_000,세류초 공간재구조화 증개축 및 리모델링 전기공사 감리용역,servc,31
R26BK01273300_000,2026년 중원구 정밀안전진단 용역(갈마치교 등 4개소),servc,31
R26BK01273322_000,2026년 승강기 사고조사 위탁사업,servc,19
R26BK01273349_000,2026년 승강기 안전관리 실태조사 사업,servc,22
R26BK01273364_000,큐넷(Q-Net) 본인확인 서비스 용역 사업,servc,24
R26BK01273432_000,2026학년도 제주대학교 부설실습선 제라호 정기 수리용역,servc,31
R26BK01273461_000,화장품 안전성 평가 기반 마련,servc,16
R26BK01273481_000,도로터널 방재·환기시설 설치 및 관리지침 개정 연구,servc,28
R26BK01273530_000,2026년 비영리민간단체 공익활동 지원사업 평가 및 교육,servc,31
R26BK01273721_000,2026 대법원 유튜브 콘텐츠 제작,servc,19
R26BK01273761_000,2026년 지자체 정보통신기반시설 정보보호 컨설팅,servc,27
R26BK01273768_000,2026년 경기도장애인복지종합지원센터 경기여행누림 특장버스 임차,servc,35
R26BK01273791_000,2026 생활안전을 더하는 공공디자인,servc,20
R26BK01273799_000,2026년 수출입화물 검사비용 지원업무 민간위탁,servc,26
R26BK01273801_000,해양조사선 6척 선박보험 및 조사장비보험,servc,22
R26BK01273816_000,2026년 평창군 지방상수도 누수탐사 용역,servc,23
R26BK01273829_000,2026년 직접구매 해외식품등 안전성 검사,servc,23
R26BK01273841_000,2026년 어장환경평가 숙련도평가 표준시료 연구개발,servc,28
R26BK01273876_000,강풍에 따른 해상교량 통행 위험정보 서비스 개발,servc,26
R26BK01273954_000,2026학년도 국제학술연구논문 교정(Edit) 지원 사업,servc,31
R26BK01273996_000,2026년도 한국도로교통공단 직원 역량강화교육 위탁,servc,28
R26BK01274168_000,2026년도 국회도서관 원문DB 구축사업(DBⅡ),servc,27
R26BK01274170_000,SMR 3D프린팅 제작지원센터 구축사업 기본 및 실시설계 용역,servc,34
R26BK01274229_000,수산생물전염병 발생 및 확산 예측 연구,servc,21
R26BK01274272_000,2025년도 문화체육관광부 기타공공기관·단체 경영실적 평가 및 2026·7년도 경영평가 편람 마련 등 위탁 용역,servc,62
R26BK01274304_000,차량용요소 타소비축관리 용역계약(케이지케미칼),servc,25
R26BK01274347_000,차량용요소 타소비축관리 용역계약(티켐),servc,21
R26BK01274351_000,검역증명서 협의 완료국 재평가 기준마련 연구,servc,24
R26BK01274410_000,경기도의회 제11대 후반기 의정정책백서 제작 용역,servc,27
R26BK01274431_000,글로벌과학기술협업연구망 국제백본회선 구축사업,servc,24
R26BK01274478_000,회전익 조종사 자체양성 위탁 비행교육,servc,20
R26BK01274511_000,2026학년도 대전혜광학교 통학버스 임차용역,servc,24
R26BK01274559_000,제9회 전국동시지방선거 선거정보시스템 운영지원사업,servc,27
R26BK01274579_000,2026년 뉴스 저작물 이용 및 스크랩 대행 사업,servc,27
R26BK01274592_000,2026년 국가정보자원관리원 백업센터 정보시스템 운영·유지 관리 사업,servc,38
R26BK01274647_000,2026년 지역일자리맵 유지관리 및 운영지원 사업,servc,27
R26BK01274802_000,고성군 농산물종합가공유통센터 신축사업 시공단계의 감독권한대행 등 건설사업관리용역,servc,44
R26BK01274869_000,안전확인대상생활화학제품 위해성평가 및 안전기준(안) 마련,servc,31
R26BK01274905_000,2026년 국립농업박물관 SNS·온라인 홍보,servc,24
R26BK01275326_000,식품별 유해오염물질 오염도 조사 Ⅰ,servc,19
R26BK01275327_000,2026년 혈액안전위탁사업,servc,14
R26BK01275334_000,2026년 통합정보자원관리시스템(지킴-e) 유지관리,servc,28
R26BK01275340_000,식품별 유해오염물질 오염도 조사 Ⅱ (제조공정 중 생성물질),servc,33
R26BK01275410_000,2026년 임상연구관리시스템 유지관리 및 운영 지원,servc,28
R26BK01275435_000,2026년 완도군 스마트관제시스템 유지보수 용역,servc,26
R26BK01275436_000,2026년 차세대 종합정보시스템 유지관리 용역,servc,25
R26BK01275440_000,2026년 NST 및 소관 출연(연) 공동클라우드 센터 구축 정보화전략계획(ISP) 수립 용역,servc,52
R26BK01275445_000,아이돌봄사 국가자격 관리시스템 구축 사업,servc,22
R26BK01275503_000,사법-치료-재활 연계 사업 개선 등을 위한 연구,servc,26
R26BK01275508_000,한국형모델 기반 파랑·폭풍해일모델 최적화 연구,servc,25
R26BK01275517_000,2026년 어장환경평가 조사·분석 용역(서·남해 권역),servc,30
R26BK01275547_000,2026년 학교 테크센터(동부) 운영 용역,servc,23
R26BK01275548_000,900톤급 하이브리드 국가어업지도선 3척 건조(잔여 공정) 책임감리용역,servc,39
R26BK01275574_000,2026년 들락날락 영어랑 놀자 프로그램 운영 용역,servc,28
R26BK01275582_000,안전실명제 도입을 위한 철도안전인력 개선방안 연구,servc,27
R26BK01275587_000,세계유산위원회 의제 분석 및 유네스코 유산 정책 대응 연구,servc,32
R26BK01275611_000,안전확인대상생활화학제품 안전ㆍ표시기준 효율화 방안 마련,servc,30
R26BK01275634_000,"2026년도 복무지도교육 새롬, 이음과정 교육운영 위탁",servc,30
R26BK01275635_000,2026년 다시 온 유성온천 드론라이트쇼 행사대행용역,servc,29
R26BK01275636_000,2026년 디지털재난관리시스템 운영관리 사업,servc,24
R26BK01275638_000,2026년 세종학당 성취도 평가 출제,servc,20
R26BK01275665_000,2026년 어장환경평가 조사·분석 용역(남·동해 및 제주 권역),servc,35
R26BK01275672_000,2026년 수원e택시 앱 운영 및 유지관리 용역,servc,26
R26BK01275673_000,2026학년도 명지초등학교 통학차량 임차용역,servc,24
R26BK01275713_000,해외 유용생물자원 심화연구(4단계 1차년도),servc,24
R26BK01275735_000,2026 무역구제 서울국제포럼 행사 대행사 선정,servc,26
R26BK01275736_000,통합보훈회관 건립사업 상주 감리용역,servc,19
R26BK01275769_000,2026학년도 원격화상 해기사 실무영어 교육 용역,servc,27
R26BK01275857_000,2026학년도 대남초등학교 통학차량 임차용역,servc,24
R26BK01275874_000,단체보험외 27종,servc,9
R26BK01275896_000,생물다양성 정책지원 현장실무 인력양성(2026년),servc,27
R26BK01275898_000,2026년 해양경찰 마음돌봄 프로그램,servc,20
R26BK01275904_000,해외조달시장 진출 맞춤형 종합지원사업(2026),servc,26
R26BK01275938_000,2026학년도 모산초등학교 통학차량 임차 용역,servc,25
R26BK01275964_000,26-27 국방통합데이터센터 기반체계 통합유지보수,servc,27
R26BK01276113_000,식용부산물 중 동물용의약품 잔류량 조사 연구,servc,24
R26BK01276262_000,(25G053-H)26-27년상호운용성지원시스템통합유지보수,servc,32
R26BK01276366_000,2026학년도 국립순천대학교 통학버스 운행 용역(광주권),servc,31
R26BK01276409_000,2026-2027 유라시아 청년 아카데미 위탁운영 용역,servc,30
R26BK01276414_000,항행안전시설 관리과학화시스템 유지관리 용역,servc,23
R26BK01276451_000,2026년 DNA 감정문서 전산화 사업(12차),servc,26
R26BK01276480_000,기구 및 용기·포장의 기준·규격 재평가,servc,21
R26BK01276595_000,2026년 경기도장애인복지종합지원센터(남부) 시설 유지관리 용역,servc,35
R26BK01276685_000,종자산업진흥센터 정보시스템 통합 유지보수 사업(2026-2027),servc,36
R26BK01276689_000,2026년 경찰관 전직지원 교육사업,servc,19
R26BK01276701_000,CBT 정보시스템 응용프로그램 유지관리 용역,servc,24
R26BK01276791_000,2026년 경기도장애인복지종합지원센터(북부) 시설 유지관리 용역,servc,35
R26BK01276877_000,개인지하수관정 자연방사성물질 실태조사사업(2026),servc,28
R26BK01276896_000,2026 한-아프리카 외교장관회의 행사대행 PCO 용역,servc,30
R26BK01276972_000,디지털서비스_팝스라인_브릿지엑스,servc,17
R26BK01277002_000,26-F-국지계기절차 및 비행안전영향평가체계 유지보수,servc,29
R26BK01277025_000,디지털서비스_유큐브_중개서비스 for 카카오엔터프라이즈(IaaS),servc,36
R26BK01277053_000,2026년 코리아 나라장터 엑스포 해외바이어 수출상담회 운영 용역,servc,36
R26BK01277128_000,2026년도 정보보호시스템 통합유지보수 용역,servc,24
R26BK01277139_000,전기통신금융사기통합대응단 신고대응센터시스템 운영관리(통합),servc,32
R26BK01277140_000,’26년 사회보장정보 통합플랫폼 유지관리,servc,22
R26BK01277605_000,2026년 유가보조금관리시스템 유지보수,servc,21
R26BK01277745_000,2026년 교원 미래교육 역량강화를 위한 콘텐츠 임대.지원 사업,servc,35
R26BK01277793_000,2026년 비전자 대통령기록물 전자화,servc,20
R26BK01277873_000,광명시 강소형 스마트도시 조성사업 친환경 배달문화 조성 용역,servc,33
R26BK01277874_000,(연구용역)가축진드기 국가 모니터링 사업,servc,22
R26BK01277876_000,2026년 도시공간정보시스템 운영 및 SW 유지관리 용역,servc,31
R26BK01277882_000,충청북도교육청 다채움 플랫폼 채움책방(구독형 전자자료) 서비스 구독 용역,servc,40
R26BK01277987_000,2026학년도 국립경국대학교 대구지역 통학버스 운행 용역,servc,31
R26BK01278032_000,2026년도 차량형 X-ray 검색기 유지보수용역,servc,27
R26BK01278073_000,26년 수사자료 분석시스템 유지관리,servc,19
R26BK01278088_000,감시종합상황실 이전 용역,servc,13
R26BK01278116_000,전송형 전자영장 집행시스템 구축 감리 사업,servc,23
R26BK01278179_000,혁신지구캠퍼스 기반시설(도로 및 운동장) 개선 실시설계용역,servc,32
R26BK01278230_000,문자 및 알림톡 메시지 발송 대행 서비스 용역,servc,25
R26BK01278249_000,2026년 통일부 정책홍보 영상제작 위탁사업,servc,24
R26BK01278307_000,2026년 연구회(NST) 및 출연(연) 채용 대행 용역,servc,31
R26BK01278323_000,2026년∼2027년 경찰 마음건강증진 프로그램,servc,26
R26BK01278324_000,26년 빅데이터 활용 분석모델 개발사업,servc,21
R26BK01278349_000,제5주년 의용소방대의 날 기념행사 용역,servc,21
R26BK01278457_000,2026년 에너지기상 맞춤형 기상정보 생산기술 개선,servc,28
R26BK01278578_000,2026년도 튼튼먹거리 탐험대 식생활 교육 프로그램 운영,servc,31
R26BK01278621_000,2026년 사회서비스 전자바우처 통합유지관리,servc,24
R26BK01278708_000,2026년 중남미 수출입 식품 안전관리 역량 강화(ODA) 사업,servc,35
R26BK01278739_000,대사증후군 위험 성인 등 영양취약계층 맞춤형 영양관리 서비스 모델 제공,servc,39
R26BK01278893_000,2026년 지식재산처 일반행정시스템 운영 및 유지관리 사업,servc,32
R26BK01278900_000,2026년 기관포털 그룹웨어 운영지원 및 유지관리 사업,servc,30
R26BK01278966_000,"부산지방법원 동부지원 청사 별관 증축공사(건축, 통신, 소방) 건설사업관리 용역",servc,44
R26BK01278968_000,2026년 소면적 재배 농산물의 농약 잔류허용기준 설정 연구,servc,33
R26BK01279027_000,가공식품 나트륨·당류 저감 제품 개발 기술 지원,servc,26
R26BK01279053_000,약물별·대상별 재활지원 프로그램 신규 개발·보급(2026),servc,32
R26BK01279084_000,26~28-N-사이버 모의훈련체계 유지보수 및 기능개선,servc,30
R26BK01279176_000,제조 AI 24 플랫폼 구축 정보화전략계획(ISP) 수립,servc,31
R26BK01279199_000,25-61 한국전력 충북본부 조달차량임차 더 뉴 투싼 HEV 4WD 제천지사 어종송,servc,46
R26BK01279896_000,글로벌 식품안전비상대응 WHO 협력센터 운영 지원,servc,27
R26BK01279905_000,2026년 식문화 개선 컨설팅 지원 사업,servc,22
R26BK01279965_000,수산용의약품의 안전사용기준 설정 품종확대 연구,servc,25
R26BK01279984_000,2026년 인공지능 문화정보 큐레이팅봇 유지보수 및 운영 용역,servc,34
R26BK01279995_000,2026년도 부산대학교 시설물 유지관리 용역,servc,24
R26BK01280009_000,2026년 강진군 CCTV 통합관제센터 시스템 유지관리 용역(협상에 의한 계약),servc,44
R26BK01280033_000,2026년 전자정부 성과관리 지원용역,servc,20
R26BK01280042_000,2026년 1365자원봉사·기부통합관리시스템 유지관리,servc,29
R26BK01280052_000,ICT R&D 연구개발성과 기술실시 현황 및 사용 실적 조사,servc,33
R26BK01280073_000,2026년 국가형사사법기록관 형사기록 DB구축 사업,servc,28
R26BK01280080_000,2026년도 국회 개방행사 대행 용역,servc,20
R26BK01280089_000,2026학년도 부산기계공업고등학교 교내 경비 용역,servc,27
R26BK01280203_000,2026 기후변화 대응 장기 해수면‧해양환경 변동 분석 및 전망,servc,35
R26BK01280219_000,수영구 정보시스템 통합유지관리(장기계속 1차),servc,25
R26BK01280274_000,위험기상 분석지원을 위한 레이더 사이트 관측 공백 및 강수장 보정 기술 개발,servc,42
R26BK01280301_000,지진해일 조기탐지 및 상세예측 기술 개발,servc,22
R26BK01280327_000,「2026년 충청북도 유튜브 영상 제작 및 홍보」 용역,servc,30
R26BK01280438_000,스마트업무시스템 스토리지 재구성 및 데이터 이관,servc,26
R26BK01280495_000,수치모델을 이용한 태풍 주변 환경 영향 연구,servc,24
R26BK01280516_000,「2026년 책 읽기 도움자료」제작 사업 계약 의뢰,servc,28
R26BK01280533_000,2026년 유기가공식품 동등성 인정협정 대응지원 연구,servc,29
R26BK01280540_000,2026년 전북테크센터 운영 용역[긴급],servc,22
R26BK01280627_000,제2기 산단지역 유해대기오염물질 배출실태 조사(IV),servc,29
R26BK01280632_000,3차원 모델을 통한 온실가스 주요 배출지역 추정 연구(Ⅲ),servc,32
R26BK01280654_000,녹색분류체계(Taxonomy) 정보공개 컨설팅 운영,servc,28
R26BK01280660_000,2026년도 직업능력개발훈련 심사평가 수요자만족도 조사용역,servc,32
R26BK01280688_000,2026년 중앙소방학교 조경관리용역,servc,19
R26BK01280738_000,수산생물 수입위험분석 지역화 평가기법 연구,servc,23
R26BK01280789_000,2026년 국립소방연구원 정보통신시스템 유지관리 용역,servc,29
R26BK01280995_000,2026 국토교통기술대전 대행,servc,16
R26BK01281035_000,2026년 국방 전파업무 지원 용역사업,servc,21
R26BK01281040_000,차세대 교통경찰업무관리시스템(TCS) 구축 ISP 사업,servc,30
R26BK01281067_000,2026학년도 국립경국대학교 경북지역 통학버스 운행 용역,servc,31
R26BK01281117_000,2026년 한국어능력시험(TOPIK) 국외 문답지 해외특송 용역,servc,35
R26BK01281175_000,2026학년도 DSC공유대학(대전형공유대학) 온라인 콘텐츠 개발 용역,servc,38
R26BK01281220_000,2026년 IPCC 대응 방안 연구,servc,19
R26BK01281222_000,2026년 디지털 기반 시설물 안전관리시스템 유지보수 용역,servc,32
R26BK01281273_000,인공지능(AI)기반 심사분석 지원시스템 구축 ISP사업,servc,30
R26BK01281306_000,2026년 관할해역 해양관측정보 종합분석,servc,22
R26BK01281312_000,SW 3자단가(CruzAPIM v1.0 (유지관리) (주)디리아),servc,36
R26BK01281376_000,AI기반 학력진단시스템ㆍ국가기초학력지원포털 구축 2차 사업,servc,32
R26BK01281451_000,옥천군 정보시스템 통합유지보수 용역,servc,19
R26BK01281522_000,기후변화 영향 진단용 국지모델 평가 및 보급용 테스트베드 개발 1차년도,servc,39
R26BK01281524_000,그린스마트 미래학교 홍성공고 임대형 민자사업(BTL) 건설사업관리용역(감독권한대행),servc,46
R26BK01281528_000,2026년 모바일 헬스케어 플랫폼 인프라 유지관리,servc,27
R26BK01281568_000,2026년 KFN 위문열차 공연 진행/분장/의자설치 등,servc,30
R26BK01281574_000,2026년 재정경제부 디지털소통(SNS) 등 온라인 정책홍보,servc,33
R26BK01281600_000,2026년 자기주도적 학습 위탁 운영 용역,servc,23
R26BK01281615_000,"자생 벌목, 나비목 조사발굴 연구(2026년)",servc,25
R26BK01281623_000,2026년 태풍현업시스템 개선,servc,16
R26BK01281625_000,2026년 한국폴리텍대학 온라인 홍보 및 콘텐츠 제작 용역,servc,32
R26BK01281666_000,2026년 슈퍼컴퓨터 전용노드 임차,servc,19
R26BK01281693_000,629돌 세종대왕 나신 날 기념행사 대행 용역,servc,25
R26BK01281754_000,자생생물 조사.발굴 연구 무척추동물분야(2026년),servc,28
R26BK01281770_000,2026년 연구용역사업(지능형 레이더 통합 분석 및 예측 기술 개발),servc,38
R26BK01281776_000,AI 활용 생물다양성교육 영상 제작 배포,servc,22
R26BK01281802_000,2026년 IPCC AR6 보고서의 국내외 기관 정책반영·확산,servc,34
R26BK01281804_000,유통 생활화학제품 및 어린이용품 시장감시단 운영,servc,26
R26BK01281893_000,2026년 적극적 고용개선조치 지원사업 위탁계약,servc,26
R26BK01282066_000,지구대기감시장비 유지보수 용역(2026~2028년),servc,28
R26BK01282070_000,중앙경찰학교 교육생 스마트 단말기(200대) 임차 사업,servc,30
R26BK01282072_000,2026년 CCTV 통합관제센터 유지보수 용역,servc,25
R26BK01282121_000,2026년 국민안전교육플랫폼 유지관리 사업,servc,23
R26BK01282141_000,중증 약물 이상반응 환자등록체계 구축 및 운영,servc,25
R26BK01282155_000,2026년도 비축물자 운송용역,servc,16
R26BK01282170_000,2026년도 한국재정정보원 채용대행용역,servc,21
R26BK01282189_000,개인정보 보호 교육 운영 및 이용 활성화,servc,22
R26BK01282273_000,26년 서민금융진흥원 본인확인 서비스,servc,20
R26BK01282417_000,KPS 제1위성관제센터 연구시설 구축 기본 및 실시설계용역,servc,32
R26BK01282514_000,2026학년도 죽성초등학교 및 병설유치원 통학차량 임차용역 의뢰,servc,35
R26BK01282838_000,2026-2027년 전산장비 유지관리(장기계속1차/2차),servc,31
R26BK01282861_000,태풍 분석 및 예보 생산을 위한 해양 관측자료 활용 연구,servc,31
R26BK01282910_000,2026년 주요정보통신기반시설 등 취약점 분석·평가 용역,servc,31
R26BK01282914_000,2026년 국가공역종합관리시스템(NAIMS) 유지관리 용역,servc,32
R26BK01282939_000,경찰대학 AI기반 통합 교육행정 플랫폼 ISP 용역,servc,28
R26BK01282945_000,2026년 인천대학교 학산도서관 정보자원 통합 유지보수,servc,30
R26BK01282960_000,2026~2027학년도 전산정보자원 통합유지보수 사업,servc,29
R26BK01282977_000,울산과학기술원 융합형 AI 인재 양성 교육 용역,servc,26
R26BK01283085_000,2026 유성온천문화축제 행사대행용역,servc,20
R26BK01283107_000,2026학년도 철마초등학교 통학차량운행용역 입찰 의뢰,servc,29
R26BK01283131_000,2026학년도 대전해든학교 학생 통학버스 임차 용역,servc,28
R26BK01283134_000,2026년 개인정보 보호수준 강화사업,servc,20
R26BK01283150_000,26-31년 무인교통단속장비 무선망 이동통신사 선정 사업,servc,31
R26BK01283190_000,2026년 KFN 위문열차 공연 무대장비 임대 설치,servc,28
R26BK01283230_000,2026학년도 학장초등학교 통학버스 임차용역,servc,24
R26BK01283305_000,2026년도 GN-home 플랫폼 기술지원 및 서비스 유지관리 용역,servc,37
R26BK01283318_000,한경국립대학교 정보시스템 통합유지관리 용역사업,servc,25
R26BK01283320_000,[긴급]세류초 외 1교(수원신곡초) 공간재구조화 증개축 및 리모델링 소방공사 감리용역[계속비],servc,52
R26BK01283340_000,「2026 글로벌 오픈이노베이션 위크 - 바이오헬스 위탁 운영」,servc,35
R26BK01283341_000,식품첨가물의 기준·규격 재평가,servc,16
R26BK01283373_000,2026년 시각장애인용 데이지자료(전문) 제작사업,servc,27
R26BK01283390_000,26년 사이버보안 취약점 진단사업,servc,18
R26BK01283407_000,2026년 세종특별자치시 누리집 통합 유지관리 사업,servc,28
R26BK01283473_000,2026년 제품안전 교육·홍보 운영 사업,servc,22
R26BK01283491_000,한국도로교통공단 어린이집 위탁 운영,servc,19
R26BK01283646_000,2026년 지식재산처 전산자원 유지관리 사업,servc,24
R26BK01283745_000,2026학년도 월평초등학교 통학차량 임차용역,servc,24
R26BK01283811_000,2026학년도 석포초등학교 학생통학버스 계약 요청,servc,27
R26BK01283813_000,2026년 1318 책벌레들의 도서관 점령기 사업 위탁운영,servc,32
R26BK01283821_000,2026년 헌법재판소 조경관리용역,servc,18
R26BK01283925_000,2026년 항공지도 제작 및 자료 최신화 사업,servc,25
R26BK01283956_000,2026년 범부처 통합연구지원시스템 (IRIS) 인프라 운영·유지보수,servc,38
R26BK01283960_000,2026~2027년도 K2Base 유지관리 사업,servc,26
R26BK01283987_000,2026학년도 구평초등학교 통학차량 운행(임차)용역 계약 의뢰,servc,34
R26BK01284019_000,소규모 산림사업장 안전보건관리체계 구축 지원,servc,24
R26BK01284052_000,2026년 지능형 산림항공 운항안전시스템 운영 및 유지관리,servc,32
R26BK01284176_000,2026년 범부처 통합연구지원시스템(IRIS) 유지관리 및 기능개선,servc,37
R26BK01284205_000,2026학년도 대전원명학교 통학차량 임차용역,servc,24
R26BK01284267_000,제설제용 염화칼슘 재고순환관리 용역계약(해천케미칼),servc,28
R26BK01284274_000,26-31년 경기도북부청 정보통신서비스 사업자 선정 계약,servc,31
R26BK01284285_000,(5차)전과정목록 전면개편 및 국제플랫폼 등록,servc,25
R26BK01284343_000,제설제용 염화칼슘 재고순환관리 용역계약(제일트레이딩),servc,29
R26BK01284359_000,2026년 인천남동 통합관제센터 소프트웨어 통합 유지보수 용역,servc,34
R26BK01284378_000,제설제용 염화칼슘 재고순환관리 용역계약(지오에코텍),servc,28
R26BK01284380_000,2026년 의료취약지 원격협진시스템 유지관리,servc,24
R26BK01284389_000,주례중학교 등 2교(동궁초) 다목적강당증축공사 감독권한대행 등 통합건설사업관리용역(계속비),servc,50
R26BK01284401_000,26~28-N-컴퓨터체계 통합유지보수,servc,20
R26BK01284428_000,대발생 곤충의 저감기술 및 예측모델 개발(2026년),servc,29
R26BK01284430_000,2026년 영업자 식품안전관리 지원사업,servc,21
R26BK01284433_000,주택가격비준표 특성항목 개선을 위한 2차 연구_지방 도 지역을 대상으로,servc,39
R26BK01284434_000,행정안전부 2026년 국정과제 및 주요정책 홍보 사업,servc,29
R26BK01284454_000,지하수 미규제 오염물질 통합수질조사(2026),servc,25
R26BK01284475_000,한국발명진흥회 대표홈페이지 재구축 및 클라우드 이관 사업,servc,31
R26BK01284496_000,전라남도경찰청 경찰정보통신망 사업자 선정,servc,22
R26BK01284521_000,2026년 공공도서관 건립·운영 활성화 지원,servc,24
R26BK01284527_000,2026년도 보세판매장 화물관리시스템 구축 고도화 감리 사업,servc,33
R26BK01284532_000,(구)약수초등학교 본관동 부분철거공사 건설폐기물처리용역(중간처리)-계속비,servc,40
R26BK01284539_000,(26F002-B)GOP 및 해강안소초 찾아가는 문화공연 용역,servc,34
R26BK01284544_000,2026~2030년 소방 교육훈련 관리시스템 클라우드 운영관리 용역,servc,37
R26BK01284556_000,소년원 원격진료시스템 구축사업,servc,16
R26BK01284578_000,센서 측정 및 머신러닝을 활용한 온실가스 배출 감시 기법 개발,servc,34
R26BK01284583_000,"[정책,057] 제2차 기후보건영향평가 기획 및 수행",servc,29
R26BK01284620_000,개관 10주년 기념전시 봄의 선언 전시 작품 운송 용역,servc,30
R26BK01284664_000,2026년 예보시스템 개선,servc,14
R26BK01284673_000,2026년 광릉숲 정원벨트 운영·관리 위탁용역,servc,25
R26BK01284689_000,글로벌 GMP 규정 동향 분석 기반 제조·품질관리 규제조화 이행방안 연구,servc,40
R26BK01284710_000,울산시 UAM 통합실증 테스트베드 인프라조성 토목공사 감독권한대행 등 건설사업관리 용역,servc,48
R26BK01284722_000,국가출하승인 특수실험실 유지관리 용역사업,servc,22
R26BK01284754_000,2026학년도 대전가원학교 통학버스 임차용역,servc,24
R26BK01284769_000,2026년도 재난안전통신망 A사업구역 운영 및 유지관리,servc,30
R26BK01284787_000,탄소중립 국민기술제안 지원사업,servc,16
R26BK01284829_000,2026년도 재난안전통신망 C사업구역 운영 및 유지관리,servc,30
R26BK01284889_000,2026년 한국보건의료정보원 직원채용 업무 대행 용역,servc,29
R26BK01284898_000,2026년 수원시 도시계획정보 DB 현행화 용역,servc,26
R26BK01284914_000,2026년도 전북대학교 승강기 유지관리 용역,servc,24
R26BK01284939_000,2026년 찾아가는 해외 B2B 도서전 개최 대행 용역,servc,30
R26BK01284944_000,미륵사 목탑 실감형 콘텐츠 제작,servc,17
R26BK01284950_000,2026학년도 국립강릉원주대학교부설유치원 어린이통학버스 임차용역,servc,35
R26BK01284952_000,생활화학제품 안전성조사 및 위반의심제품 조사 지원,servc,27
R26BK01285004_000,2026년도 사회복무요원 교육수송차량 계약,servc,23
R26BK01285092_000,2026년 나이스 중앙상담센터 위탁운영,servc,21
R26BK01285218_000,2026년 사업장폐기물 정밀 실측 및 시료 채취 분석 위탁,servc,32
R26BK01285309_000,2026년 환자안전활동 국민 참여 활성화,servc,22
R26BK01285592_000,"2026년도 식품진흥원 전산자원, 플랫폼 통합 운영 및 유지관리 용역",servc,38
R26BK01285611_000,고양창릉 S-3BL 및 S-4BL 아파트 건설공사 시공단계 감독권한대행 등 (통합)건설사업관리용역,servc,54
R26BK01285618_000,2026년 국방부 온라인홍보 용역,servc,18
R26BK01285619_000,2026년 울산국가산단 통합안전관리센터 관제 위탁 용역,servc,30
R26BK01285628_000,26년 군정찰위성 해외지상국 활용 서비스 용역,servc,25
R26BK01285643_000,의정부법조타운 S-2BL 및 S-3BL 아파트 건설공사 시공단계 감독권한대행 등 통합 건설사업관리용역,servc,56
R26BK01285667_000,"[정책,043] 병원발생 패혈증 심층조사 및 중증 패혈증 관리기반 정립",servc,39
R26BK01285673_000,2026년 정보보호 업무지원시스템 유지보수 용역,servc,26
R26BK01285693_000,사료작물 종자 생산단지 구축 타당성 조사 및 계획 수립,servc,30
R26BK01285698_000,2026년 식품안전관리 감시인력 역량 제고,servc,23
R26BK01285704_000,2026년 연구용역(북태평양고기압 특성 및 상호작용 이해를 위한 기반 연구) 계약,servc,45
R26BK01285734_000,해양정보 활용시스템 유지관리,servc,15
R26BK01285780_000,2026년 K-북 저작권 마켓 개최 대행 용역,servc,25
R26BK01285784_000,2026년 청소년종합실태조사,servc,15
R26BK01285788_000,2026년 개인정보보호 보호수준 제고 컨설팅 사업 계약,servc,30
R26BK01285843_000,2026년 건강기능식품 기능성 원료 재평가,servc,23
R26BK01285900_000,2026년 한국해양교통안전공단 직원채용 대행 용역,servc,27
R26BK01285910_000,2026년 온라인 시정 모니터링 분석 용역,servc,23
R26BK01285998_000,2026년 전문기관 정보보안 개인정보보호 역량 강화를 위한 정보화 용역,servc,39
R26BK01286027_000,2026년도 행정정보시스템 유지보수,servc,19
R26BK01286049_000,2026년도 비료 품질검사 위탁분석,servc,19
R26BK01286106_000,2026학년도 전남대학교 사업장비배출시설계폐기물 처리용역,servc,31
R26BK01286111_000,형사사법정보시스템 AI 모델 개발 ISP 사업,servc,25
R26BK01286127_000,용아초 교사 증축공사 감독권한대행 등 건설사업관리용역,servc,29
R26BK01286184_000,국가지속가능발전연구센터 지정·운영 위탁사업,servc,23
R26BK01286189_000,경상북도 농업기술원 건립공사(전기) 감리용역,servc,24
R26BK01286220_000,2026년 충남소방본부 소방정보통신시스템 통합 유지보수 용역,servc,33
R26BK01286223_000,2026년 아산시 지적정보시스템 통합 유지관리 용역,servc,28
R26BK01286328_000,2026학년도 충남도립대학교 취업컨설팅 용역,servc,24
R26BK01286352_000,역사문화권 정비 2차 5개년 기본계획 연구,servc,23
R26BK01286546_000,2026년 소상공인 빅데이터 플랫폼 운영 및 유지관리 용역,servc,32
R26BK01286757_000,2026년 항공정보통합관리(AIM) 시스템 유지관리 용역,servc,31
R26BK01286763_000,2026년 제주경찰청 청사 시설관리 용역,servc,22
R26BK01286768_000,2026년 취약계층 실내환경 진단ㆍ측정 및 컨설팅,servc,27
R26BK01286773_000,2026년 VR 활용 독서토론 프로그램 보급,servc,24
R26BK01286807_000,전송형 전자영장 집행시스템 구축 PMO,servc,21
R26BK01286820_000,"[정책,060] 국가 감염병 병상 등 의료대응체계 운영 전략 마련 연구",servc,39
R26BK01286864_000,2026년 국회 정책세미나 요약영상 제작 용역,servc,25
R26BK01286888_000,실내공기질 및 악취분야 숙련도 시험(2026),servc,25
R26BK01286906_000,2026년도 전산소프트웨어 통합유지보수 용역사업,servc,26
R26BK01286974_000,2026년 민주평통 정기간행물(기관지 평화통일) 제작 발간,servc,32
R26BK01286982_000,"서울대학교 인문대 5,6,7동 증축공사 건설폐기물 처리용역(총차 및 장기1차)",servc,43
R26BK01287012_000,2026년 문화셈터 운영 및 유지관리,servc,20
R26BK01287042_000,2026학년도 강남영상미디어고 통학버스 임차,servc,24
R26BK01287116_000,지능형 통합보안관제센터 구축 ISP,servc,19
R26BK01287123_000,법원실무제요(민사소송) 2차 발간,servc,18
R26BK01287140_000,2026년도 재난안전통신망 B사업구역 운영 및 유지관리,servc,30
R26BK01287151_000,국립종자원 정보시스템 통합 유지관리 사업,servc,22
R26BK01287162_000,2026년 사법연수원청사 조경관리용역,servc,20
R26BK01287274_000,2026년 나라통계 기반의 통계생산시스템 신규 구축 사업,servc,31
R26BK01287387_000,2026년 개인정보 보호센터 운영,servc,18
R26BK01287463_000,대학 전산 인프라 통합유지보수 용역,servc,19
R26BK01287484_000,2026년 공연장 운영스탭 용역,servc,17
R26BK01287545_000,2026년 대구형 블록체인 메인넷 유지보수 및 기술지원 용역,servc,33
R26BK01287638_000,출입국정보화센터 이전 및 클라우드 전환 사업 조달계약 요청,servc,32
R26BK01287820_000,72정 인양 방법 및 비용 산출을 위한 연구,servc,24
R26BK01287843_000,첨단 기술의 활용성 및 현장 적용성확대를 위한 고도화 사업,servc,32
R26BK01287863_000,2026년 소상공인시장 경기동향(BSI) 조사,servc,25
R26BK01287884_000,한반도 국지지진규모식(ML) 개선 및 고도화 기술개발,servc,29
R26BK01287915_000,초단기 분석 및 예측체계의 구름 및 강수 과정 개선 연구,servc,31
R26BK01287982_000,메탄자화균을 이용한 생물학적 메탄 저감 연구(3차년도),servc,30
R26BK01287986_000,고해상도 전지구 한국형모델 물리과정 진단 및 개선(II),servc,31
R26BK01288014_000,"수질, 먹는물, 폐기물, 토양 분야 숙련도 시험 표준시료 제조(2026)",servc,40
R26BK01288154_000,상수도 미보급지역 안심지하수 수질조사(2026),servc,26
R26BK01288215_000,임차차량 [전략경영부],servc,12
R26BK01288222_000,회진항 정비공사 건설폐기물처리용역,servc,18
R26BK01288458_000,"탑천, 익산천 지방하천 정비사업 감독권한대행 등 통합건설사업관리용역",servc,37
R26BK01288467_000,2026년 재정경제부 영상제작 및 유튜브 운영,servc,25
R26BK01288478_000,2026년 부산지방우정청 우편차량 자동차보험 통합가입,servc,29
R26BK01288492_000,26년 e-MU 학위취득 지원체계 유지보수사업,servc,25
R26BK01288499_000,2026년 오산시 원어민 화상영어 교육 운영 용역,servc,27
R26BK01288559_000,지사중학교 교사증축공사 건설폐기물처리용역,servc,22
R26BK01288563_000,2026년 부동산거래관리시스템 유지보수,servc,21
R26BK01288593_000,[일반용역/중앙] 대규모 언어 모델 기반 코호트 성과 활용 프로세스 구축,servc,40
R26BK01288613_000,2026년 KLID 클라우드 보안관제 운영,servc,23
R26BK01288767_000,2026년 민원서비스 종합평가 용역 계약,servc,22
R26BK01288780_000,AI 리터러시 및 AI+X 역량 향상 이러닝 과정 개발,servc,30
R26BK01288784_000,환경기초시설 운영비 및 설치비 지원 방안 효율화,servc,26
R26BK01288798_000,우정사업용 공용차량 자동차보험 계약(경인지방우정청),servc,28
R26BK01288810_000,2026년도 중요기록물 전산화(DB) 사업,servc,23
R26BK01288813_000,광주광역시 교통신호제어시스템 무선통신망 사업자 선정,servc,28
R26BK01288839_000,신장2동 행정복합문화센터 건립 건설사업관리 용역,servc,26
R26BK01288840_000,기후예측-분석 통합시스템 개선(Ⅳ),servc,19
R26BK01288841_000,의료기기 품질관리 국제기준 도입을 위한 기술지원,servc,26
R26BK01288854_000,2026년 디지털 트윈국토 서비스 기반 구축(5차),servc,28
R26BK01288872_000,2026~2027년 온라인 공연유통플랫폼 고도화 및 유지보수,servc,33
R26BK01288924_000,2026년 해양영토 이용실태 원격조사,servc,20
R26BK01288991_000,생물기후 연구 전문인력 양성(2026년),servc,22
R26BK01289010_000,이주단지 조성사업(가덕지구) 문화재 발굴조사 용역,servc,27
R26BK01289023_000,화장품 안전성 평가 제도 도입 지원,servc,19
R26BK01289038_000,2026년 국가과학기술연구회 온라인 통합 홍보,servc,25
R26BK01289063_000,생물다양성 교육 현장 인력 양성(2026년),servc,24
R26BK01289091_000,ISMS-P 인증심사 보안점검 수행 지원,servc,22
R26BK01289100_000,2026년 고문헌(근대자료) 원문 텍스트 데이터베이스 구축 사업,servc,35
R26BK01289343_000,2026년 화장품 분야 특별검사 위탁사업,servc,22
R26BK01289361_000,해양과학기지 기반 해양환경 연속 관측체계 구축 및 데이터 인문사회 융복합 연구(Ⅰ),servc,46
R26BK01289510_000,해양과학기지 활용 관측-모델-위성 융합 해양기후 생지화학 감시 전망 연구(Ⅰ),servc,43
R26BK01289526_000,고속도로 휴게소 운영구조 개편 방안 마련 연구,servc,25
R26BK01289550_000,"인천숭의초 외 2교(신광초, 도화초)공간재구조화 증개축공사 건설사업관리용역(계속비)",servc,46
R26BK01289552_000,인체조직 기증자 혈액검사 지원 사업,servc,19
R26BK01289592_000,2026년 사무이양정보시스템 유지관리 사업,servc,23
R26BK01289607_000,2026~2027년 전라남도 인재개발원 네트워크 및 방송시설 유지보수 용역,servc,41
R26BK01289678_000,2026년 청년정책 소통·홍보 용역,servc,19
R26BK01289794_000,통합 비밀관리시스템 노후장비 교체 및 고도화,servc,24
R26BK01289859_000,제9회 전국동시지방선거 국제선거참관 프로그램 참가자 숙박 등 용역,servc,36
R26BK01289894_000,(26F001-I)육군영상콘텐츠제작(리얼병영체험관찰예능),servc,31
R26BK01289901_000,캠프 마켓 D구역 석면조사 및 철거공사 실시설계,servc,26
R26BK01289908_000,2026년 도서관과 함께 책 읽기,servc,18
R26BK01289935_000,26~27년 국세청 엔티스 운영 및 유지관리 사업,servc,27
R26BK01289968_000,e-Page SAFER Web DRM Pack for CrossOS V2.5(커스터)_제3자단가(마크애니),servc,59
R26BK01289994_000,SNS 부당광고 방지를 위한 모니터링 및 자율적 법 준수 문화 확립 방안 연구,servc,43
R26BK01290067_000,2026년 해양위성정보 종합분석 및 활용지원,servc,24
R26BK01290095_000,SW 3자단가(Screen SAFER v3.0 (커스터마이징) (주)마크애니),servc,43
R26BK01290108_000,2026년 해외 뉴스 모니터링 용역,servc,19
R26BK01290150_000,2026~2027년도 충남대학교 정보시스템 통합 유지보수,servc,31
R26BK01290154_000,2026년 도시활력증진지역개발사업 운영관리 위탁,servc,26
R26BK01290160_000,SW 3자단가(AI방송통합제어솔루션 v11.0 (유지관리) (주)티노),servc,39
R26BK01290163_000,SW 3자단가(AI방송통합제어솔루션 v11.0 (커스터마이징) (주)티노),servc,41
R26BK01290425_000,2026년 공공데이터 및 데이터기반행정 활성화 컨설팅 사업,servc,32
R26BK01290495_000,2026학년도 경북대학교 상주캠퍼스 학생 통학버스 임차용역,servc,32
R26BK01290546_000,2026학년도 제주대학교 부설실습선 제라호 정기수리용역,servc,30
R26BK01290614_000,원격훈련 모니터링시스템  유지관리 및 훈련 DB 분석 용역,servc,32
R26BK01290751_000,2026년 대기환경 교육프로그램 통합 운영 용역,servc,26
R26BK01290793_000,가은 및 산북 대하지구외 분류식 오수관로 설치공사 지하매설물(GIS) DB구축 용역(총괄),servc,50
R26BK01290812_000,HRD4U 정보시스템 유지관리 용역,servc,19
R26BK01290842_000,2026년 진주미래인재학습지원센터 화상영어프로그램 운영 용역,servc,33
R26BK01291260_000,정읍 학생복지회관 리모델링 및 도서관 증축공사 건설사업관리용역,servc,34
R26BK01291309_000,통일방송 콘텐츠 넘어온 김에 전국일주 2 제작 용역,servc,28
R26BK01291352_000,2026년 한강 사계 체험 프로그램 운영,servc,22
R26BK01291472_000,2026년 국토교통부 국유재산관리시스템 운영·유지관리 용역,servc,32
R26BK01291475_000,통합 홈페이지 유지관리 및 기능개선,servc,19
R26BK01291514_000,2026년 수중유산조사선 누리안호 선체 기관 정기 수리,servc,30
R26BK01291541_000,2026년 학교 흡연예방·금연 교육 프로그램 운영,servc,27
R26BK01291545_000,2026년 온누리 미디어교육 및 강사 사무국 위탁 운영 용역,servc,33
R26BK01291583_000,2026년 소비자감시원 운영,servc,15
R26BK01291724_000,2026년도 신기술(NET) 인증평가 사업,servc,23
R26BK01291731_000,제15회 국가통계발전포럼 행사대행 용역 사업,servc,24
R26BK01291764_000,(긴급)(가칭)에코3고등학교 교사신축 전기공사 설계용역(계속비),servc,35
R26BK01291765_000,2026년도 신제품(NEP) 인증평가 사업,servc,23
R26BK01291800_000,2026년도 청년정책통합플랫폼(온통청년) 유지관리 사업,servc,30
R26BK01291803_000,26년 수문관측설비 유지관리 용역,servc,18
R26BK01291817_000,2026학년도 유아학비지원시스템(e-유치원) 유지관리,servc,29
R26BK01291857_000,2026년 기후위기대응 권역별 포럼,servc,19
R26BK01291963_000,‘26년 교정공무원 직무스트레스 관리 프로그램 용역,servc,28
R26BK01292023_000,2026년 재단정보시스템 통합유지관리,servc,20
R26BK01292054_000,2026. 스마트기기 전담 테크매니저 운영 용역,servc,26
R26BK01292123_000,지구대기감시자료 품질관리 기술 개발,servc,19
R26BK01292188_000,2026년 실시간 이안류 감시체계 연계(SW),servc,25
R26BK01292196_000,26-F-분석모델 운영사업,servc,14
R26BK01292234_000,「호흡기센터 건립사업」통신공사 감리 계약,servc,22
R26BK01292257_000,2026년 국립목포해양대학교 정보시스템 유지보수 용역,servc,29
R26BK01292279_000,2026년 복합전시관 전시 유지관리 용역,servc,22
R26BK01292311_000,근로복지공단병원 차세대 통합의료정보시스템 구축을 위한 BPR/ISP 수립사업,servc,42
R26BK01292340_000,2026년 AEO 심사 지원 업무 위탁사업,servc,23
R26BK01292359_000,2026학년도 전남대학교 여수캠퍼스 사업장 생활계폐기물 처리 용역,servc,36
R26BK01292651_000,2026년도 디지털 재난관리업무 위탁 용역사업,servc,25
R26BK01292668_000,의료기기 GMP 상호인정 기반 마련을 위한 MDSAP 가입추진,servc,34
R26BK01292680_000,2026년 서울지방우정청 우정사업용 공용차량 자동차보험 일괄가입,servc,35
R26BK01292762_000,2026년 기후변화과학 이해확산 용역 사업,servc,23
R26BK01292879_000,2026년 A그룹 안보전문강사 초빙교육,servc,21
R26BK01292891_000,2026년도 직장인단체보장보험,servc,16
R26BK01292958_000,26년 자동차융합기술원 상용차 고속자율주행 평가 시설 운영 지원 용역,servc,38
R26BK01293012_000,2026년도 뉴스저작물 통합이용프로그램 계약,servc,24
R26BK01293209_000,국세청 개청 60주년 기념식 행사,servc,18
R26BK01293389_000,「2026년 비료 시험연구기관 이화학적분석 정도관리」용역,servc,31
R26BK01293416_000,체험형 마약 예방교육 프로그램 제작·배포,servc,22
R26BK01293496_000,방선균 유래 원료의약품의 바이오 전략 소재화 연구(3차년도),servc,33
R26BK01293501_000,인공지능을 활용한 자생식물의 항바이러스 유용물질 탐색(2차년도),servc,35
R26BK01293506_000,백제역사유적지구 전시회 개최,servc,15
R26BK01293507_000,[소비안전과] 2026년 농산물 중 생물독소류 모니터링 위탁사업,servc,35
R26BK01293513_000,배출권거래제 3기 제5차 이행연도 추가 할당 및 취소 적절성 검토 지원,servc,39
R26BK01293518_000,2026년 해양위성정보 품질관리 체계 고도화,servc,24
R26BK01293526_000,인니 국가해양관리를 위한 한국 정지궤도위성 활용기반 구축,servc,31
R26BK01293533_000,2026년 경기도의회 소셜TV 영상매체 운영·제작 용역,servc,30
R26BK01293539_000,2026년 해저지형표면(S-102) 구축 및 유지관리,servc,29
R26BK01293545_000,2026년 경기도의회 소셜방송 LIVE의회 운영 용역,servc,29
R26BK01293554_000,2026년 무역항 해양정보 서비스 개선,servc,21
R26BK01293572_000,2026년 수산물 인증·등록제도 홍보,servc,20
R26BK01293669_000,PLS 대응 동물용의약품의 잔류허용 및 사용기준 연구,servc,29
R26BK01293675_000,수산용의약품 인·허가를 위한 백신검정 개선 및 시험동물의 표준화 연구,servc,38
R26BK01293677_000,기후변화 대응 수산용 항균제 안전사용기준 마련 연구,servc,28
R26BK01293678_000,양식생물의 약품 사용실태 및 질병 발생 동향 분석,servc,27
R26BK01293682_000,기후변화 대응을 위한 수산생물전염병 재분류 및 효율적인 방역관리를 위한 구역화 기준 마련 연구,servc,52
R26BK01293735_000,한중 우호정서 증진 공동연구,servc,15
R26BK01293746_000,2026년 재외공관 외국적 행정직원 방한연수 사업 위탁수행,servc,32
R26BK01293749_000,낙동강 유역 안전한 먹는 물 공급체계 구축사업(상류) 타당성조사 및 기본계획 수립,servc,45
R26BK01293789_000,2026년 ICT 기반 보건소 만성질환관리 서비스 운영 지원 위탁용역,servc,38
R26BK01293801_000,경찰수사연수원 수사교육동 증축사업 전기 감리 용역,servc,27
R26BK01293810_000,AI 기반 집계자료 비식별화 처리 연구 사업,servc,24
R26BK01293833_000,제28회 전국학생통계활용대회 운영  위탁사업,servc,24
R26BK01293865_000,2026년 울산수학문화관 단체체험 지원차량 운행 용역,servc,29
R26BK01293915_000,보훈스마트에듀 방송콘텐츠 채널운영,servc,18
R26BK01293918_000,인공지능 기술을 활용한 한국형모델의 자료동화용 앙상블 정보 및 오차 산출 기술 개발,servc,46
R26BK01293970_000,2026년 사찰 주변 산림 실태조사 용역,servc,22
R26BK01293989_000,2026년 제주시 중요 종이기록물 DB 구축 사업,servc,27
R26BK01294045_000,2026년 정보 행정시스템 통합유지관리 용역,servc,24
R26BK01294083_000,2026학년도 두동초등학교(병설유치원) 어린이 통학버스 임차 용역,servc,36
R26BK01294131_000,2026년 KHEPI 온·오프라인 통합홍보 운영,servc,26
R26BK01294201_000,"[정책,062] 의료기관 항생제 사용량 분석 및 환류시스템(KONAS) 데이터 품질관리 및 운영",servc,53
R26BK01294206_000,2026년 새만금 종합 홍보 대행 용역,servc,21
R26BK01294270_000,산사태위험지도 현행화 및 접경지역 산사태예방체계 구축,servc,29
R26BK01294276_000,공영홈쇼핑 26년~28년 모바일라이브커머스 플랫폼 서비스,servc,31
R26BK01294288_000,의약품 AI 심사 및 산업지원 체계 구축(1차) PMO 용역,servc,33
R26BK01294306_000,투표지 심사계수기 임차,servc,12
R26BK01294309_000,아치캠퍼스 순환 연결도로 개설공사 실시설계용역,servc,25
R26BK01294345_000,국립새만금수목원 생육환경 모니터링 및 관리 운영계획 수립 연구 용역,servc,37
R26BK01294357_000,부산지방법원 동부지원 청사 별관 증축공사(전기) 전기감리 용역,servc,34
R26BK01294376_000,부산대학교 첨단의생명융합센터 증축공사 건축 등 감리용역,servc,30
R26BK01294390_000,국립목포해양대학교 해사대학 실습생 승선실습지원 선주상호책임보험(P&I보험) 가입 용역,servc,47
R26BK01294456_000,전북.경북 스마트팜 혁신밸리 실증장비 유지보수 사업(2026-2027),servc,39
R26BK01294465_000,2026년 SNS 전략 수립 및 운영,servc,20
R26BK01294523_000,정보시스템 구축 감리 용역사업(긴급),servc,20
R26BK01294830_000,2026년 정보시스템 통합 유지관리 용역,servc,22
R26BK01294896_000,SW 3자단가(Zeta ITMS v1.0 (유지관리) (주)엔에프),servc,37
R26BK01294897_000,2026 특수교육 종단연구,servc,14
R26BK01294916_000,국가하천 CCTV 통신망 회선사업자 선정,servc,22
R26BK01294919_000,2026년도 히어로즈 패밀리 프로그램 운영,servc,23
R26BK01294920_000,SW 3자단가(Zeta ITMS v1.0 (커스터마이징) (주)엔에프),servc,39
R26BK01294940_000,2026년 산사태현장조사 및 통계관리 연구,servc,23
R26BK01294998_000,2026년 유아 흡연위해예방교육 교사 교육과정 운영,servc,28
R26BK01295020_000,혜택알리미 서비스 구현(3차),servc,16
R26BK01295080_000,그냥드림 사업 관련 기부물품관리시스템(NFMS) 고도화,servc,30
R26BK01295084_000,클라우드 환경의 데이터 획득·분석 기술 연구 및 절차 검토(3차년도),servc,38
R26BK01295142_000,KRICT Vision 2040 수립 용역,servc,23
R26BK01295201_000,밀양시 재활용 선별시설 설치사업 건설사업관리용역,servc,26
R26BK01295204_000,생활물류서비스산업 발전 기본계획 수립 연구,servc,23
R26BK01295213_000,확률형아이템 피해구제센터 사무지원인력 파견 용역,servc,26
R26BK01295315_000,"[일반용역,13번][조달,협상,고위험]2026년 하수 기반 감염병 감시 운영",servc,42
R26BK01295344_000,2026년 궁궐 및 조선왕릉 활용사업 모니터링 용역,servc,28
R26BK01295347_000,"[정보,061] 2026년 정보보안 진단 및 취약점 점검 사업",servc,34
R26BK01295352_000,2026년 주요정보통신기반시설 및 (개인)정보보호 관리체계 운영,servc,35
R26BK01295367_000,2026년 국립수목원 숲해설 위탁운영,servc,20
R26BK01295481_000,2026년도 마약폭발물탐지기 고장수리 및 유지관리 사업(이레산업),servc,36
R26BK01295486_000,도시대기 온실가스측정망 측정자료 확정절차 표준화 연구(Ⅰ),servc,32
R26BK01295556_000,2026년 국가인재원 온라인 특별 공개강좌 개발 용역사업,servc,31
R26BK01295567_000,2026년 천안시 도시계획정보체계(UPIS) 현행화 사업,servc,31
R26BK01295650_000,2026년 온라인교육 콘텐츠 제작 및  플랫폼 운영 발주,servc,31
R26BK01295832_000,2026년 통일부 정책홍보 컨설팅 용역,servc,21
R26BK01295843_000,2026년 지진조기경보 서비스 체계 개선,servc,22
R26BK01295852_000,2026년도 환경산업기술정보 제공,servc,18
R26BK01295881_000,2026년 창업지원 시스템 통합 유지보수 용역,servc,25
R26BK01295935_000,COCO2 혼합가스 고효율 생물학적 전환 미생물 개발(1차년도),servc,35
R26BK01295972_000,충청북도경찰청 수사동 증축공사 건설사업관리용역(감독권한대행),servc,33
R26BK01296009_000,2026년 한라산국립공원 무방류 순환 수세식시설 위탁관리용역,servc,33
R26BK01296065_000,해양재난구조대 관리·지원 및 교육·훈련 위탁,servc,24
R26BK01296075_000,2026년 자체등급분류 게임물 재택 모니터링단 위탁 운영,servc,31
R26BK01296124_000,2026 국립농업박물관 어린이 문화주간 행사 운영 용역,servc,30
R26BK01296145_000,2026년 AI 디지털교육자료 상담센터 위탁운영,servc,26
R26BK01296795_000,2026년도 지방직 공무원 필기시험 문제지 인쇄 및 포장용역,servc,33
R26BK01296818_000,2026년도 국립중앙도서관 연속간행물 합철제본사업,servc,27
R26BK01296844_000,(소비안전과) 2026년 수출농산물 환경모니터링 위탁분석,servc,31
R26BK01296846_000,AI 기반 재현자료 생성·평가방법 연구 사업,servc,24
R26BK01296872_000,2026년 우수제품 원가계산 적정성 검토 용역 계약,servc,28
R26BK01296873_000,생물다양성 활용 문화예술교육 인력양성 과정(2026년),servc,30
R26BK01296924_000,2025년 기준 전통시장·상점가 및 점포경영 실태조사,servc,29
R26BK01297033_000,2026 해양예측 기술 고도화 연구,servc,19
R26BK01297051_000,튼튼먹거리탐험대 이동 차량 체험교실 운영,servc,22
R26BK01297058_000,정보시스템 위탁운영 및 통합유지보수 용역,servc,22
R26BK01297188_000,onVAS v1.0(커스터마이징)_제3자단가(이투온),servc,29
R26BK01297205_000,경제협정 및 국제경제규범 관련 수시 법률자문,servc,24
R26BK01297222_000,광명시 강소형 스마트도시 조성사업  BSS 운영 용역,servc,29
R26BK01297237_000,onVAS v1.0(유지관리)_제3자단가(이투온),servc,27
R26BK01297280_000,2026년 국립농업박물관 농업·농촌 연계교육 개발 및 운영용역,servc,34
R26BK01297281_000,2026년 국가 지진자료 품질관리시스템 개선,servc,24
R26BK01297361_000,질량분석기(애질런트) 유지보수 위탁관리 계약 요청,servc,27
R26BK01297376_000,화분매개곤충의 인공둥지 및 유인물질 개발(2026년),servc,29
R26BK01297397_000,2026년 해양지명 조사 및 표준화연구(동해안 남부),servc,29
R26BK01297514_000,2026~2027년 근로자 지원 프로그램(EAP) 운영 용역,servc,33
R26BK01297818_000,2026 함께하는 과학나눔사업 용역,servc,19
R26BK01297905_000,2026년 메타버스 활용 독서토론 프로그램 보급,servc,26
R26BK01297922_000,아태지역 사이버보안 국제 컨퍼런스 개최,servc,21
R26BK01297939_000,[품질검사과] 2026년 전통식품 표준규격화 연구사업 용역,servc,32
R26BK01297966_000,강원대학교 전산장비 및 정보시스템 통합 유지관리 사업,servc,29
R26BK01298133_000,2026년 지적재조사 행정시스템(바른땅) 유지관리 및 기능개선,servc,34
R26BK01298144_000,2026 해양·대기 변동 및 극한 현상 분석 연구,servc,27
R26BK01298156_000,2026년 국립외교원 조경관리용역,servc,18
R26BK01298191_000,콘텐츠코리아랩 및 웹툰센터 시설운영 용역,servc,22
R26BK01298209_000,2026년 연구용역(중규모 대류계 위험기상 발달 메커니즘 분석기술 개발(III) 계약,servc,47
R26BK01298389_000,[소비안전과] 2026년 농산물 잔류농약 위탁분석,servc,27
R26BK01298427_000,2026년 축산물유통정보조사 용역,servc,18
R26BK01298453_000,미래기술 융합을 통한 앙상블모델 성능향상 및 확률정보 개선,servc,32
R26BK01298468_000,2026년 기상관측·통계자료 품질관리체계 개발 및 개선,servc,30
R26BK01298549_000,기후예측시스템 연기후 변동성 진단기술 개발 용역,servc,26
R26BK01298551_000,해안선조사(영광 부근),servc,12
R26BK01298578_000,차세대 112시스템 구축을 위한 ISP 사업,servc,24
R26BK01298650_000,(연구용역)동물용의약품 GMP 해설서 및 적합판정 지침서 마련 연구,servc,37
R26BK01298685_000,e-감사시스템 구축 용역,servc,13
R26BK01298738_000,저작권 정보시스템 통합 IDC 이전 및 상면 임대‧네트워크 회선 서비스 위탁,servc,42
R26BK01298761_000,2026년 다국어 동화 콘텐츠 제작 사업,servc,22
R26BK01298784_000,2026년 본인진료기록열람지원시스템(건강정보 고속도로)  운영 및 유지관리,servc,41
R26BK01298834_000,2026년 상수도 관망관리시스템 유지관리용역,servc,24
R26BK01298836_000,대기배출시설의 대기오염물질 배출계수 적용체계 개선 연구(lll),servc,35
R26BK01298959_000,악취 센서 성능시험방법 마련 연구(I),servc,21
R26BK01298969_000,2026년 새만금 투자유치 활동지원을 위한 위탁 용역,servc,29
R26BK01299011_000,2026년 불법 주정차 무인단속 시스템 유지보수 용역,servc,29
R26BK01299015_000,방치된 마약류 현황 실태조사 및 개선방안 연구,servc,25
R26BK01299084_000,2026년 대학도서관 전문인력 교육 위탁 운영,servc,25
R26BK01299091_000,2026년 국토이용정보체계 데이터 수정편집 및 운영장비 유지관리,servc,35
R26BK01299170_000,2026년 조달청 수입적하보험 인수사 선정,servc,23
R26BK01299216_000,26~27년 해안무선국 무선통신설비 전문 유지보수 용역,servc,30
R26BK01299329_000,위해가능 영양성분 저감 제품 등 식품의 영양성분 활용 고도화,servc,33
R26BK01299353_000,2026년 창의역량 계발과정 운영,servc,18
R26BK01299757_000,"특별전 조선, 프랑스를 만나다 영상 제작",servc,22
R26BK01299794_000,전자심의시스템 구축,servc,10
R26BK01299801_000,태안지구 우수유출저감시설 설치사업 기본 및 실시설계 용역,servc,31
R26BK01299816_000,화천 통합공공임대주택 건립공사 감독권한대행 건설사업관리용역,servc,32
R26BK01299817_000,2026년 찾아가는 안전체험교실 운영,servc,20
R26BK01299841_000,2026년 사회봉사대상자 단체 상해보험 계약,servc,24
R26BK01299862_000,전통조경 수리 표준품셈 제정 연구(3차),servc,22
R26BK01299886_000,부산대학교 부산캠퍼스 승강기 유지관리 용역,servc,23
R26BK01299890_000,26~28년 소방정보통신시스템 통합유지보수 용역,servc,26
R26BK01299913_000,26년 유기농업자재 위탁검정 사업,servc,18
R26BK01299914_000,2026년 기후변화 시나리오 및 영향 분석정보 생산.제공,servc,31
R26BK01299930_000,2026 대한민국 과학기술대전 기획·운영 대행,servc,25
R26BK01299957_000,2026년도 병력동원훈련소집 차량수송 용역계약,servc,25
R26BK01299965_000,2026년 우수환경산업체 해외 환경박람회 홍보관 설치·운영 및 판로개척 지원,servc,42
R26BK01299984_000,2026년 A그룹 북한전문강사 초빙교육,servc,21
R26BK01299998_000,2026학년도 국립한밭대학교 사업장 생활계폐기물 위탁처리 용역,servc,34
R26BK01300034_000,바이오매스 비율 실측을 위한 굴뚝 배출가스 장기 포집 장치 개발 및 시범사업,servc,42
R26BK01300044_000,2026년도 제출서류 간소화 및 정보유통허브 연계 확대 지원 사업,servc,36
R26BK01300076_000,2026년 한국지질자원연구원 R&D성과 온라인 홍보 운영,servc,31
R26BK01300090_000,2026학년도 경북대학교 사업장비배출시설계폐기물 수집‧운반 처리 용역,servc,38
R26BK01300203_000,팬더헬기(AS565) 주기어박스 수리,servc,20
R26BK01300224_000,K-푸드 세계화를 위한 2026년 식품안전담보사업,servc,27
R26BK01300235_000,제주지방우정청 공용차량 자동차량 자동차 보험 가입,servc,27
R26BK01300417_000,2026년 제6차 가족실태조사,servc,16
R26BK01300474_000,2026년 광주광역시교육청 테크센터 ·디지털튜터 운영 사업,servc,32
R26BK01300523_000,2026년 전남지방우정청 안전관리업무 위탁 용역,servc,26
R26BK01300672_000,2026년 경주시 지하시설물 정보 수정.갱신 사업,servc,27
R26BK01300700_000,2026 글로벌 화장품 규제기관장 협의체 운영,servc,25
R26BK01300728_000,2026-2029 강원대학교 춘천캠퍼스 통합경비시스템 용역,servc,32
R26BK01300759_000,토양·지하수 중 미세플라스틱 실태조사(2026),servc,26
R26BK01300857_000,수원시 장애인 버스요금 지원 시스템 구축 용역,servc,25
R26BK01300884_000,지역 맞춤형 온실가스 통합 감시 기반 배출 정보 고도화 연구,servc,33
R26BK01300897_000,(26G003-I)26년안전관리자위탁용역,servc,22
R26BK01300900_000,2026학년도 성남초등학교(병설유치원) 통학버스 임차용역,servc,31
R26BK01300945_000,장흥교육지원청 연립관사(아름동) 증축공사 시공단계의 건설사업관리 용역,servc,38
R26BK01301004_000,2026년도 병력동원훈련소집 수송차량 운송용역(2권역),servc,30
R26BK01301020_000,2026년 충북권역 사회적기업 창업·경영지원 전문기관 운영 용역,servc,35
R26BK01301025_000,전산장비 및 SW 통합유지보수 용역,servc,19
R26BK01301070_000,2026년 연구용역(위험기상 발달 사전 탐지 기술 개발 연구) 계약,servc,37
R26BK01301093_000,2026년 통합항공안전정보시스템 등 기능개선 및 유지관리,servc,31
R26BK01301139_000,2026년 통학버스 임차용역 계약요청,servc,20
R26BK01301171_000,2026년 국가이미지 조사,servc,14
R26BK01301182_000,(26G010-I)정신전력교육영상교재제작용역,servc,24
R26BK01301204_000,은평세무서 청사 신축공사 안전점검 수행기관 지정 공고,servc,29
R26BK01301207_000,2026년 데이터기반 e-푸른샘 운영 및 유지관리,servc,27
R26BK01301228_000,(26F008-I)호국미술대전행사대행용역,servc,22
R26BK01301262_000,부안군 국가정보통신서비스 사업자 선정,servc,20
R26BK01301284_000,부산대학교 2026학년도 생활폐기물 수거 및 처리 용역,servc,30
R26BK01301485_000,2026년 학교 무선인프라 통합 유지관리 용역,servc,25
R26BK01301560_000,제8차 권역별 관광개발계획 검토 및 조정 방안 연구,servc,28
R26BK01301623_000,보건의료연구자원정보센터 정보관리·분석실 인프라 운영 및 유지관리,servc,35
R26BK01301629_000,2026년 영구보존 대상 병적기록물 전수조사 및 보존처리 용역,servc,34
R26BK01301675_000,2026년 유아 흡연위해예방 가정연계 프로그램 운영,servc,28
R26BK01301781_000,가정 내 의료용 마약류 수거·폐기 사업,servc,21
R26BK01302099_000,2026학년도 인천대학교 통학 셔틀버스 운송 용역,servc,27
R26BK01302186_000,2026년 배전건설부 업무용차량 임차계약(1대),servc,26
R26BK01302192_000,2026년 대구권역 사회적기업 창업·경영지원 전문기관 운영 용역,servc,35
R26BK01302208_000,2026학년도 강남중학교 통학차량 운송용역,servc,23
R26BK01302285_000,2026년 배전건설부 업무용차량 임차계약2(1대),servc,27
R26BK01302521_000,공영홈쇼핑 직무중심의 인력·조직혁신 및 직무체계 구축용역,servc,31
R26BK01302555_000,2026년 대만자료 정리 및 번역 학술연구용역,servc,25
R26BK01302557_000,의료혁신 시민패널 구성 및 공론조사,servc,19
R26BK01302656_000,국가전략비축자원 지능형 공급망관리 시스템 구축 ISP,servc,29
R26BK01302688_000,2026년 국가하천 CCTV 운영장비 유지보수용역,servc,27
R26BK01302742_000,"2026년도 산림교육 운영사업(숲해설, 유아숲교육)",servc,28
R26BK01302760_000,제4차 관광개발기본계획 재검토 및 정비 연구,servc,24
R26BK01302772_000,2026학년도 나주이화학교 통학차량 임차용역 계약 요청,servc,30
R26BK01302822_000,2026 대입상담캠프 기획 운영 대행 용역,servc,23
R26BK01302859_000,엠파워클라우드 v3.0(커스터마이징)_제3자단가(모코엠시스),servc,33
R26BK01302871_000,조선왕실 원묘 종합정비계획 수립 용역,servc,20
R26BK01302879_000,충청남도 정보통신설비 통합유지관리 사업,servc,21
R26BK01302903_000,차세대 실종아동등 통합지원 플랫폼 구축 ISP 사업,servc,28
R26BK01302907_000,「2026 국제 한반도 포럼(GKF)」상반기 국내 세미나 기획 및 운영,servc,39
R26BK01302928_000,2026년도 수문관측설비 유지관리 용역,servc,21
R26BK01302959_000,2026년 행정안전부 정보보안 강화,servc,19
R26BK01302988_000,SW 3자단가(엠파워보안파일서버 v9.0 (커스터마이징) (주)모코엠시스),servc,41
R26BK01303052_000,2026년 함양군 유튜브 영상제작 및 운영 용역 협상계약,servc,31
R26BK01303080_000,담배소매점 담배광고·진열·판촉 모니터링,servc,21
R26BK01303097_000,2026년 학점은행제·독학학위제 정보시스템 운영 및 유지보수,servc,33
R26BK01303152_000,정부과천청사 중·장기적 개선방안 연구용역,servc,22
R26BK01303173_000,2026년 재외동포청 SNS 운영 및 관리 용역,servc,26
R26BK01303188_000,2026년도 아산시 통합빅데이터플랫폼 유지관리 및 분석사업 용역,servc,35
R26BK01303225_000,대기-해양의 상호작용 장기변동성 규명(Ⅱ),servc,23
R26BK01303241_000,26년 암호화자산 보고체계(CARF) 정보교환 기능 개발,servc,31
R26BK01303255_000,국립금오공과대학교 글로벌 생활관 임대형 민자사업(BTL) 전기공사 감리용역,servc,41
R26BK01303302_000,2026년도 K-BDS 전산인프라 및 기반시설 통합 유지보수,servc,33
R26BK01303455_000,2026년 충청지방우정청 우편차량보험 사업자 선정,servc,27
R26BK01303487_000,2026년 국가기술표준원 온라인 홍보사업,servc,22
R26BK01303677_000,2026년 직업소개사업종사자 역량강화교육 사업 운영,servc,28
R26BK01303696_000,2026 경기형 인사시스템 기능개선 및 유지관리,servc,26
R26BK01303756_000,2026학년도 인천대중예술고등학교 통학버스 임차,servc,26
R26BK01303850_000,2026년도 미국 국립문서기록청(NARA) 소장 한국사 관련 사료 수집,servc,39
R26BK01303861_000,2026년 환경성적표지 작성지침 개발,servc,20
R26BK01303959_000,2026년 IFEZ 스마트시티 교통신호시스템 유지관리 용역,servc,32
R26BK01303996_000,2026년 보호구역 통합 관리시스템 유지관리 용역,servc,27
R26BK01304021_000,2026년 전통지식DB 구축 및 검색서비스 운영위탁사업,servc,30
R26BK01304114_000,서울송파우체국 아파트전담 소포우편물 위탁배달용역,servc,26
R26BK01304327_000,2026년 일상 대화 자료 수집 및 정제,servc,22
R26BK01304367_000,RAG기반 원자력수출입통제시스템 심사지원 기능 개발,servc,28
R26BK01304389_000,2026년 B그룹 북한전문강사 초빙교육,servc,21
R26BK01304502_000,(교학-정착) 2026년도 한국농수산대학교 법률.세무 컨설팅 용역,servc,36
R26BK01304650_000,2026년도 지방공무원 역량평가 과제 개발 및 보강,servc,28
R26BK01304665_000,2026년 청소년의 달 행사 운영 용역(제22회 대한민국청소년박람회),servc,38
R26BK01304718_000,2026년 청년친화도시 운영지원,servc,17
R26BK01304773_000,건강모아 앱 AI 학습 등 유지보수,servc,19
R26BK01304824_000,2026년 인천대학교 홈페이지 유지보수,servc,21
R26BK01304847_000,경안권역 버스공영차고지 조성사업 설계용역,servc,22
R26BK01304883_000,제천경찰수련원 2026년도 세탁물 위탁처리 용역,servc,26
R26BK01304911_000,2026년~2028년 영상홍보 모니터 유지보수 용역,servc,28
R26BK01304927_000,2026년~2028년 공주시 공간정보시스템 유지보수 용역,servc,31
R26BK01305269_000,2026년도 대구교육대학교 정보시스템 통합유지보수 사업,servc,30
R26BK01305363_000,2026년 글쓰기 능력 진단 기준 개발 및 글쓰기 대회 개최,servc,33
R26BK01305522_000,2026 재외동포 통일문화행사 기획 및 운영 용역,servc,27
R26BK01305549_000,우체국 자과초금 및 점외 365코너 자금 통합 위탁운송 용역 계약,servc,36
R26BK01305626_000,2026년 공공시설물 내진보강사업 적정성검토 연구용역,servc,29
R26BK01305666_000,2026년 조선왕릉길 여행 프로그램 운영 용역,servc,25
R26BK01305682_000,2026년 한국 유학 디지털 홍보 통합 운영 용역,servc,27
R26BK01305688_000,2026학년도 충북대 기계설비 자동제어 유지관리 용역,servc,29
R26BK01305732_000,2026~2027학년도 통합정보시스템 유지보수 사업,servc,28
R26BK01305851_000,디지털 안전관리 현장점검 위탁용역,servc,18
R26BK01305857_000,2026년 학교 무선인프라 통합유지관리 용역 사업,servc,27
R26BK01305875_000,2026년 오송보건의료행정타운 조경유지관리용역,servc,25
R26BK01305981_000,2026년 제15차 한독통일자문회의 대행 용역,servc,25
R26BK01306056_000,산업계 지원을 위한 플랫폼 강화 및 스케일업 프로그램 운영(2026년),servc,39
R26BK01306303_000,2026년 만화로 보는 조례 이야기 제작 용역,servc,25
R26BK01306411_000,보안 취약점 클리닝 시스템 운영,servc,17
R26BK01306435_000,"[정책,065] 희귀질환 등록통계 표준화 연구",servc,25
R26BK01306460_000,아산분원 건립(증축)공사 상주감리용역(전기),servc,24
R26BK01306461_000,제20차 아시아태평양 대법원장 회의 용역업체 선정,servc,27
R26BK01306514_000,2026년도 병력동원훈련소집 수송차량 운송용역(1권역),servc,30
R26BK01306531_000,2026년 해외 한국어평가 채점자 교육과정 운영 및 결과 분석,servc,34
R26BK01306560_000,임실군 정주활력센터 건립사업 전기공사 건설사업관리용역,servc,29
R26BK01306632_000,"농식품 인공지능(AI) 역량강화(기초, 중급, 심화) 교육 및 경진대회 운영",servc,42
R26BK01306672_000,2026년 한-아세안 의약품 GMP 조사관 교육 및 콘퍼런스 개최,servc,36
R26BK01306697_000,2026년 부산광역시 데이터 인재양성 교육사업(공공부문),servc,31
R26BK01306703_000,AI 몰입형 창의 독서 프로그램 개발 및 보급,servc,25
R26BK01307003_000,2026학년도 용암초등학교(병설유치원) 통학차량 임차용역,servc,31
R26BK01307037_000,차세대 해양상황관리시스템 구축 ISP,servc,20
R26BK01307134_000,법무부 기록관 기록물 정리 및 수집 사업,servc,22
R26BK01307784_000,2026 해외 연구자 통일정책 네트워크 구축 용역,servc,27
R26BK01307792_000,2026년 대국민 지진.지진해일.화산 교육 사업,servc,26
R26BK01307821_000,해양누리호 선체 및 기관 정기수리,servc,18
R26BK01308002_000,해안선조사(남해 서부),servc,12
R26BK01308028_000,2026 영화 온라인 불법유통 실태조사 및 저작권 보호조치 용역,servc,35
R26BK01308103_000,2026년도 미국 국립문서기록관리청(NARA) 소장 한국관련자료 조사·수집 사업,servc,44
R26BK01308110_000,2026년도 병력동원훈련소집 수송차량 운송용역 계약(2권역),servc,33
R26BK01308132_000,바이오가스 생산목표제 명세서 적합성 검토 업무지원,servc,27
R26BK01308190_000,2026년도 병력동원훈련소집 수송차량 운송용역 계약(1권역),servc,33
R26BK01308198_000,미생물의 폐배터리 금속 회수 기작 구명 및 침출 최적화 방안 연구(1차년도),servc,42
R26BK01308214_000,경찰인재개발원 교육생 태블릿PC 임차,servc,20
R26BK01308221_000,디지털서비스_오투_지원서비스,servc,15
R26BK01308238_000,충남권 국립묘지 입지선정 타당성 및 기본계획 연구용역,servc,29
R26BK01308243_000,2026년 인공지능 말평 운영 및 연계 행사 개최,servc,27
R26BK01308321_000,2026년 한부모가족 무료법률구조사업,servc,20
R26BK01308347_000,2026년도 신재생에너지 보급통계 조사 및 분석,servc,26
R26BK01308375_000,제3차 청년의 삶 실태조사,servc,14
R26BK01308379_000,디지털서비스_엔에이치엔클라우드_엔에이치엔클라우드 Dooray for 엔에이치엔두레이(SaaS),servc,52
R26BK01308388_000,화분매개곤충-식물 상호작용 네트워크 구축(2026년),servc,29
R26BK01308427_000,화분매개곤충의 수분매개영향 평가 및 변화 예측(2026년),servc,32
R26BK01308440_000,26-D-00부대 설계용역(B505),servc,20
R26BK01308486_000,디지털서비스_한국교과서협회_AIDT 교육자료 공동플랫폼,servc,30
R26BK01308514_000,2026년도 국립기상과학원 정보시스템 유지관리 용역,servc,28
R26BK01308523_000,복무기관담당자 전문교육과정 운영 계약,servc,20
R26BK01308579_000,2026년 중소기업스마트서비스 지원사업 사업관리 시스템 운영·유지보수 및 이관,servc,43
R26BK01308581_000,서울대학교 관악캠퍼스 교직원주택 시설용역,servc,22
R26BK01308611_000,토지가격비준표 특성항목 개선을 위한 2차 연구_지방 도 지역을 대상으로,servc,39
R26BK01308641_000,디지털서비스_아이크래프트_네이버클라우드플랫폼공공기관용(IaaS),servc,35
R26BK01308692_000,자생식물을 활용한 항노화 기능성 신규 원료 개발 연구(1차년도),servc,35
R26BK01308695_000,장애자녀 성인기 자립 부모 길라잡이 개발,servc,22
R26BK01308731_000,2026년 찾아가는 생태전환교육 용역,servc,20
R26BK01308796_000,부산광역시 통합 홈페이지 운영 및 유지관리 용역,servc,26
R26BK01308801_000,2026년 충남대학교 의료폐기물 위탁처리 용역,servc,25
R26BK01308833_000,교과연계 실감형 디지털 보훈탐방교재 개발,servc,22
R26BK01308885_000,2026년 질병관리청 예방접종 교육 사업,servc,22
R26BK01308922_000,남극과학기지 위성통신망 운영 및 관리 용역,servc,23
R26BK01309167_000,2026년도 신재생에너지 산업통계 조사 및 분석,servc,26
R26BK01309176_000,2026년 재정정보보호 통합컨설팅,servc,18
R26BK01309193_000,2026년 한국고용노동교육원 셔틀버스 운행 용역,servc,26
R26BK01309219_000,2026년 이러닝 콘텐츠 개발 개선(통계·데이터 부문),servc,30
R26BK01309248_000,2026년 해외 긴급 안전관리 서비스,servc,20
R26BK01309262_000,2026년 살생물제 중대재해처벌법 제도이행 지원,servc,26
R26BK01309502_000,2022 개정 특수교육 기본 교육과정에 따른 초·중학교 성취수준 개발 연구,servc,41
R26BK01309528_000,2026년 김포시 우리아이행복돌봄센터 원어민 프로그램 운영 용역,servc,35
R26BK01309566_000,26-A-00부대 설계용역(A003),servc,20
R26BK01309597_000,"생명-농림기상 재분석, 자료동화 기법 개발 및 산불진화 사례 시나리오 개발 연구 용역",servc,47
R26BK01309616_000,원전사이버 보안 리스크 정량화 도구 개발,servc,22
R26BK01309761_000,(26F014-B)육군 인력획득 홍보 영상 콘텐츠 제작,servc,30
R26BK01309819_000,2026년 C그룹 안보전문강사 초빙교육,servc,21
R26BK01309829_000,2027년 지식재산 정책이슈 발굴 연구,servc,21
R26BK01309837_000,2026학년도 대전원신흥초등학교복용분교장 학생 통학버스 임차 용역(긴급),servc,40
R26BK01309937_000,제9회 전국동시지방선거 외부평가 학술용역,servc,22
R26BK01309962_000,(26F015-I)육군정신전력교육영상교재제작용,servc,25
R26BK01309974_000,2026년 택배서비스평가 등 용역,servc,18
R26BK01310020_000,2026년 직무역량 강화과정 운영,servc,18
R26BK01310049_000,2026년 옥외광고 통계조사,servc,15
R26BK01310056_000,태실의 국가지정문화유산(사적) 지정 확대를 위한 심화 조사연구 용역,servc,37
R26BK01310062_000,서재 생활문화센터 건립 기본 및 실시설계 용역,servc,25
R26BK01310233_000,2026년 한국도박문제예방치유원 도박문제 예방주간 및 인식주간 행사 운영,servc,40
R26BK01310243_000,SW 3자단가(무선망멀티톡 V1.0 (유지관리) (주)비전아이티),servc,36
R26BK01310261_000,SW 3자단가(무선망멀티톡 V1.0 (커스터마이징) (주)비전아이티),servc,38
R26BK01310280_000,2026년도 군산경찰서 지역경찰관서 청소 용역,servc,25
R26BK01310287_000,SW 3자단가(지능형정보통신설비관리시스템 V1.0 (유지관리) (주)비전아이티),servc,44
R26BK01310301_000,2026 산업안전보건의 달 행사 업무대행 용역,servc,25
R26BK01310309_000,SW 3자단가(지능형정보통신설비관리시스템 V1.0 (커스터마이징) (주)비전아이티),servc,46
R26BK01310488_000,2026년 시각장애인용 전자점자악보 제작 사업,servc,25
R26BK01310496_000,2026년도 폐농약농기류(플라스틱) 운송용역,servc,24
R26BK01310595_000,2026년 아시아 법제기구 협의체 세미나 행사 대행,servc,28
R26BK01310688_000,유엔군 참전의 날 기념식 대행용역,servc,18
R26BK01310702_000,2026년 글로벌 통일인식조사 용역,servc,19
R26BK01310967_000,2026년 대기환경 개선대책 통합홍보 용역,servc,23
R26BK01310993_000,2026학년도 한국교원대학교 교육정책전문대학원 2단 국외연수 용역,servc,36
R26BK01311047_000,비축물자 2026년도 화물자동차 운송용역(연간단가) 계약,servc,31
R26BK01311407_000,블록구축 및 상수관로 이설공사 등 통합건설사업관리 용역,servc,30
R26BK01311479_000,"정부세종청사 1, 2, 4, 16, 17동 정밀안전점검 용역",servc,33
R26BK01311519_000,2026 아트비즈니스챌린지 교육 기획 및 운영 대행용역,servc,30
R26BK01311522_000,전시원 내 생태학적 유해인자 조사(3),servc,21
R26BK01311532_000,2026년 이야기가 있는 코딩,servc,16
R26BK01311537_000,2026년 이러닝 통일교육 콘텐츠 개발 및 품질관리 사업,servc,31
R26BK01311572_000,검사전산시스템 통합유지관리 용역사업,servc,19
R26BK01311609_000,2026년 구 토지대장 한글화 디지털 구축사업,servc,25
R26BK01311632_000,정신건강 주거지원 시범사업 중앙사업단 위탁,servc,23
R26BK01311662_000,2026학년도 장안초등학교 및 병설유치원 통학차량 계약 요청 의뢰,servc,36
R26BK01311698_000,2026년 화학물질 유해성시험자료 생산(2),servc,24
R26BK01311717_000,성남낙생 A-1BL 민간참여 공공주택 건설사업 시공단계 감독 권한대행 등 건설사업관리용역,servc,49
R26BK01311763_000,한국보건복지인재원 신규 교육관 증축사업 실시설계 용역(제안공모),servc,35
R26BK01311801_000,발달장애인 등 맞춤 식생활 영양관리 및 정보 제공,servc,27
R26BK01311802_000,26-D-00부대 설계용역(B504),servc,20
R26BK01311884_000,2026 보훈문화교육 수업안 개발공모 위탁사업,servc,25
R26BK01311958_000,2026학년도 명지가온유치원 통학차량 임차 용역,servc,26
R26BK01311974_000,26-A-00부대 설계용역(A008),servc,20
R26BK01311987_000,2026 식품진흥원 창업교육 프로그램 운영 용역,servc,26
R26BK01312093_000,2026학년도 부산알로이시오초등학교 학생 통학차량 임차 용역,servc,33
R26BK01312113_000,"창녕-고암 건설폐기물(폐아스콘, 폐콘크리트, 혼합폐기물) 처리용역(1차)",servc,40
R26BK01312135_000,2026년도 치안관계자 초청사업,servc,17
R26BK01312148_000,2026년 처내업무 행정정보화 유지보수 사업,servc,24
R26BK01312160_000,2026년 환경기업 창업역량 강화 및 사업화 브릿지 프로그램 운영,servc,36
R26BK01312173_000,26-A-00부대 설계용역(A002),servc,20
R26BK01312183_000,국도20호선 산청 시천-단성간 수해상습지역 개선공사 건설폐기물처리용역,servc,38
R26BK01312206_000,2026학년도 엄궁누리유치원 통학차량 임차용역 계약요청,servc,30
R26BK01312231_000,미래교육캠퍼스 건립공사 외 1건(유아 숲ㆍ생태놀이 체험장 신축공사) 건설사업관리용역,servc,46
R26BK01312246_000,2026 미래한국 아이디어 공모전,servc,18
R26BK01312341_000,외교부 재외공관(쿠바) 외교정보전용망 구축 및 운영 사업(2026.7-2027.12),servc,47
R26BK01312386_000,제8회 교육 공공데이터 AI활용대회 위탁운영,servc,24
R26BK01312595_000,생활화학제품 제도이행업체 교육ㆍ컨설팅,servc,20
R26BK01312601_000,정부 석탄 비축장 및 비축탄 경비 용역,servc,21
R26BK01312621_000,산업단지 주변 어장환경 유해물질 조사 및 추적기술 개발 연구 Ⅱ,servc,35
R26BK01312641_000,26-D-00부대 설계용역(B502),servc,20
R26BK01312649_000,부산대학교 PNU Knowledge Base 로컬 인문학 플랫폼 구축 용역,servc,41
R26BK01312718_000,2026년도 주요 산림생태계 플럭스타워 관측망 유지보수 및 자료품질 관리,servc,40
R26BK01312726_000,수성고 그린스마트스쿨 개축 전기공사(BTL) 감리용역,servc,29
R26BK01312855_000,도로위험기상 통합 예측성능 분석 및 개선,servc,22
R26BK01312903_000,26년 정보보호 공시 제도 교육 운영,servc,20
R26BK01312925_000,정책연구용역(우리아이자립펀드 사업 타당성 연구용역),servc,28
R26BK01312929_000,2026학년도 상반기 학내 순환버스 등 임차운행 용역 계약,servc,32
R26BK01313164_000,춘천교육대학교 정보자원 통합유지보수,servc,19
R26BK01313224_000,2026년 전자소송 등 전자지불대행서비스,servc,22
R26BK01313238_000,2026년 산악기상관측망(AMOS) 유지관리,servc,24
R26BK01313267_000,2026년 수산자원보호구역 조사,servc,17
R26BK01313294_000,차세대 생활법령정보시스템 구축(1차) 사업 조달 계약,servc,29
R26BK01313311_000,2026년 국가교육위원회 온라인 정책홍보 위탁사업,servc,27
R26BK01313322_000,제6차 식품유래 항생제 내성 국제콘퍼런스 운영,servc,25
R26BK01313330_000,2026년 충남대학교 사업장(지정)폐기물 위탁처리 용역,servc,30
R26BK01313358_000,2026년 유통 수산물 잔류 유해물질 검사,servc,23
R26BK01313430_000,2026년 해양교통방송 콘텐츠 기획 및 제작 용역,servc,27
R26BK01313490_000,제23회 병역명문가 시상식 및 영상제작 용역 계약,servc,27
R26BK01313493_000,26-F-연습용 워게임모델 유지관리,servc,19
R26BK01313499_000,2026년 데이터바우처 지원사업 운영지원 용역,servc,25
R26BK01313513_000,제5차 어장관리 기본계획 수립 및 제도개선 방안 연구,servc,29
R26BK01313516_000,2026년 영상물 등급분류 교육 프로그램 운영 위탁 사업,servc,31
R26BK01313616_000,스포츠윤리센터 정보보안 강화를 위한 2차 망분리 구축,servc,29
R26BK01313629_000,(26G018-B) 한국 안보역사문화탐방 대행용역,servc,27
R26BK01313642_000,세종학생해양수련원 신축 전기공사 건설사업관리 용역,servc,27
R26BK01313644_000,JPDC ERP(J-Work) 유지관리 용역,servc,24
R26BK01313649_000,2026년 국가 수은통합측정망 운영사업,servc,21
R26BK01313713_000,2026년 충북도립대학교 정보시스템 통합유지보수 용역,servc,29
R26BK01313751_000,2026년 무인해양조사,servc,12
R26BK01313865_000,청주시 무심천 분류식화 하수관로 정비사업 및 상수도 노후관 개량공사 건설폐기물(폐콘크리트) 처리용역,servc,55
R26BK01313868_000,동북아평화자료원(가칭) 정보시스템 구축 1차 사업,servc,27
R26BK01313918_000,2026년 수치예보시스템 운영기술 개발 및 개선 용역,servc,29
R26BK01314071_000,2026년 전남지방우정청 보건관리자 업무 위탁 용역(1권역),servc,33
R26BK01314098_000,2026년 친환경·무항생제 인증 생산농장 잔류물질 검정 위탁 사업 조달 입찰 요청,servc,45
R26BK01314169_000,2026년도 서울대학교 융합과학기술대학원 임차 버스 용역 계약 요청,servc,37
R26BK01314221_000,양식장 퇴적물 유해가스 용출 특성 및 대응방안 연구,servc,28
R26BK01314230_000,수입의료기기 통관단계 안전성 검사,servc,18
R26BK01314322_000,2026년 SW·AI교육거점센터 교육프로그램 운영 민간대행 용역 조달 계약 의뢰,servc,44
R26BK01314336_000,양식장 유기물 기원 추적 및 관리방안 연구,servc,23
R26BK01314400_000,2026년 친환경·무항생제 인증 생산·유통단계 잔류물질 검정 위탁 사업 조달 입찰 요청,servc,48
R26BK01314408_000,2026년 현역병 입영문화제 행사운영 용역,servc,23
R26BK01314433_000,음향기법을 이용한 연근해 수산자원 연속자료 수집 및 분석,servc,31
R26BK01314459_000,2026년 관할해역 해양기본조사(군산부근),servc,23
R26BK01314469_000,2026년 국어생활상담 말뭉치 연구 분석,servc,22
R26BK01314474_000,기후예측 모델 자료 활용 및 기후예측 정보 산출 기술 개발(Ⅰ),servc,35
R26BK01314485_000,빈산소수괴 변동 예측모델 고도화Ⅰ,servc,18
R26BK01314547_000,탄소순환 메커니즘 규명 위한 입체관측 기술개발 및 기원추적 운영체계 개선 연구 용역,servc,46
R26BK01314598_000,2026년 기상항공기 항공보험,servc,16
R26BK01314728_000,2026년 공공누리 교육 및 행사 운영 사업,servc,24
R26BK01314831_000,데이터뱅크 의료기관 연계  장비 도입·설치 사업,servc,26
R26BK01314838_000,개인정보 영향평가 전문인력 양성 및 제도운영 지원,servc,27
R26BK01314842_000,2025년~2026년 주요사업 사업비 위탁정산 용역,servc,28
R26BK01314898_000,2026학년도 일광초등학교 통학차량 운행임차 용역 계약 요청,servc,33
R26BK01314904_000,2026년 국가서지의 Linked Open Data 서비스 운영,servc,35
R26BK01314926_000,바이오헬스 클러스터 버추얼 플랫폼 구축 정보화전략계획(ISP) 수립,servc,37
R26BK01314936_000,세종한국어평가(SKA) 시스템 운영·유지보수 및 기능 보완,servc,32
R26BK01314940_000,현업대기질예보를 위한 위성에어로졸 자료동화 연구(Ⅳ),servc,29
R26BK01314981_000,서천군 토지적성평가 및 재해취약성분석 용역,servc,23
R26BK01315010_000,마약류 오남용 통합감시시스템(K-NASS 3차) 구축,servc,29
R26BK01315043_000,2026년 단계적 적응형 세종한국어평가(iSKA) 시행 및 분석,servc,35
R26BK01315101_000,2026년 공공시장 진출 교육 프로그램 위탁용역,servc,26
R26BK01315107_000,통영시 지하시설물 DB 정확도 개선사업,servc,21
R26BK01315118_000,2026년 세계법제정보센터 외주번역사업,servc,21
R26BK01315144_000,26년 정보보호 공시 제도 운영 지원 용역,servc,23
R26BK01315177_000,2026 창원문화재단 웹진 시스템 구축,servc,21
R26BK01315178_000,Search Formula-1 v5(커스터마이징)_제3자단가(와이즈넛),servc,39
R26BK01315235_000,2026년도 재외공관 행정직원 전지의료검진 사업 위탁수행,servc,31
R26BK01315247_000,국가법령정보센터 레이어 고도화 사업,servc,19
R26BK01315291_000,2026년 서울법원종합청사 조경 관리 용역,servc,23
R26BK01315304_000,2026학년도 의과대학 의료폐기물 위탁처리 용역,servc,26
R26BK01315456_000,2026년~2027년 교육행정데이터통합관리시스템 시도교육청 물적기반 유지관리,servc,42
R26BK01315603_000,국도20호선 산청 시천-단성간 수해상습지역 개선공사 임목폐기물처리용역,servc,38
R26BK01315881_000,2026년 통일문화 콘텐츠 공모전 기획 및 운영(긴급),servc,30
R26BK01315950_000,과천지식정보타운 문화체육시설 건립 공사 시공단계의 감독권한대행 등 건설사업관리 용역(전기),servc,50
R26BK01315951_000,2026 한국문화원연합회 시스템 유지관리 용역,servc,25
R26BK01316000_000,남해 서면-여수 신덕 국도건설공사 불연성 건설폐기물 처리용역,servc,33
R26BK01316018_000,2026년 연구용역(수도권 예보정확도 향상을 위한 국제공동 집중관측자료 활용기술개발(V))계약,servc,52
R26BK01316081_000,2026년 세대별 성별 지역어 변이 조사,servc,22
R26BK01316143_000,서울과학기술대학교 승강기 유지관리 용역,servc,21
R26BK01316285_000,기후변화 피난처 풍혈지 생물상 조사(3),servc,22
R26BK01316317_000,2026년 장애인 독서문화 프로그램 지원 위탁 사업,servc,28
R26BK01316340_000,2026년 국회부산도서관 지식문화프로그램 운영 사업,servc,28
R26BK01316370_000,2차년도 역사문화자원 보존관리 및 정책활용 지원 연구 용역,servc,32
R26BK01316462_000,(가칭)오송2고등학교 외 1원[(가칭)내곡유치원] 신축공사 건설사업관리용역,servc,41
R26BK01316495_000,2026년 클라우드 전환 및 업무서비스 개선 사업,servc,27
R26BK01316500_000,2026년 신규감독관교육TF 셔틀버스 운행 용역,servc,26
R26BK01316539_000,2026년도 국회도서관 원문DB 구축사업(DBⅢ),servc,27
R26BK01316889_000,2026년 청년참여 거버넌스 운영,servc,18
R26BK01316912_000,2026년도 일월초등학교 통학차량 임차용역,servc,23
R26BK01316982_000,2026년 재외공무원 전지의료검진 사업 위탁 수행,servc,27
R26BK01317065_000,증평경찰서 신축공사 전기감리 용역,servc,18
R26BK01317356_000,2026년 외국의료인 온·오프라인 국내연수 운영 지원 및 홍보 위탁,servc,37
R26BK01317382_000,26-6 조달차량임차 싼타페하이브리드 4WD 배전건설 김원영,servc,33
R26BK01317427_000,코트디부아르 상수급수연결사업 초청연수 운영,servc,23
R26BK01317455_000,CODEX 사무국 운영 위탁사업,servc,17
R26BK01317503_000,통합 연계 고도화 PMO 사업,servc,16
R26BK01317614_000,전기감리 용역(청주서원경찰서 신축),servc,19
R26BK01317618_000,음료류 제조업체의 스마트 해썹 선도모델 개발 연구,servc,27
R26BK01317672_000,2026년 공무원 전직지원 컨설팅 위탁,servc,21
R26BK01317914_000,2026년 기상교육 이러닝 콘텐츠 개발,servc,21
R26BK01317962_000,SW 3자단가(플로우픽 큐 v1.0 (유지관리) (주)코지스),servc,34
R26BK01317971_000,SW 3자단가(플로우픽 큐 v1.0 (커스터마이징) (주)코지스),servc,36
R26BK01317977_000,2026년 나라장터 엑스포 해외바이어 수출상담회 통역 용역,servc,32
R26BK01317988_000,부안군 친환경 에너지타운 조성사업 기본 및 실시설계 용역,servc,31
R26BK01318037_000,2026학년도 부산대학교 양산캠퍼스 통학버스 운행 용역,servc,30
R26BK01318053_000,26-7 조달차량임차 쏘렌토하이브리드 4WD 배전건설 김원영,servc,33
R26BK01318091_000,청도생활문화복합센터건립사업전기사업관리용역,servc,22
R26BK01318100_000,2026년도 한국보건산업진흥원 온라인 홍보 기획 및 운영,servc,31
R26BK01318139_000,"2026년도 전기전자제품 및 자동차 유해물질 함유기준 준수여부 확인을 위한 시험,분석",servc,47
R26BK01318191_000,2026년 건축서비스산업 정보체계 유지관리,servc,23
R26BK01318198_000,26~27년도 강원도립대학교 정보시스템 통합유지보수 용역,servc,31
R26BK01318271_000,"2026년 법원 가사, 소년·가정·아동보호 법관 및 가사조사관 심층 심리상담 프로그램 위탁운영 사업",servc,55
R26BK01318276_000,양양 남대천 기수역 조성사업 기본 및 실시설계 용역,servc,28
R26BK01318352_000,장성2분구 하수관로 정비사업 기본 및 실시설계 용역,servc,28
R26BK01318364_000,국가문헌보존관지능정보화마스터플랜(ISMP) 수립,servc,26
R26BK01318376_000,의과대학 진로 역량을 통합한 e-졸업 포트폴리오 시스템 구축,servc,33
R26BK01318417_000,2026년 중요기록물 전산화(DB) 구축사업 용역,servc,27
R26BK01318484_000,2026년 5급 승진후보자 역량평가 과제개발 및 교육·평가 위탁 운영,servc,38
R26BK01318506_000,「2026 국제 한반도 포럼(GKF)」프로그램(국내외 세미나) 위탁용역,servc,39
R26BK01318594_000,2026년 국립중앙과학관 특별전시장 관리용역,servc,24
R26BK01318623_000,2026년 국립대한민국임시정부기념관 학술회의 운영 대행 용역,servc,33
R26BK01318946_000,"《로드 무비 1945년 이후 한·일 미술》 전시작품 운송·설치, 철거 및 반출 용역",servc,46
R26BK01318996_000,NextHub in 충청 신축사업 전기설계용역,servc,25
R26BK01319024_000,생활분야 예비문화유산(동산) 목록화 조사연구 용역,servc,27
R26BK01319034_000,그린스마트스쿨 황간초 임대형 민자 사업(BTL) 감독권한대행 등 건설사업관리용역,servc,44
R26BK01319064_000,(가칭)미래융합체험교육원 외 1기관[(가칭)꿈꾸는체험교육원] 건립공사 건설사업관리용역,servc,47
R26BK01319106_000,미역여등표 등 7개소 설치공사 기본 및 실시설계용역,servc,28
R26BK01319135_000,안전보건 콘텐츠 자료 관리 및 포장·발송 용역,servc,25
R26BK01319386_000,2026년 상반기 중원구 정밀안전점검 용역(대원터널(상행) 등 11개소),servc,40
R26BK01319420_000,정문 및 주변환경개선공사 폐기물 처리용역,servc,22
R26BK01319454_000,2026년 경기도장애인복지종합지원센터 팔도누림카 특장버스 임차,servc,34
R26BK01319490_000,불합리한 기술규제 개선을 통한 ‘26년도 기술규제 전주기 합리화 추진,servc,38
R26BK01319684_000,그린스마트스쿨 충주성남초 임대형 민자 사업(BTL) 건설사업관리용역,servc,37
R26BK01319714_000,2026년 해양예측정보 종합분석 및 특화 해양예보,servc,27
R26BK01319832_000,K-콘텐츠 지식재산 권리화 지원 사업 홍보 및 교육,servc,28
R26BK01319878_000,정보보호제품 성능평가 및 컨설팅 수행,servc,20
R26BK01319946_000,정보보호 공시 사전점검 및 컨설팅 지원 용역,servc,24
R26BK01320025_000,2026년 IBS 본원 의료폐기물 위탁운반 및 처리 용역,servc,31
R26BK01320119_000,제4기(23~27) 국가산단지역 주민 환경오염노출 및 건강영향조사(Ⅳ)(노출 및 실태조사),servc,50
R26BK01320264_000,2026년 UNSIAP 협력 초청연수 과정 위탁운영 사업 계약 요청,servc,37
R26BK01320496_000,백석국민체육센터 외 2개소 전기 통합감리용역,servc,24
R26BK01320507_000,기타공공기관 2025년도 경영실적 평가 및 2026년도 평가 편람 마련 연구,servc,42
R26BK01320741_000,2026년 뉴스 저작물 이용 및 스크랩 대행 용역,servc,27
R26BK01320759_000,시민과학자 생물다양성 모니터링(2026년),servc,23
R26BK01320897_000,"판교대장 종합사회복지관, 여수동 복합문화시설, 여수동 보훈회관 건립 전기공사 통합감리용역",servc,49
R26BK01320956_000,경찰청 AI 통합플랫폼 ISP 사업,servc,19
R26BK01321046_000,26-D-00부대 설계용역(B508),servc,20
R26BK01321049_000,아시아헌법재판소연합 연구사무국 제5차 연구관 국제회의 행사대행 용역,servc,37
R26BK01321057_000,국립어린이청소년도서관 개관 20주년 특별전 연출 및 설치,servc,31
R26BK01321062_000,"UNIST 챌린지융합관 신축 건축분야 및 통신, 소방 건설관리용역(CM)",servc,40
R26BK01321111_000,외국인근로자 무료진료소 이동검진 차량 지원 위탁운영 사업,servc,31
R26BK01321132_000,제1차 국내입양활성화 기본계획(27~31) 수립,servc,26
R26BK01321152_000,2026년 한국지능정보사회진흥원 채용대행 용역,servc,25
R26BK01321211_000,2026년 직원 기념일 케이크 제조 배송서비스 계약,servc,28
R26BK01321251_000,국토교통R&D 대표성과 가치 및 파급효과 분석,servc,25
R26BK01321348_000,NextHub in 충청 신축사업 설계용역,servc,23
R26BK01321359_000,온라인수출플랫폼 클라우드 전환 및 재구축,servc,22
R26BK01321407_000,서울대학교 관악캠퍼스 교직원주택 경비용역,servc,22
R26BK01321460_000,2026학년도 국립순천대학교 생활폐기물 처리 용역,servc,27
R26BK01321469_000,서울대학교 관악캠퍼스 교직원주택 청소용역,servc,22
R26BK01321587_000,"2026년 배수펌프장, 배수문 정밀안전점검 용역",servc,26
R26BK01321590_000,2026년 대구광역시교육청 SNS 운영 용역(긴급),servc,28
R26BK01321688_000,"상용SW 제3자단가계약((주)제윤, 음성인식회의록편집기 v2.1(유지관리))",servc,42
R26BK01321723_000,"상용SW 제3자단가계약((주)제윤, 통합전자회의시스템 v1.0(유지관리))",servc,41
R26BK01321861_000,2026년 의료제품 심사 직무 전문교육 위탁 운영,servc,27
R26BK01321887_000,2026년 이공분야 학술단체지원 사업 민간위탁 용역 계약,servc,31
R26BK01321913_000,2026년 환경보건시스템 통합 유지관리,servc,21
R26BK01321917_000,홍천 자연재해위험개선지구 정비사업 감독권한대행 등 건설사업관리용역,servc,36
R26BK01321983_000,제설제용 염화칼슘 타소비축보관관리 용역계약(해천케미칼),servc,30
R26BK01322056_000,대구보훈병원 서관동 증축사업(건설사업관리용역),servc,25
R26BK01322090_000,고성군 기초조사정보체계 고도화 사업,servc,19
R26BK01322123_000,2026년 보급형 모델정원 개발·보급,servc,20
R26BK01322218_000,"상용SW 제3자단가계약(모코엠시스, 엠파워이지스-씨 v3.0(커스터))",servc,39
R26BK01322220_000,2026년 대학정보공시 차세대 통합시스템 구축,servc,25
R26BK01322251_000,국방이음 및 국방시설통합정보체계 기반운영환경 구축사업,servc,29
R26BK01322355_000,2026년 영주귀국 사할린동포 법률지원 용역,servc,24
R26BK01322410_000,2026년 대국민 기상기후교육,servc,16
R26BK01322470_000,송지호 스카이워크(보행교) 기본 및 실시설계용역,servc,26
R26BK01322503_000,2026년 재난안전기업 통합한국관 운영 사업,servc,24
R26BK01322739_000,사우디아라비아 지능형 에너지효율 및 안전 시험 통합관리 IoT 소프트웨어 개발,servc,43
R26BK01322787_000,제설제용 염화칼슘 타소비축보관관리 용역계약(제일트레이딩),servc,31
R26BK01322827_000,제설제용 염화칼슘 타소비축보관관리 용역계약(지오에코텍),servc,30
R26BK01322950_000,경산대임 A-4BL 공동주택 설계용역,servc,20
R26BK01322984_000,2026년 안산시 국토이용정보체계 정비 및 현행화 용역,servc,30
R26BK01323247_000,2026년 남북 이산가족 영상편지 제작 사업,servc,24
R26BK01323341_000,2026년 지능형 계량기 유통관리시스템 운영유지관리,servc,28
R26BK01323599_000,2026년 글로벌 바이오 콘퍼런스(GBC),servc,23
R26BK01323616_000,대농3지구(2) 복개구조물 정밀안전진단 용역,servc,24
R26BK01323640_000,2026년 GAP 농산물 안전성 분석 위탁사업,servc,25
R26BK01323762_000,소비자 피해예방을 위한 식의약 안전 자율감시활동,servc,26
R26BK01323772_000,안성시 공공산후조리원 및 가공·유통지원센터 건립공사 전기감리 용역,servc,36
R26BK01323801_000,2026년 KERIS 구성원 교육훈련 위탁운영,servc,25
R26BK01323847_000,2026년도 5급 승진후보자 역량향상과정 과제개발 및 운영용역,servc,34
R26BK01323861_000,지역모델의 물리역학 과정 및 초기장 개선 기술 개발,servc,28
R26BK01323865_000,지능형 가스안전 통합관리 시스템 구축 ISP 수립 용역,servc,30
R26BK01323872_000,2026년 해외조달시장 전문인력 양성과정 위탁 용역,servc,28
R26BK01323924_000,2026년 실시간 이안류 감시체계 운영,servc,21
R26BK01323936_000,AI기반 해저지형 자료분석 및 활용,servc,19
R26BK01323947_000,국가통합공공망 상호운용성 확보를 위한 용역,servc,23
R26BK01323995_000,세종학당재단 모바일 학습 앱 서비스 기능 개선 및 운영,servc,30
R26BK01324002_000,2026년 디지털정부 해외진출 컨설턴트 교육과정 운영지원,servc,31
R26BK01324037_000,직무기초능력 활용가이드 개발,servc,15
R26BK01324058_000,온라인 청년정책 통합플랫폼 2차 구축,servc,20
R26BK01324099_000,2026년 FTA 이러닝 교육 운영사업,servc,21
R26BK01324106_000,2026년 이산가족 초청행사,servc,15
R26BK01324129_000,2026년 경상국립대학교 소방시설 유지 및 점검관리용역,servc,30
R26BK01324160_000,2026년 국민 체감안전도 조사 용역,servc,20
R26BK01324246_000,2026 APCERT 국제 공동 모의훈련 운영,servc,25
R26BK01324340_000,인터넷 담배 판매·광고 모니터링,servc,17
R26BK01324342_000,2026년 충남도립대학교 정보시스템 통합유지관리 용역,servc,29
R26BK01324362_000,비축 목표소요일수 및 배정한도량 재산정 연구용역,servc,26
R26BK01324385_000,2026년 1301검찰콜센터 상담인력 위탁용역 사업,servc,28
R26BK01324394_000,2026년 바이오의약품 해외진출 종합지원 사업,servc,25
R26BK01324407_000,6.25전쟁 제76주년 행사 대행용역,servc,20
R26BK01324453_000,2026년도 공공조달물품 인증참조정보 조사 및 유지관리 용역,servc,33
R26BK01324518_000,[긴급] 월평중 공간재구조화 리모델링공사 건설폐기물 처리용역(매립),servc,37
R26BK01324534_000,2026년 기획예산처 소셜미디어 운영 및 활성화,servc,26
R26BK01324568_000,토큰증권 플랫폼 운영 구축 사업 SI 용역,servc,23
R26BK01324572_000,2026년 울산기후위기대응교육센터 체험 프로그램 차량 임차 용역,servc,35
R26BK01324576_000,2026년 에쓰오일 사회공헌 프로그램(제주도 캠프) 운영 용역,servc,34
R26BK01324584_000,강남초 그린스마트스쿨 증축공사 건설폐기물처리용역(중간처리-계속비),servc,36
R26BK01324606_000,"상용SW 제3자단가계약((주)에스티엔인포텍, InfoMap v5.0(유지관리))",servc,44
R26BK01324637_000,제9회 전국동시지방선거 전산장비 전문기술지원 용역,servc,27
R26BK01324648_000,2026년도 클린스마트모바일 시스템 운영 유지보수,servc,27
R26BK01324655_000,"상용SW 제3자단가계약((주)에스티엔인포텍, InfoMap v5.0(커스터))",servc,43
R26BK01324692_000,환경위성(GEMS) 지상농도 산출기법 확대 적용 및 자료 생산(II),servc,38
R26BK01324715_000,2026년 ICT기금 사업비 집행 관리 지원 회계법인 선정,servc,32
R26BK01324773_000,2026년도 대법원청사 및 공관 등 조경관리용역,servc,26
R26BK01324810_000,"상용SW 제3자단가계약((주)우보재난시스템, 지능형통합관제시스템 V1.0(유지관리))",servc,47
R26BK01324825_000,2026년 국가평생교육진흥원 정보시스템 통합 유지보수,servc,29
R26BK01324838_000,"상용SW 제3자단가계약((주)에스티이지, E-GENE ITSM v6.0(커스터))",servc,45
R26BK01324844_000,2026년 현장특수교육 제33권 발간,servc,20
R26BK01324855_000,"2026년 해외 한국바로알림서비스 운영 지원(번역, 모니터링 등) 사업",servc,39
R26BK01324873_000,만호해역 김 양식장 어장수용력 산정,servc,19
R26BK01324909_000,국회청사 소방시설 종합점검 용역,servc,17
R26BK01324937_000,2026년 주요정보통신기반시설 취약점 분석·평가,servc,26
R26BK01324985_000,대기전층농도 관측기법 확대 및 성능향상을 통한 위성 전층 알고리즘 개선 연구(Ⅰ),servc,45
R26BK01325251_000,2026년 식의약데이터센터 운영,servc,17
R26BK01325260_000,2026년 국립문화유산연구원 소식지 발간 용역,servc,25
R26BK01325329_000,2026년 글로벌항공안전시스템 공동기능개선 및 유지관리,servc,30
R26BK01325350_000,2026년 항공안전 IT 시스템 운영 및 유지관리,servc,27
R26BK01325389_000,"특별전 조선, 프랑스를 만나다 전시품 포장, 운송 및 설치",servc,32
R26BK01325465_000,2026년 창업·사업화 지원사업 사업비 관리 교육 및 모니터링,servc,34
R26BK01325483_000,2026년 국립문화유산연구원 홍보 대행 용역,servc,24
R26BK01325518_000,2026년 경제안보 민관협의체 운영 및 협력방안 연구 운영,servc,32
R26BK01325566_000,신대 공공하수처리시설 설치사업 건설사업관리용역,servc,25
R26BK01325580_000,2026년 개인정보 보호 관리체계 강화 및 영향평가 사업,servc,31
R26BK01325596_000,장애영아 교육활동 현장지원 자료 개발,servc,20
R26BK01325715_000,2026 도핑방지 온라인 홍보 운영,servc,19
R26BK01325761_000,25년 재난안전정보시스템 개편 2단계,servc,20
R26BK01325773_000,2026년 독도아카데미 운영 용역,servc,18
R26BK01325818_000,2026년 국가 대기오염물질 배출량 산정 및 분석(24년 기준),servc,35
R26BK01325819_000,2026 K-관광섬 컨설팅 및 모니터링 용역,servc,24
R26BK01325866_000,(기획-지원) 2026년 한국농수산대학교 홍보 대행 용역업체 선정,servc,36
R26BK01325924_000,경기분원 경비 및 미화 근로자 도급,servc,19
R26BK01326195_000,2026년 소상공인 실태조사(표본설계 및 운영),servc,26
R26BK01326212_000,2026 ACC 뉴스트(NEWST) 전시 운영 용역,servc,28
R26BK01326218_000,2026년 국민과 함께하는 제대군인 취창업박람회 대행용역,servc,31
R26BK01326221_000,2026년 수산물 원산지 표시제도 홍보,servc,21
R26BK01326267_000,2026년 산림복원지 사후 모니터링(산불피해지 복원),servc,29
R26BK01326401_000,국도4호선 경산 하양 남하-대구시계 단구간 확장공사 재해영향평가 건설엔지니어링(1차),servc,47
R26BK01326443_000,부유성 사고잔해물 추적기술 개발,servc,17
R26BK01326709_000,사벌권역 관광벨트 연계도로 송수관로 이설공사 지하시설물도 작성용역,servc,36
R26BK01326777_000,덕수궁 조원문 권역 복원정비 실시설계용역,servc,22
R26BK01326857_000,기후변화와 해조류 생산량 변동 분석,servc,19
R26BK01326952_000,2026년 아동종합실태조사,servc,14
R26BK01327140_000,국립대구과학관 2026년 특별기획전 운영 위탁 용역(수정),servc,32
R26BK01327326_000,화학제품관리 차세대 플랫폼 구축(3차년도),servc,23
R26BK01327343_000,옥화9경 은퇴자마을 조성사업 프로그램 용역,servc,23
R26BK01327403_000,K-콘텐츠 IPR기반 해외 지식재산 권리화 지원,servc,26
R26BK01327414_000,2026년도 자기공명영상촬영장치(MRI) 유지보수,servc,27
R26BK01327531_000,2026년 아세안 교통공무원 초청연수 위탁,servc,23
R26BK01327564_000,국가재정운용계획 수립 지원,servc,14
R26BK01327571_000,2026년 ICT 기술사업화 페스티벌 기획 운영 용역,servc,29
R26BK01327597_000,EBS 인공지능 기반 영어말하기 학습지원 서비스 운영,servc,29
R26BK01327606_000,2026년 해양수산 투자활성화 지원사업,servc,21
R26BK01327613_000,2026년 지방재정지 제작 및 발간,servc,19
R26BK01327618_000,2026 유튜브 영상콘텐츠 제작 및 운영 용역,servc,25
R26BK01327643_000,영월-삼척 고속도로 타당성조사(평가) 용역,servc,23
R26BK01327664_000,2026~2027년 승강기 유지보수 용역,servc,22
R26BK01327665_000,2026년 경기도교육청 안전보건교육 위탁용역,servc,24
R26BK01327675_000,2026 국보순회전 전시 행사 개최,servc,19
R26BK01327680_000,2026년도 유엔참전용사 유해봉환식 및 안장 추진용역,servc,29
R26BK01327739_000,국방전자조달시스템 고도화 사업 개인정보영향평가 용역,servc,28
R26BK01327752_000,2026년 특정성별영향평가 운영 위탁사업,servc,22
R26BK01327804_000,2026년 튀니지 통계역량강화사업,servc,18
R26BK01327819_000,26년 부동산거래 전자계약시스템 유지관리 용역계약,servc,27
R26BK01327843_000,2026년 원격직무연수 콘텐츠 개발,servc,19
R26BK01327886_000,2026 해외 미술시장 관계자 초청 및 한국화랑 방문 프로그램 운영 대행 용역,servc,43
R26BK01327888_000,그린스마트미래학교 예산초 외 2교 임대형 민자사업(BTL) 건설사업관리용역(감독권한대행),servc,49
R26BK01327926_000,2026년 수사자료 분석 교육·워크숍,servc,20
R26BK01327941_000,연근해 수산자원 먹이생물 및 먹이망 변동 통합 분석,servc,28
R26BK01327948_000,2026년 용산공원 국민 소통·참여 프로그램,servc,24
R26BK01327966_000,2026년 유튜브 성인생활문해교실 제작 및 활성화,servc,27
R26BK01328085_000,그린스마트 미래학교 연무마이스터고 임대형 민자사업(BTL)건설사업관리용역(감독권한대행),servc,48
R26BK01328087_000,제18회 미래내모습그리기대회 행사대행 용역,servc,23
R26BK01328103_000,2026년 산림교육 운영사업(유아숲),servc,20
R26BK01328127_000,"무궁화15호 정기수리(선체, 기관) 용역",servc,22
R26BK01328166_000,26-D-00부대 설계용역(B509),servc,20
R26BK01328268_000,2026년 해양수산 사이버 교육 콘텐츠 개발 용역,servc,27
R26BK01328345_000,청항선 건조 기본 및 실시설계용역,servc,18
R26BK01328403_000,2026~2028년 기후위기 취약성 평가도구(VESTAP)운영,servc,34
R26BK01328439_000,2026년 장애인 문해교육 디지털 콘텐츠 개발,servc,25
R26BK01328785_000,제8차 한-태평양도서국 고위관리회의,servc,19
R26BK01328797_000,내포 자동크린넷(자동집하시설) 위탁 용역,servc,22
R26BK01328822_000,무궁화7호 정기적 수리(선체·기관) 용역,servc,22
R26BK01328823_000,2026년 국가미세먼지정보센터 정보시스템 통합 유지관리 용역,servc,33
R26BK01328935_000,"2026년 충북대학교 폐유기용제, 폐산, 폐알칼리, 연구·검사용폐시약(액상, 고상) 위탁처리용역",servc,53
R26BK01328993_000,2026년 울산마을교육공동체거점센터 학교연계교육과정 체험버스 임차 용역,servc,39
R26BK01329031_000,2026년도 중요기록물DB구축 및 보존기록물 정수점검 용역,servc,32
R26BK01329096_000,2026년 국회기록원 개원 기념 기획전 전시연출 설계 및 제작 설치,servc,37
R26BK01329524_000,"한국전력공사 대구본부 업무용 차량 임차(EV6, 1대)",servc,30
R26BK01329543_000,베트남 온라인 NPL 거래 플랫폼 고도화 사업 감리 용역,servc,31
R26BK01329592_000,2026년 충북대학교 의료폐기물 위탁처리 용역,servc,25
R26BK01329748_000,2026년 국외 한국어교원 역량 강화를 위한 K-티처 프로그램 개발 및 운영,servc,42
R26BK01329876_000,2026 성희롱·성폭력 대응 역량 강화 사업,servc,24
R26BK01329914_000,강원대학교 비전 선포식 행사 대행 용역,servc,21
R26BK01329937_000,AI기반 폭력예방교육 혁신 ISP,servc,18
R26BK01329965_000,2026년 관할해역 해양기본조사(울진부근),servc,23
R26BK01330071_000,2026년 해양예측시스템 현업 운영기반 개선,servc,24
R26BK01330091_000,2026 세계한인입양동포대회 기획 및 운영,servc,23
R26BK01330158_000,2026년도 강원LRS공유대학본부  (가칭) 미래e모빌리티융합전공 지·산·학·연 연계 교과목 원격수업 콘텐츠 개발,servc,63
R26BK01330239_000,2026년 건강보험심사평가원 유튜브 영상 제작 및 사내방송 지원 용역,servc,38
R26BK01330393_000,2026년 군 성폭력 실태조사,servc,16
R26BK01330435_000,2026년도 중앙모니터링센터 운영 위탁 사업,servc,24
R26BK01330535_000,2026년 청년 해외취업지원사업 종합 홍보용역,servc,25
R26BK01330554_000,2026년 우주항공청 온라인 채널(SNS) 제작˙운영 및 홍보지원 용역,servc,39
R26BK01330648_000,공공기관 결산시스템 운영관리 및 기능개선,servc,22
R26BK01330687_000,2026 정책 브랜딩 디지털 캠페인,servc,19
R26BK01330776_000,2026년 벌과금 미납자 예금 전자압류서비스,servc,24
R26BK01330781_000,26~28년도 IBS 업무시스템 유지관리,servc,22
R26BK01330793_000,2026년 소상공인 실태조사(실사 및 마이크로데이터 생산),servc,32
R26BK01330832_000,"상용SW 제3자단가계약((주)제윤, 통합전자회의시스템V1.0(커스터))",servc,39
R26BK01330844_000,"상용SW 제3자단가계약((주)제윤, 제윤음성인식회의록 편집기V2.1(커스터))",servc,43
R26BK01330851_000,국가민속문화유산 전통복식 정밀조사 연구,servc,21
R26BK01330862_000,배출권거래제 2025년 명세서 적합성 평가 업무지원,servc,28
R26BK01330890_000,2026년 국립어린이청소년도서관 실감 콘텐츠 개발,servc,27
R26BK01330906_000,2026년 한국어-외국어 말뭉치 구축,servc,20
R26BK01330923_000,2026년도 영해기준점 표지 보험 가입,servc,21
R26BK01330961_000,2026년 한강유역 환경 홍보 용역,servc,19
R26BK01330987_000,"2026년 국립국어원 공공언어 온라인 홍보 체계 수립, 운영",servc,33
R26BK01330989_000,2026년 영농폐기물 수거사업소 운영관리 용역,servc,25
R26BK01330990_000,문화유산수리 등 실태조사 및 체계 정비 방안 수립 용역,servc,30
R26BK01331012_000,2026년 직원역량 개발 교육 위탁운영 계약,servc,24
R26BK01331062_000,2026년 전국과학관 네트워크 사업,servc,19
R26BK01331066_000,2026년 국외 보훈사적지 답사 프로그램 대행용역,servc,27
R26BK01331072_000,2026년 지역문화통합정보시스템 운영 및 기능개선 사업,servc,30
R26BK01331076_000,(복원관리과) 2026년 기록물 디지털화 사업,servc,25
R26BK01331089_000,(용역) 2026년 국립산림과학원 홍릉숲해설 위탁 운영 용역,servc,33
R26BK01331105_000,2026년 ICT  기술수준 및 기술경쟁력 조사 분석,servc,29
R26BK01331167_000,AI 친화적 통계 메타데이터 구축을 위한 ISP 수립 사업,servc,32
R26BK01331384_000,안동시 공공형 지식산업센터 건립 공사 외 1건 통합건설사업관리 용역,servc,37
R26BK01331546_000,26년 청소년 평화통일 리더십 캠프 사업,servc,22
R26BK01331625_000,26-N-00부대 유휴시설 철거 등 7건 설계용역(C001),servc,33
R26BK01331671_000,군포시 지능형교통체계(ITS) 기본계획 수립 용역,servc,27
R26BK01331801_000,2026년 식중독균 유전자형(PFGE) 분석 위탁 사업,servc,30
R26BK01331805_000,2026년 감시정 선박보험 및 선주배상책임보험 용역,servc,28
R26BK01331913_000,필리핀 세부주 대상 재난위험경감을 위한 조기경보체계 구축,servc,31
R26BK01331941_000,마음챙김에 기반한 자살 예방 인지행동치료 프로그램 `하루` 고도화 및 효과성 검증,servc,45
R26BK01331953_000,2026년 결혼중개업 실태조사,servc,16
R26BK01331971_000,2026학년도 사업장(일반)폐기물 처리 용역,servc,24
R26BK01332108_000,차세대 전자정부 표준프레임워크 발전방안 수립,servc,24
R26BK01332129_000,경상국립대학교 승강기 유지관리 용역(26~27년),servc,27
R26BK01332134_000,2026~2027년 대법원 청사 승강기 관리용역-총무638,servc,32
R26BK01332199_000,2026년 국립공주대학교 공주캠퍼스 승강기 유지보수 용역,servc,31
R26BK01332287_000,제천시 매립장(2-2단계) 증설사업 기본 및 실시설계용역,servc,31
R26BK01332447_000,행정리경계 공간DB 구축 사업,servc,16
R26BK01332458_000,(26F001-G)26년 교육정보종합시스템 SW 유지보수 용역,servc,34
R26BK01332550_000,26-M-00부대 소음저감시설 등 8건 설계용역(C002),servc,32
R26BK01332559_000,2026년 독립운동사료 데이터베이스 구축,servc,22
R26BK01332607_000,2026년 공직생활실태조사 설문조사 용역,servc,22
R26BK01332621_000,경찰대학 국제경찰교육훈련센터 증축공사 통신 관급자재(네트워크) 설비 용역사업 계약 요청,servc,48
R26BK01332679_000,통합신고관리시스템 기능개선,servc,14
R26BK01332763_000,2026년 경기도의회 도민인식조사 용역,servc,21
R26BK01332802_000,2026학년도 충북대 승강기 유지관리 용역,servc,23
R26BK01332805_000,Agentic AI 기반 학습설계 및 진로성장 지원 플랫폼 구축 사업,servc,38
R26BK01332820_000,2026년 국어 사용 실태 조사(문법),servc,21
R26BK01333014_000,정보통신망 서비스 사업자 선정(주사업자),servc,22
R26BK01333100_000,2026학년도 국립금오공과대학교 대구통학버스 운행 용역,servc,30
R26BK01333118_000,2026년 피싱범죄 홍보 대행사,servc,17
R26BK01333123_000,2026 제주 공공기관 홍보 플랫폼 채널운영 용역,servc,27
R26BK01333171_000,국도4호선 경산 하양 남하-대구시계 단구간 확장공사 소규모 환경영향평가 건설엔지니어링,servc,47
R26BK01333252_000,2026년 수도권매립지 주민편익시설 운영관리 용역,servc,27
R26BK01333274_000,2026년 장애학생 기본 교육과정 콘텐츠 개발,servc,25
R26BK01333310_000,2026 경기학생스포츠센터 프로그램 운영 교육용역,servc,27
R26BK01333466_000,2026년 부천시 공공하수처리시설 수질 원격감시체계(TMS) 관리대행 용역,servc,41
R26BK01333507_000,2026년 장애유형별 평생교육 디지털 콘텐츠 개발(기초문해),servc,33
R26BK01333530_000,소비자 참여형 수입식품 안전관리,servc,17
R26BK01333537_000,임차차량 [건축부],servc,10
R26BK01333604_000,‘25년 제주스마트도시 데이터허브 시범솔루션 발굴사업,servc,29
R26BK01333775_000,[긴급] 2026학년도 초등생존수영교육 차량임차 용역,servc,29
R26BK01333878_000,기상정보제공 시스템 네트워크 회선 증설 구축사업,servc,26
R26BK01333882_000,2026년 공정채용 기업교육 운영 용역,servc,21
R26BK01333923_000,2026년 폐·불법 어구 철거를 위한 수거철거전용선 위탁관리,servc,33
R26BK01333943_000,2026년도~2028년도기획예산처 정보시스템 위탁운영 및 유지관리사업,servc,38
R26BK01333954_000,화천 통합공공임대주택 건립공사 전기 책임감리용역,servc,26
R26BK01333962_000,2026학년도 한국교원대학교 교육정책전문대학원 1단 국외연수 용역,servc,36
R26BK01333966_000,2026 KO-PICK 쇼케이스 개최 지원 용역,servc,26
R26BK01334000_000,26년 수문조사시설 관측설비 유지보수 용역,servc,23
R26BK01334001_000,공공 AI 사업 효율화를 위한 제안서 평가지표  개선연구 용역,servc,34
R26BK01334017_000,2026년도 상반기 정부세종청사 소방시설(종합) 점검 용역,servc,32
R26BK01334045_000,위기청년지원스템 구축 ISP 수립,servc,18
R26BK01334051_000,2026년 공정채용 모니터링 및 동향분석 용역,servc,25
R26BK01334061_000,피지 ODA 사업 대상 기 구축 조기경보체계 사후유지관리 지원,servc,34
R26BK01334094_000,2026 K-시큐리티 수출상담회 수행 지원,servc,23
R26BK01334105_000,2026학년도 한국교원대학교 교육정책전문대학원 3단 국외연수 용역,servc,36
R26BK01334111_000,디지털서비스_한국아이티컨설팅_지원서비스,servc,21
R26BK01334209_000,2026 한-중남미 미래협력 포럼 준비 대행,servc,24
R26BK01334232_000,청년 진로정보 서비스 클라우드 전환 2단계 수행 및 개선 사업,servc,34
R26BK01334255_000,2026년 코리안메모리 콘텐츠 구축 사업,servc,22
R26BK01334266_000,26-D-00부대 설계용역(B507),servc,20
R26BK01334305_000,2026학년도 한국교원대학교 교육정책전문대학원 4단 국외연수 용역,servc,36
R26BK01334331_000,부산백양고등학교 공간재구조화 교사개축 전기·정보통신공사 설계용역,servc,35
R26BK01334365_000,(26F027-A) 문화예술단체 초청공연 제작 용역,servc,28
R26BK01334420_000,CBM작전모의모델(Build-I) 체계개발 감리용역사업,servc,30
R26BK01334468_000,26-D-00부대 설계용역(B513),servc,20
R26BK01334470_000,정보통신망 서비스 사업자 선정(부사업자),servc,22
R26BK01334481_000,2026 FEALAC 협력 사업,servc,17
R26BK01334553_000,고등교육기관 졸업자 취업통계 조사시스템 개편 및 클라우드 전환 1단계 수행 사업,servc,44
R26BK01334641_000,2026년 인공지능의 한국어 능력 표준 평가 과제 구축 및 활용,servc,35
R26BK01334665_000,2026년 한국형 상병수당 시범사업 평가 연구,servc,25
R26BK01334719_000,26-A-00부대 설계용역(A009),servc,20
R26BK01334755_000,(26F004-G)26년 교육정보종합시스템 SW 유지보수 용역,servc,34
R26BK01334758_000,ICT 융·복합 환경의 전자파 안전관리 방안 및 기반 구축 연구,servc,35
R26BK01334787_000,객관적 인공증우량 검증기술 개발 및 파급효과 분석 연구,servc,30
R26BK01335016_000,가칭 통합목포고 이설 신축공사 감독권한대행 등 건설사업관리용역,servc,34
R26BK01335096_000,연어류의 세균성 질병 치료제 및 면역증강제 상용화 방안 연구 용역,servc,36
R26BK01335143_000,26-F-스페이스챌린지 2026 행사장 운영 용역,servc,27
R26BK01335188_000,2026년 영천시 유튜브 영상 콘텐츠 제작 및 채널운영 용역,servc,33
R26BK01335189_000,2026년도 지식재산 정책소통 운영지원,servc,21
R26BK01335248_000,재정정보공개시스템 개편 사업,servc,15
R26BK01335357_000,2026 장애인 평생교육 현황조사(Ⅲ),servc,21
R26BK01335380_000,사용량 기반 의약외품 위해평가(정보조사),servc,22
R26BK01335486_000,2026년 경제교육종합포털 유지관리 및 기능개선 용역,servc,29
R26BK01335515_000,2026학년도 충북대 소방시설 유지관리 용역,servc,24
R26BK01335561_000,2026년 산청군 LP가스안전관리업무 대행사업,servc,25
R26BK01335620_000,임시의정원 개원 107주년 기념식 대행 용역 계약,servc,27
R26BK01335665_000,2026년 문화체육관광부 양성평등정책전략센터 운영 용역,servc,30
R26BK01335683_000,생활화학제품 자율안전관리 이행체계 구축,servc,21
R26BK01335740_000,2026년 다수공급자계약(MAS) 물품 등 규격표준화 위탁사업 용역,servc,37
R26BK01335746_000,(가칭)혁신초중학교 신축공사 감독권한대행 등 건설사업관리용역,servc,33
R26BK01335752_000,2026년 전국 도서관 운영평가 지원 사업 계약 의뢰,servc,29
R26BK01335769_000,2026년 청소년 언어문화 프로그램 운영,servc,22
R26BK01335849_000,2026년 통일교육 현장견학 사업,servc,18
R26BK01335855_000,2026 예술산업조사,servc,11
R26BK01335932_000,DW시스템 및 노후장비 개선 사업,servc,18
R26BK01335989_000,법정시스템 등 서버(DB) 이중화 용역,servc,21
R26BK01336025_000,2026년 김포 덕포진 역사문화체험관 디지털컨텐츠 제작·설치,servc,33
R26BK01336229_000,정책홍보 우수사례 국민투표 경진대회,servc,19
R26BK01336231_000,대구학생문화센터 본관 환경개선공사 감리용역,servc,23
R26BK01336318_000,2026년 기상청 주요정보통신기반시설 취약점 분석평가 용역,servc,32
R26BK01336322_000,도시정비 통합시스템 1차년도 구축 감리,servc,21
R26BK01336661_000,2026년 문화예술진흥기금 보조사업 평가 운영 용역,servc,28
R26BK01336755_000,2026년 해외취업 멘토링 등 정보제공 프로그램 운영 용역,servc,32
R26BK01336944_000,2026년 화학물질 유해성시험자료 생산(1),servc,24
R26BK01336945_000,26년 모바일 홈택스 고도화 구축 사업,servc,21
R26BK01336997_000,환경위성(GEMS) Level-0 자료 분석 및 검증 연구(II),servc,36
R26BK01337006_000,2026년도 국가기술자격 멀티미디어 실기시험 콘텐츠 개발 용역,servc,34
R26BK01337025_000,2026년도 지하수측정망 측정기기 유지관리,servc,23
R26BK01337059_000,[장기계속]  4대강수계 수질오염총량관리 관리기준 설정 연구(2026~2027),servc,44
R26BK01337060_000,2026년 항공시장 동향분석,servc,15
R26BK01337110_000,선거기록관 확장형 영구기록관리시스템 구축 감리용역,servc,27
R26BK01337140_000,제2차 어린이안전 종합계획 수립 연구용역,servc,22
R26BK01337164_000,2026년도 저자전거DB 구축사업,servc,18
R26BK01337197_000,2026년 재난 및 안전관리 분야 직무 발명대회 위탁 용역,servc,32
R26BK01337206_000,안동시 공공형 지식산업센터 건립 공사 외 1건 통합건설사업관리(전기) 용역,servc,41
R26BK01337225_000,2026년 디지털 아카이빙 시스템 통합 유지보수,servc,26
R26BK01337268_000,2026년 청년마을 만들기 용역사업,servc,19
R26BK01337277_000,2026년 경제안보 유사입장국 연구네트워크 강화 운영,servc,29
R26BK01337288_000,충청북도경찰청 수사동 증축사업(전기감리),servc,22
R26BK01337319_000,2026년 전문인력양성사업 식품실무교육 운영 용역,servc,27
R26BK01337328_000,2026년 인증제품 판로지원 및 확산사업,servc,22
R26BK01337329_000,2026년 서울과학기술대학교 기계설비 유지관리 용역,servc,28
R26BK01337370_000,국립목포대학교 2026학년도 통학버스 운행 용역계약(담양캠퍼스권),servc,36
R26BK01337467_000,2026년 감사원 정보시스템(OASYS) 유지관리,servc,27
R26BK01337594_000,2026년 미국 소재 한국 문화유산 디지털 콘텐츠 제작,servc,30
R26BK01337636_000,2026년 국가재난관리정보시스템(NDMS) 유지관리,servc,28
R26BK01337672_000,조달 계약(2026년 하천화상감시장치 통합 유지관리 용역),servc,32
R26BK01337678_000,의약외품 유해물질 등 주기적 모니터링 위탁사업,servc,25
R26BK01337713_000,2026년 이러닝 콘텐츠 개발(AI 활용 부문),servc,26
R26BK01337742_000,국가유공자 및 보훈가족 초청 위로 행사 대행용역,servc,26
R26BK01337769_000,2026년 SSIS 직원 핵심역량 강화 교육 위탁운영,servc,29
R26BK01337810_000,기상융합정보시스템 통폐합(이관 및 최적화),servc,23
R26BK01337870_000,2026년 여성폭력 통합실태조사 예비조사,servc,22
R26BK01337918_000,해썹통합관리시스템 3단계 구축,servc,16
R26BK01337958_000,"통합 시설 관리 용역[기계,전기](INU 이노베이션센터, 미래관 E-BIZ, BIO COMPLEX, 송도캠퍼스)",servc,62
R26BK01337967_000,철도육교 등 (도로)시설물 3개소 성능평가용역(정밀안전점검 포함),servc,36
R26BK01337989_000,2026년 B그룹 안보전문강사 초빙교육,servc,21
R26BK01338063_000,튀니지 원산지 통합관리시스템 구축 사업 감리 용역,servc,27
R26BK01338087_000,2026년 총포화약안전관리시스템 기능개선 사업,servc,25
R26BK01338115_000,2026년 충북도립대학교 학사행정시스템 유지보수 용역,servc,29
R26BK01338122_000,2026년~2028년 국립한국교통대학교 충주캠퍼스 승강기 유지관리 용역,servc,39
R26BK01338218_000,2026년 국립세계문자박물관 정보시스템 통합유지관리,servc,28
R26BK01338540_000,(위탁)연료유형별 산림연료습도 모니터링 및 DB구축,servc,28
R26BK01338579_000,2026년도 국통바빅 전산인프라 유지보수,servc,22
R26BK01338604_000,2026년 실감형 콘텐츠 체험버스 운영,servc,21
R26BK01338662_000,2026년 모로코 관세행정 현대화 업무재설계(BPR) 컨설팅 사업,servc,36
R26BK01338710_000,2026년 한국어-한국수어 병렬 말뭉치 구축,servc,24
R26BK01338715_000,2026년 뉴미디어 통일교육 영상 및 종합홍보 콘텐츠 개발 사업,servc,35
R26BK01338758_000,중요 시청각 기록물 데이터베이스 구축,servc,20
R26BK01338787_000,2026년 중요기록물 DB구축사업,servc,18
R26BK01338861_000,2026년도 정보통신시스템 통합 유지보수 계약,servc,25
R26BK01338927_000,정보보호제품 성능평가 평가기준 개발 및 개선,servc,24
R26BK01338959_000,2026년도 서해청 VTS센터 주요정보통신기반시설 보안 취약점 분석평가 용역,servc,42
R26BK01338995_000,인니 국가해양관리를 위한 한국 정지궤도위성 활용시스템 구축,servc,32
R26BK01339063_000,2026년 시민사회단체 해외정책연수,servc,19
R26BK01339084_000,2026년 국립민속박물관 홍보채널 운영 용역,servc,24
R26BK01339204_000,2026년도 전력기금 여유자금운용 성과평가 및 위험관리 용역,servc,33
R26BK01339349_000,미생물 등 14종 숙련도 평가용 시료 제조,servc,23
R26BK01339461_000,식품유형 분류 원칙 개선 및 사례 중심 가이드 마련 연구,servc,31
R26BK01339548_000,RIT 특수구조전술훈련센터 건립 연구용역,servc,22
R26BK01339684_000,사전적합확인 건축자재 오염물질 방출량 조사(2026),servc,29
R26BK01339897_000,서정역세권 도시재생사업 서두물긷븐길 페스티벌 운영 용역,servc,30
R26BK01339932_000,2026년 온국민평생배움터 플랫폼 기능개선 및 유지보수,servc,30
R26BK01340071_000,2026년 중요기록물 전산화( DB구축) 및 정리사업,servc,29
R26BK01340113_000,2026년 유아사교육비 조사 계약,servc,18
R26BK01340120_000,기초학습능력검사 개정 연구(3/4년),servc,20
R26BK01340141_000,2026년 재난안전기업 판로개척 지원 사업,servc,23
R26BK01340168_000,2026년 탐구20호 갑판·기관부 정기수리,servc,23
R26BK01340169_000,소규모 식품업체 맞춤형 기술지원 서비스,servc,21
R26BK01340277_000,2026년도 하도급거래 실태조사,servc,17
R26BK01340282_000,2026년 전국과학경진대회 운영대행용역 계약,servc,24
R26BK01340332_000,Geo-Ring 국제공동연구를 통한 환경위성 검증 및 북반구 대기오염 연구(Ⅱ),servc,44
R26BK01340339_000,26~27년 차세대 네트워크 선도 연구시험망 운용센터(NOC) 운영,servc,37
R26BK01340348_000,사벌국면 지방상수도 확장공사 지하시설물도 작성 용역,servc,28
R26BK01340404_000,2026년 교육정책네트워크 교육정책 해외사례조사 용역,servc,29
R26BK01340442_000,경부선철도 횡단도로 개설공사 건설폐기물 위탁처리 용역,servc,29
R26BK01340447_000,지능형농기계 실증단지 부지조성 공사 착공식 대행,servc,26
R26BK01340473_000,항공기 충돌 중점관리종 생태특성 연구(1차년도),servc,26
R26BK01340490_000,2026년 폐기물처리시설 기술진단 환경오염물질 측정분석,servc,30
R26BK01340500_000,26년도 낙동강권역 국가·지방하천 하천범람지도 및 도시침수지도 갱신·보완 작성,servc,43
R26BK01340517_000,의약품 AI 심사 및 산업지원 체계 구축(1차) 감리 및 개인정보영향평가 용역,servc,43
R26BK01340546_000,수계 특성을 고려한 홍수예보 체계 마련 및 홍수특보 확대 대상 하천 검토,servc,40
R26BK01340549_000,2026년 천일염이력제 총괄집행 위탁사업,servc,22
R26BK01340558_000,2026년 천일염이력제 홍보 위탁사업,servc,20
R26BK01340567_000,2026년 3차원 해양지도 제작,servc,17
R26BK01340578_000,LNG 설비 제어시스템 설계,servc,15
R26BK01340595_000,"크리에이터스튜디오 상상플러스부산, 영도 시설운영",servc,26
R26BK01340626_000,인체 내 잔류성오염물질 모니터링 (III),servc,23
R26BK01340652_000,현업 대기질 모델 예측 성능 향상 연구(Ⅳ),servc,24
R26BK01340656_000,2026년 영동군 CCTV통합관제센터 시스템 유지보수 용역(협상에 의한 계약),servc,43
R26BK01340685_000,해외제조업소 현지실사 사업 통역서비스 등 부대업무 용역,servc,30
R26BK01340753_000,"글로벌 보건의료 조달시장 수요조사, 정보제공 및 입찰제안서 컨설팅",servc,36
R26BK01340764_000,제8차 근로환경조사 용역,servc,13
R26BK01340770_000,군포 복합물류터미널 민간투자사업의 효율적 개선 방안 연구용역,servc,33
R26BK01340771_000,비선형 지진해일 범람모델 개발 연구(Ⅰ),servc,22
R26BK01340779_000,청소년 숲리더 육성 위탁사업,servc,15
R26BK01340839_000,산림수계수치지도 구축(3차년도) 용역사업,servc,22
R26BK01340842_000,2026년 평생교육이용권 지원시스템 운영 및 유지보수,servc,29
R26BK01340860_000,2026년 제2기 국민참여위원회 구성 운영 등 지원,servc,28
R26BK01340874_000,여수시 금오도(장지) 섬 지역 특성화사업(1단계) 현장관리 운영 용역,servc,38
R26BK01340896_000,2026년 사이버침해대응센터 보안관제 및 시스템 통합유지보수 용역,servc,36
R26BK01340902_000,2026년 저탄소 농산물 인증 컨설팅 지원,servc,23
R26BK01340942_000,2026년도 SW·AI교육거점센터 디지털 교육 프로그램 참여 학생 수송용 차량 임차 용역 조달 계약 의뢰,servc,58
R26BK01341034_000,2026년 디지털인프라 진단 및 개선(기반SW) 용역,servc,29
R26BK01341036_000,K-콘텐츠 상표 출원 등 해외 지식재산 권리화 지원,servc,28
R26BK01341040_000,2026년~2027년 한국환경공단 정보시스템 통합 유지관리,servc,32
R26BK01341068_000,2026년 국민보건의료실태조사,servc,16
R26BK01341117_000,2026년 산업재산권 공보발간 및 표준기술문서 DB구축 사업,servc,33
R26BK01341253_000,국민통합 의제 발굴 등 온라인 소통 용역,servc,22
R26BK01341269_000,2026년 ICT R&D 사업 과제기획을 위한 특허동향 조사 및 사전경제성분석,servc,43
R26BK01341290_000,2026년 아날로그 항공사진 정사영상 제작,servc,23
R26BK01341347_000,K-콘텐츠 저작권 등 해외 지식재산 권리화 지원,servc,26
R26BK01341445_000,"학현,내기처리분구 하수관로 정비사업(2단계) 관로검사 및 준공검사 용역(전체분)",servc,44
R26BK01341458_000,2026년도 문화체육관광부 역량교육 및 평가운영 위탁계약,servc,31
R26BK01341459_000,강원대학교 삼척캠퍼스 도계생활관 인터넷 서비스 위탁 운영,servc,31
R26BK01341521_000,2026년 수거사업소 폐농약플라스틱병 운송용역,servc,25
R26BK01341555_000,2026년 약 바르게 알기 지원사업,servc,19
R26BK01341628_000,2026년 장애유형별 평생교육 프로그램 개발(성인 진로개발역량),servc,35
R26BK01341650_000,도시정비 통합시스템 1차년도 구축 용역,servc,21
R26BK01341660_000,2026년 소비자교육 위탁 용역사업,servc,19
R26BK01341681_000,남해로호 정기수리(선체·기관),servc,16
R26BK01341758_000,2026년 디지털미디어 피해 청소년 회복 지원 사업(2차),servc,32
R26BK01341979_000,국내 반입차단 원료 · 성분 표준물질 제조 및 안정성 확인,servc,32
R26BK01342033_000,천안시 지역특성 살리기 로컬 콘텐츠 개발,servc,22
R26BK01342059_000,음성군 장애인종합복지센터 감독권한대행 등 건설사업관리 용역,servc,32
R26BK01342079_000,2026년 자연유산 디지털데이터 구축,servc,20
R26BK01342080_000,"[지원] 건강정보 취약 장애인을 위한 알기 쉬운 건강정보 콘텐츠 및 활용 가이드라인 개발(발달, 청각장애를 중심으로)",servc,65
R26BK01342131_000,2026년 소통 및 역량강화 프로그램 개발 및 운영,servc,28
R26BK01342252_000,2026 소셜미디어 활용 한국의료 글로벌 홍보,servc,25
R26BK01342375_000,2026년도 소방시설 관리 용역,servc,17
R26BK01342380_000,항만순찰선 건조 기본 및 실시설계 용역,servc,21
R26BK01342477_000,대구연호 공공주택지구 간선설치공사(단지내) 위치탐사용역,servc,30
R26BK01342539_000,2025 인구주택총조사 행사 용역 사업,servc,21
R26BK01342553_000,26~28년 무공해차 통합누리집 업무프로그램 유지관리,servc,29
R26BK01342557_000,2026년 감척어선 폐업지원금 산정 기초조사 용역,servc,27
R26BK01342726_000,2026년 문화포털 홍보마케팅 용역,servc,19
R26BK01342777_000,2026년 경주경찰서 파출소 22개소 청소용역,servc,25
R26BK01342915_000,2026년 인권의식실태조사,servc,14
R26BK01342922_000,강원랜드 콜센터(교환/안내) 위탁운영용역,servc,22
R26BK01342948_000,2026년 경제총조사 통합시스템 구축 감리 사,servc,25
R26BK01343040_000,(성분검정과)반려동물 사료 영양표시 제도 기반 구축을 위한 사료 분석법 개발,servc,42
R26BK01343047_000,진주기계공업고등학교 실습장 및 청소년 직업체험관 증축공사 건설사업관리용역,servc,40
R26BK01343064_000,양자AI 융합 선도 기술 동향분석 및 사전기획점검 대응을 위한 연구,servc,37
R26BK01343082_000,점자능력 검정시험 시범 시행,servc,15
R26BK01343106_000,한국불교미술 용어사전 구축 연구(2차년),servc,22
R26BK01343120_000,2026년 스마트팜 현장실습형 교육(입문.활용) 운영,servc,29
R26BK01343122_000,(일반용역비) 동물용의약품 제조소 GMP 현장 평가 운영 위탁 용역(농특),servc,41
R26BK01343157_000,2026년 통합관제센터 연계 CCTV시설 유지보수(협상에의한 계약),servc,37
R26BK01343164_000,신기술 · 신개념 의약품 가이드라인 개발 사업-비임상시험 가이드라인,servc,37
R26BK01343170_000,기후변화과학교육사 양성 교육과정 표준교재 개발,servc,25
R26BK01343188_000,2026년 산림복원지 사후 모니터링(생태복원 등),servc,27
R26BK01343234_000,2026년도 산업통상부 변화관리 프로그램 운영 용역,servc,28
R26BK01343249_000,한국석유관리원 석유대체연료센터 신축공사 건설사업관리용역(시공단계),servc,36
R26BK01343269_000,2026년 장애학생 가족참여 국외체험연수,servc,22
R26BK01343329_000,"26-N-AI, 빅데이터 기반 기뢰전 작전지원체계 감리",servc,30
R26BK01343433_000,전파방송통신시스템 고도화 3차 감리,servc,19
R26BK01343449_000,통합관리사업장 악취 측정분석 용역,servc,18
R26BK01343526_000,울산광역시학생교육문화회관 문화예술1일체험 및 공연 관람 차량 임차 용역,servc,39
R26BK01343564_000,교육발전특구사업 글로벌인문리더 해외선진지 교류프로그램 입찰,servc,32
R26BK01343615_000,(26F003-G)메타버스기반 육군 모집홍보센터 유지관리/고도화,servc,35
R26BK01343648_000,2026년 전세사기 피해 예방 및 지원정책 홍보 대행,servc,29
R26BK01343776_000,"금강권역 홍수위험지도(하천범람, 내수침수) 신규/갱신 작성",servc,32
R26BK01343860_000,한국전력공사 인천본부 안전재난부 업무용 차량 임차용역,servc,29
R26BK01343892_000,르완다 지속가능한 플라스틱 폐기물 관리 및 재활용 기술지원 사업,servc,35
R26BK01343911_000,의학연구원 2026년도 희귀질환 진단지원 사업을 위한 전장유전체염기서열 분석 용역,servc,45
R26BK01344069_000,2026년 중도 시각장애인 점자 교육과정 개발 연구,servc,28
R26BK01344100_000,2026 대한민국 에너지대전 전시회 총괄 대행,servc,25
R26BK01344177_000,2026년 국가인공지능전략위원회 종합 홍보 대행,servc,26
R26BK01344219_000,(긴급) 2026학년도 학생 통학용 임차버스 운행 용역 조달 요청,servc,36
R26BK01344455_000,경상북도교육청 대국민서비스 통합 및 클라우드전환을 위한 정보시스템마스터플랜(ISMP)사업,servc,49
R26BK01344546_000,2026년 건축서비스산업 정보체계 클라우드 MSP 용역 사업,servc,33
R26BK01344576_000,2026년 학교 무선망 유지관리 사업,servc,20
R26BK01344653_000,2026 중앙아시아 복합문화행사 위탁운영,servc,22
R26BK01344678_000,2026년 교육정보시스템 주요정보통신기반시설 통합 취약점 분석·평가,servc,37
R26BK01344741_000,사천시 마도 섬 지역 특성화사업(1단계) 현장관리 운영 용역,servc,33
R26BK01344800_000,생활안전 위험요인 분석을 위한 시공간 데이터 활용 방안,servc,30
R26BK01344806_000,2026년 코리아넷 명예기자단 운영 사업,servc,22
R26BK01344839_000,2026년 전산장비 유지관리 용역,servc,18
R26BK01344908_000,에티오피아 유기성 폐기물 관리 및 순환경제 기술지원 사업,servc,31
R26BK01344939_000,안전사업지구 사업모델 개발 용역,servc,17
R26BK01344963_000,고용복지통합정보망 재구축 사업,servc,16
R26BK01344981_000,농정혁신 추진을 위한 지식정보 소통체계 구축 연구,servc,27
R26BK01344982_000,26-A-00부대 설계용역(A014),servc,20
R26BK01345160_000,2026년 산림교육(숲해설) 운영사업,servc,20
R26BK01345178_000,한강권역 하천범람지도 및 도시침수지도 갱신·신규 작성,servc,29
R26BK01345278_000,2026년 소상공인 손실보상시스템 운영 유지관리 용역,servc,29
R26BK01345287_000,2026년도 국회방송 프로그램 세트 설치 및 관리 용역,servc,30
R26BK01345310_000,2026년도 국정과제 정책만족도 조사,servc,20
R26BK01345314_000,여수시 금오도(직포) 섬 지역 특성화사업(1단계) 현장관리 운영 용역,servc,38
R26BK01345486_000,(사회기록과) 2026년 특수유형 기록물 정리사업,servc,27
R26BK01345584_000,광주광역시 서구 국가정보통신서비스 사업자 선정,servc,25
R26BK01345597_000,차세대 한국 전문가 연구모임 운영 및 관리,servc,23
R26BK01345681_000,국제감축사업 공모평가 및 지원기업 실무역량 강화 지원,servc,29
R26BK01345784_000,재정업무 연속성 확보 및 수작업 관리시스템 구축을 위한 컨설팅(ISP),servc,39
R26BK01345791_000,2026년 나이스 교육통계 시스템 개선·운영 사업,servc,27
R26BK01345904_000,2026년 개인정보 영향평가 및 보호수준 평가 컨설팅,servc,29
R26BK01345955_000,26-D-00부대 설계용역(B501),servc,20
R26BK01345996_000,"상용SW 제3자단가계약((주)제이디원, AI Platform One V1.0(커스터))",servc,48
R26BK01346011_000,(서비스정책과) 2026년 역사기록물 콘텐츠 서비스 기반 구축 사업,servc,37
R26BK01346012_000,2026년 예술경영지원센터 공연예술사업 평가 운영,servc,27
R26BK01346020_000,2026년 국립농업박물관 상반기 기획전 전시연출 설계 및 제작·설치 용역,servc,40
R26BK01346029_000,2026년 산업안전보건조사용역,servc,16
R26BK01346136_000,침해사고 가상 대응훈련,servc,12
R26BK01346151_000,2026년 발달장애인 평생교육과정 디지털 콘텐츠 개발,servc,29
R26BK01346224_000,2026년도 기후변화 상황지도 생산 및 서비스,servc,25
R26BK01346371_000,SW 3자단가(스마트로컬플랫폼 v1.0 (유지관리) (주)포스트미디어),servc,39
R26BK01346375_000,2026년 청년 산림창업기업 스케일업 지원,servc,23
R26BK01346394_000,SW 3자단가(스마트로컬플랫폼 v1.0 (커스터마이징) (주)포스트미디어),servc,41
R26BK01346401_000,구)동원탄좌 폐경석 사면보강공사 건설폐기물 처리용역,servc,28
R26BK01346424_000,국립대구과학관 2026년 과학문화 행사 및 공연 위탁 용역,servc,32
R26BK01346432_000,2026년 경찰차량 보험 사업자 선정,servc,20
R26BK01346453_000,지역 안전역량 강화 지원 용역,servc,16
R26BK01346496_000,2026년 수문기상 가뭄정보 시스템 고도화,servc,23
R26BK01346502_000,2026년 디지털인프라 진단 및 개선(소스코드) 용역,servc,29
R26BK01346515_000,2026년 신문 기사 원문 자료 수집 및 정제,servc,25
R26BK01346556_000,(안전성분석과) 2026년 농업용수 중 병원성 미생물 잔류실태 조사 위탁사업,servc,42
R26BK01346566_000,SW 3자단가(EXWORK AI Agent v1.0 (커스터마이징) (주)이베이테크),servc,47
R26BK01346567_000,2026년도 물환경정책시스템 유지관리,servc,20
R26BK01346748_000,섬진강 적성2지구 하천환경정비사업 임목폐기물 위탁처리용역(1차),servc,35
R26BK01346770_000,항공정보종합관리망(SWIM) 제작·구매 및 설치 전기설비 감리용역,servc,36
R26BK01346785_000,파주시 지능정보사회 종합계획 수립 용역,servc,21
R26BK01346910_000,2026년 수산물 원산지표시 실태조사,servc,20
R26BK01346912_000,2026년 꿈빚체험 활동 버스임차 용역,servc,21
R26BK01346956_000,국립 나주 에너지 전문과학관 건립 기본계획 수립 용역,servc,29
R26BK01347173_000,2026년도 패류 생산해역 위생조사 서해Ⅰ,servc,23
R26BK01347273_000,첨단재생의료 치료계획 심의를 위한 체계적 문헌고찰 평가 및 첨단재생의료 분야 안전성 관련 문헌 등 조사.분석 연구,servc,63
R26BK01347292_000,아이돌봄사 국가자격 관리시스템 구축 PMO 사업,servc,26
R26BK01347324_000,2026년도 패류 생산해역 위생조사 남해,servc,22
R26BK01347390_000,베트남 지속가능한 해양 플라스틱 재활용 기술지원 사업,servc,29
R26BK01347391_000,2026년도 패류 생산해역 위생조사 동해Ⅰ,servc,23
R26BK01347437_000,2026년도 패류 생산해역 위생조사 서해Ⅱ,servc,23
R26BK01347446_000,2026년 종합교육연수원 홈페이지 유지관리 및 운영지원,servc,30
R26BK01347527_000,디지털의료제품 시판 후 안전관리 체계 구축,servc,23
R26BK01347533_000,2026년 정보통신산업진흥원 직원 교육 운영 용역,servc,27
R26BK01347637_000,2026년 국립 목재문화체험장 관리·운영 용역,servc,25
R26BK01347668_000,"2026년 화성시 상수도시설물(배수지, 가압장) 안전점검용역",servc,33
R26BK01347679_000,2026년 국가공간정보 품질관리 지원사업,servc,22
R26BK01347682_000,저작권 인식제고 홍보 용역,servc,14
R26BK01347720_000,2026년 미래 표준인재 양성을 위한 청소년 표준교육 운영 용역,servc,35
R26BK01347721_000,2026년도 패류 생산해역 위생조사 제주,servc,22
R26BK01347725_000,2026년도 패류 생산해역 위생조사 서해 Ⅲ,servc,24
R26BK01347728_000,2026년도 패류 생산해역 위생조사 남동해,servc,23
R26BK01347730_000,2026년도 패류 생산해역 위생조사 남서해,servc,23
R26BK01347736_000,제13회 전국 무한상상 과학탐구 서바이벌대전 위탁 용역,servc,30
R26BK01347808_000,2026년 블록체인 밋업데이 위탁용역,servc,20
R26BK01347842_000,26년~29년 정보시스템 통합 유지보수 용역,servc,24
R26BK01347881_000,해안침수 실시간 모니터링 체계 구축(1차),servc,23
R26BK01347913_000,2026년 시정현안 여론조사,servc,15
R26BK01347942_000,2026 차세대 미래관객 육성사업 운영용역,servc,23
R26BK01347987_000,경북경찰청 무인교통단속장비 무선망 이동통신사 선정사업,servc,29
R26BK01348082_000,[중개] 부분 체중지지 및 하지보조가 가능한 케이블 구동형 보행재활로봇 시스템 중개연구 및 인허가,servc,54
R26BK01348102_000,mRNA 기반 CAR-NK 세포 치료제 제작을 위한 mRNA 공급,servc,36
R26BK01348165_000,2026년 지질유산 정기조사 및 모니터링 운영,servc,25
R26BK01348286_000,2026년 국립백두대간수목원 전시원 유지관리 용역,servc,27
R26BK01348334_000,(연구용역) 축산물 중 농약 잔류실태 조사.분석,servc,26
R26BK01348395_000,2026년 식품안전교육센터 위탁운영,servc,19
R26BK01348410_000,2026년 회야댐 정밀안전진단 용역,servc,19
R26BK01348544_000,경기신용보증재단 디지털 고도화 구축 사업,servc,22
R26BK01348574_000,종자사업 3자물류 용역,servc,12
R26BK01348575_000,2026년 민주평화통일자문회의 자문위원 연수,servc,24
R26BK01348595_000,외국인 관광객 여권인증 시스템 구축 연구용역,servc,24
R26BK01348620_000,2026년 표본조사용 조사구모집단 구축 사업,servc,24
R26BK01348632_000,찾아가는 소비자 식의약 안전교실 운영,servc,20
R26BK01348771_000,개인정보 관리실태 점검 및 지원,servc,17
R26BK01348794_000,2026년 소상공인 불공정거래 피해지원 용역,servc,24
R26BK01348867_000,2026년 첨단 신기술 기반 바이오의약품 가이드라인 개발,servc,31
R26BK01348902_000,인구감소지역 대응을 위한 컨설팅 지원 용역,servc,23
R26BK01348986_000,초고해상도 수도권 도시특화 기상정보 산출기술 적용 연구,servc,30
R26BK01349003_000,상생페이백 성과분석 연구용역,servc,15
R26BK01349132_000,2026년 이천시 중요기록물 정리 및 디지털화 사업,servc,28
R26BK01349189_000,2026년 과학치안 역량 강화과정 위탁 교육 용역,servc,27
R26BK01349331_000,2026년 C그룹 북한전문강사 초빙교육,servc,21
R26BK01349394_000,전파자원 기술기준 선도 기반 조성 사업 용역,servc,24
R26BK01349403_000,2026년 병역판정검사장 보안검색장비 임차 계약 의뢰,servc,29
R26BK01349496_000,2026 대한민국 임시정부 관련 국외자료조사 연구용역,servc,29
R26BK01349530_000,인공지능을 활용한 단·중기 예측기법 연구(Ⅳ),servc,25
R26BK01349556_000,2026년 남해군 누리집 기능개선 및 유지관리 용역,servc,28
R26BK01349597_000,후속 정지궤도 환경위성 개발 예비타당성조사 대응 연구(Ⅲ),servc,32
R26BK01349603_000,2026년 법교육 콘텐츠 제작,servc,16
R26BK01349621_000,2026년도 교정기관 공용차량 통합보험,servc,21
R26BK01349663_000,2026년 충남대학교 GHP 유지보수 용역,servc,23
R26BK01349691_000,2026년 중요기록물 DB구축 및 공개재분류 사업 용역,servc,30
R26BK01349703_000,2026년 공공저작물 디지털 개방을 위한 저작권 확보 지원사업,servc,34
R26BK01349705_000,수질오염 우심지역 내 항생제 내성 모니터링 및 관리방안 연구(Ⅲ),servc,36
R26BK01349771_000,국세외수입 통합징수시스템 구축 ISP 수립 사업,servc,26
R26BK01349788_000,비점오염원관리지역 종합평가 및 제도 개선 연구(2026년),servc,32
R26BK01349799_000,"2026년 비행검사용 항공기(HL7779, HL7778) 항공보험",servc,36
R26BK01349925_000,배출원별 부지경계 오염물질 저비용 모니터링 방법 개발(II),servc,33
R26BK01349932_000,2026 지역문화박람회 및 실버문화페스티벌 운영 용역,servc,29
R26BK01349989_000,2026년 보육통합정보시스템 유지관리,servc,20
R26BK01349999_000,스마트팜 청년창업 보육센터 9기 교육생 모집.선발대행,servc,29
R26BK01350015_000,2026년도 국사편찬위원회 소장자료 보존처리 용역,servc,27
R26BK01350065_000,환경분야 국가표준 개발 및 국제표준화 연구(2026),servc,29
R26BK01350223_000,2026년 중소벤처기업부 재직자교육 운영 용역,servc,25
R26BK01350297_000,EMSA를 활용한 한반도 오염지도 작성(Ⅰ),servc,24
R26BK01350513_000,[중개] 뇌졸중으로 인한 장애인의 자발적 재활을 위한 센서 기반 운동 학습 평가 및 AI 회복예측 기술의 실사용 환경에서의 중개연구,servc,73
R26BK01350532_000,야생동물질병 정밀진단을 위한 병리조직 검사 및 시료확보(2026년),servc,37
R26BK01350567_000,정지궤도 환경위성(GEMS) 산출물 개선을 위한 표준화 자료 구축 및 도구 개발(Ⅲ),servc,47
R26BK01350670_000,2026년 국립수목원 전국 수목원·식물원 청년인턴 지원 사업,servc,33
R26BK01350683_000,[지원] 인지 저하 예방 및 회복을 위한 융합형 인지 훈련 시스템 개발 연구,servc,42
R26BK01350689_000,2026년 청년소통채널 행사 등 대행 용역,servc,23
R26BK01350698_000,(안전성분석과)2026년 토양 및 농산물 중 다이옥신류 잔류실태조사 위탁 분석,servc,43
R26BK01350730_000,체외진단의료기기 WHO PQ 인증 획득을 위한 전주기 기술지원,servc,34
R26BK01350764_000,전기분해 수처리 시스템 적용 넙치 사육시설 임차 및 디지털육종 넙치 사육관리,servc,42
R26BK01350820_000,AI 기반 지방정부 CCTV 관제지원시스템 구축(2차),servc,30
R26BK01351169_000,2026 아트코리아랩 예술기술 글로벌 교류유통 통합 운영 대행,servc,34
R26BK01351202_000,2026~2027년 산림탄소모아시스템 운영·유지관리,servc,28
R26BK01351309_000,담배제품 중 주요 가향제 성분 모니터링,servc,21
R26BK01351349_000,환경위성(GEMS) 기하보정 알고리즘 정확도 향상 연구(III),servc,35
R26BK01351358_000,2026년도 지식재산권 신고업무 민간위탁사업,servc,24
R26BK01351435_000,2026년 상반기 병점구 교량시설물 정밀안전진단 용역,servc,29
R26BK01351474_000,시 대표 홈페이지 전면 개편 용역,servc,18
R26BK01351525_000,입체적 해양기상 관측망 기반 해양위험기상 대응 기술개발,servc,30
R26BK01351576_000,대구보훈병원 서관동 증축사업(건설사업관리용역-전기),servc,28
R26BK01351588_000,전자파 인체안전 양방향 소통 프로그램 운영,servc,23
R26BK01351614_000,2026년 의약품 규제업무 전문가 양성교육 및 시험 위탁용역,servc,33
R26BK01351621_000,26-D-00부대 설계용역(B512),servc,20
R26BK01351718_000,26-D-00부대 설계용역(B515),servc,20
R26BK01351810_000,감응신호제어시스템 현장성능검사 현장조사,servc,21
R26BK01351827_000,2026년도 문자사업자 보안(정보보호) 실태점검 용역,servc,29
R26BK01351893_000,26-A-00부대 설계용역(A007),servc,20
R26BK01351913_000,"2026 시각, 청각장애인용TV 보급사업 안내홍보물 제작 및 배송 용역",servc,39
R26BK01352209_000,속초 반다비 체육센터 건립공사  감독권한대행 등 건설사업관리용역,servc,35
R26BK01352277_000,유역기반 지하수-지표수 수질수량 통합관리방안 연구(2026) - 소유역 지하수-하천 상호작용 평가 중심으로 -,servc,61
R26BK01352368_000,3세대 전자인사관리시스템 전환 구축 사업,servc,22
R26BK01352546_000,2026년 디지털 소통 콘텐츠 제작 및 채널 관리,servc,27
R26BK01352553_000,(위탁)산불 연료 시설물 정보 연계 기반 및 위험성 평가를 위한 수요 적용환경 조사_지능형,servc,50
R26BK01352572_000,2026년도 북한 경제사회 실상 심층조사 사업,servc,25
R26BK01352581_000,2026년도 공공저작물 디지털 전환 구축 사업,servc,25
R26BK01352602_000,2026년 아동복지종사자 통합 교육 운영,servc,22
R26BK01352639_000,2026년 체험형 동화구연 제작 및 보급,servc,22
R26BK01352670_000,2026년 상반기 지역사회 평화공감대 형성 기획 및 운영 용역,servc,34
R26BK01352701_000,2026년 환경정보공개제도 시스템 유지관리,servc,23
R26BK01352854_000,홍천군 처리과 비전자기록물 정리 및 전수조사(4차)용역,servc,30
R26BK01352894_000,국립장흥호국원 조성사업 설계용역(장기1차),servc,23
R26BK01352906_000,기획예산처 전산실 이전 구축 용역,servc,18
R26BK01352918_000,2026년~2027년 감사원 정보인프라 유지관리 사업,servc,29
R26BK01352953_000,2026년 상반기 병점구 터널 및 지하차도 정밀안전진단 용역,servc,33
R26BK01352966_000,2026년 자치단체 구 토지대장 한글화 디지털 구축,servc,28
R26BK01353140_000,문방천 생태하천복원사업 실시설계용역,servc,19
R26BK01353196_000,"(안전성분석과) 2026년 재배환경(토양, 포장재, 버섯배지) 유해물질(잔류농약, 중금속) 분석",servc,53
R26BK01353224_000,2026년 공공누리 홍보마케팅 용역,servc,19
R26BK01353228_000,누리소통망(SNS) 운영 및 콘텐츠 제작,servc,22
R26BK01353239_000,"무궁화 13호 정기수리(선체, 기관) 용역",servc,23
R26BK01353261_000,제20대 비전자 시청각기록물 정리 및 등록사업,servc,25
R26BK01353263_000,2026년 이러닝 콘텐츠 개발,servc,16
R26BK01353353_000,2026년 남부권 산촌활력 특화사업,servc,19
R26BK01353400_000,(안전성분석과) 2026년 안전성검사 검정기관 정도관리 위탁사업,servc,35
R26BK01353444_000,하천 수생태계 연속성 확보 조사 (2026),servc,24
R26BK01353459_000,2026년 국외교류전시 연출용역,servc,17
R26BK01353510_000,2026 국립부산국악원 홍보마케팅 용역 사업,servc,24
R26BK01353521_000,2026년~2027년 월간 안전보건 제작 용역,servc,25
R26BK01353532_000,"ESG 기초, 종합과정 및 찾아가는 교육 기획 및 운영",servc,30
R26BK01353562_000,2026년 「지역활성화 투자 펀드」컨설팅 및 교육 사업,servc,30
R26BK01353603_000,2026년 의약품 허가특허연계제도 영향평가,servc,23
R26BK01353663_000,2026년 상수관로 GIS DB 구축용역,servc,22
R26BK01353673_000,2026년 수목원 수목유전자원 현황조사 사업,servc,24
R26BK01353698_000,멱절교 등 3개소 정밀안전진단 및 성능평가 용역,servc,26
R26BK01353712_000,국방데이터 관리활용 사업,servc,13
R26BK01353753_000,INSA 교육인프라 운용 및 유지보수 용역,servc,23
R26BK01353801_000,2026년도 친환경생활 실천제도 대국민 인식 확산 홍보,servc,30
R26BK01353885_000,(가칭)서남학교 신축공사 설계용역,servc,18
R26BK01353886_000,2026년 온라인 교육 콘텐츠 사용 계약,servc,22
R26BK01353887_000,다목적 어군 모니터링 시스템 실증 및 상용화 방안 연구,servc,30
R26BK01353952_000,2026년도 지역기상융합서비스 연구용역사업(기상정보융합 항만 컨테이너 안전 모니터링 기술 고도화),servc,54
R26BK01354137_000,2026년도 유엔참전용사 등 재방한 초청 행사 대행용역,servc,30
R26BK01354163_000,지능형 배출량 산정·평가 모델 개발연구(Ⅰ),servc,24
R26BK01354221_000,2026 해외언론인 초청사업,servc,15
R26BK01354241_000,태안군 가의도 섬 지역 특성화사업(1단계) 현장관리 운영 용역,servc,34
R26BK01354242_000,국가하천 퇴적환경 변화 정밀모니터링,servc,19
R26BK01354258_000,대산항 해상교통시설 확충 및 기능 재정비 검토 용역,servc,28
R26BK01354296_000,2026년 우리고장 국가유산 활용사업 모니터링 용역,servc,28
R26BK01354340_000,2026년 토목 정밀안전점검 용역,servc,18
R26BK01354350_000,2026년 고속도로순찰대 교통정보 영상시스템 유지관리,servc,29
R26BK01354366_000,전남 고흥 스마트팜 혁신밸리 실증단지 운영시스템 유지보수,servc,31
R26BK01354409_000,군산시 어청도 섬 지역 특성화사업(1단계) 현장관리 운영 용역,servc,34
R26BK01354416_000,무궁화17호 정기적 수리(선체·기관) 용역,servc,23
R26BK01354419_000,2026년도 세척폐수 위탁처리 용역,servc,19
R26BK01354449_000,e국악아카데미 교육용 콘텐츠 제작,servc,18
R26BK01354472_000,2026년 제주대학교 유·무선망(Network) 장비 및 인터넷전화시스템 유지보수 용역,servc,48
R26BK01354512_000,26-D-00부대 설계용역(B511),servc,20
R26BK01354517_000,26년~29년 업무시스템 통합 유지보수 용역,servc,24
R26BK01354640_000,개인정보 영향평가 용역사업(긴급),servc,18
R26BK01354643_000,차세대 범죄예방정보시스템 구축(2차),servc,20
R26BK01354657_000,AI 기술 적용 디지털의료기기 품질관리 기술지원,servc,26
R26BK01354691_000,재정경제부 AI-ONE 플랫폼 구축사업,servc,21
R26BK01354722_000,유해성평가를 위한 대체자료 생산 및 검증(Ⅴ),servc,25
R26BK01354731_000,캠프 마켓D 및 주변 지역 오염토양 기본정화계획 수립,servc,29
R26BK01354739_000,[중개] 실내 재활을 위한 이동식(portable) 발목재활로봇시스템 중개연구 및 인허가,servc,49
R26BK01354757_000,26-D-00부대 건축물등재 설계용역(B510),servc,26
R26BK01354758_000,2026년 시각예술시장조사 대행 용역,servc,20
R26BK01354830_000,비점오염물질측정망 운영결과 평가(2026년),servc,24
R26BK01354887_000,2026년도 장서각 소장자료 상시클리닝,servc,21
R26BK01355018_000,"상용SW 제3자단가계약((주)다누시스, 미네르바 v1.0(커스터))",servc,37
R26BK01355043_000,"상용SW 제3자단가계약((주)다누시스, 미네르바 v1.0(유지관리))",servc,38
R26BK01355086_000,유기용제 종류별 휘발성유기화합물 관리 기준 마련 연구(2026),servc,35
R26BK01355111_000,2026년 기업통계등록부 정비를 위한 업무용 PC 계약,servc,30
R26BK01355121_000,"[정책,084] 컴퓨터단층촬영(CT검사) 진단참고수준 마련 및 유효선량 산출 연구",servc,45
R26BK01355143_000,[중개] 상지 또는 체간 재활을 위한 지능형 전기자극 및 로봇 연동이 가능한 멀티 모달 중재시스템 중개연구 및 인허가,servc,65
R26BK01355163_000,소방헬기(KUHC-1) 정비용역 총액계약,servc,22
R26BK01355324_000,국가바이오빅데이터구축사업 임상데이터 표준화 기반마련 및 개방 데이터셋 개발 연구,servc,44
R26BK01355396_000,2026년 중요기록물 DB구축 및 기록관 정수점검 용역,servc,30
R26BK01355401_000,제4차(2027~2031) 국가지식재산 기본계획 수립 연구 용역,servc,35
R26BK01355413_000,국가교육위원회 공무용 차량 임차,servc,17
R26BK01355505_000,고준위 방사성폐기물 정책 홍보소통 전략방안 연구용역,servc,28
R26BK01355530_000,[지원] 장애인의 신체 기능요소 및 운동적합도 평가 및 분류 체계 개발,servc,39
R26BK01355550_000,가평도시계획도로 중로1-23호선 확장공사 건설사업관리용역,servc,31
R26BK01355603_000,양양군 개발통합인허가지원시스템(IPSS) DB구축 용역,servc,30
R26BK01355700_000,26~27년 정보시스템 통합유지관리,servc,19
R26BK01355752_000,생태계 모니터링 기반 광역 유해 적조 발생 연구 I,servc,28
R26BK01355761_000,콩고민주공화국 지속가능한 물공급을 위한 수질관리 기술지원 사업,servc,34
R26BK01355856_000,2026년 AI·디지털 교육자료 기술지원센터 운영 및 유지관리,servc,34
R26BK01355858_000,2026 국립극장 쏙쏙들이페스티벌 홍보 용역,servc,24
R26BK01355974_000,창선 해역 위생조사 정점 평가 및 오염물질 확산 예측모델 연구,servc,34
R26BK01355999_000,2026년도 K-BIC STAR DAY 및 벤처카페 위탁 운영,servc,34
R26BK01356022_000,국방ISP 품질점검 및 아키텍처 통합지원 사업,servc,25
R26BK01356052_000,사회적 고립에 대한 국민인식 및 위험군 특성·욕구 분석 연구,servc,33
R26BK01356082_000,26-N-NCS 기반 직무표준화 교육,servc,20
R26BK01356093_000,한국형 예측 네트워크(Forecast-Hub) 시범 운영,servc,31
R26BK01356115_000,수산부산물 품질관리 및 가공적성 향상 기술 개발,servc,26
R26BK01356150_000,디지털서비스_천재교과서_AIDT 교육자료,servc,22
R26BK01356211_000,통합선거교육시스템 고도화 및 기능 개선 사업,servc,24
R26BK01356227_000,청주시 무심천 분류식화 하수관로 정비사업 및 상수도 노후관 개량공사 건설폐기물(폐아스콘) 처리용역,servc,54
R26BK01356230_000,26-N-해군 전력 유형별 캐릭터 제작 용역,servc,24
R26BK01356232_000,2026~2028 회계연도 외부회계감사 및 세무조정 용역,servc,31
R26BK01356249_000,"ESG 공시·검증, 온실가스 및 글로벌 워크숍 기획 및 운영",servc,33
R26BK01356321_000,2026년 국가유산 원형 정보자원 통합DB 구축,servc,26
R26BK01356348_000,2026년 전남대학교 연구실 지정폐기물 위탁처리 용역,servc,29
R26BK01356374_000,국립중앙도서관 2026 세계도서관정보대회(WLIC) 기념 특별전 용역사업,servc,40
R26BK01356437_000,2026년 중요기록물 전산화(DB구축) 및 전수조사 용역,servc,31
R26BK01356499_000,2026년 디지털헬스 RnD 성과 조사·분석,servc,24
R26BK01356525_000,지역 주도형 AI 대전환 사업 제조 AI 컴퓨팅 센터 인프라 구축 용역,servc,39
R26BK01356591_000,2026년 지질유산 파노라마뷰 구축,servc,19
R26BK01356677_000,국토이용정보 통합플랫폼(KLIP) 7단계 구축,servc,25
R26BK01356989_000,2026년 국유재산 화재보험 및 영업배상책임보험 일괄 가입,servc,32
R26BK01356991_000,안심전세앱 클라우드 이관·유지관리 통합용역,servc,23
R26BK01357068_000,2026년 사회통합실태조사 설문조사 용역,servc,22
R26BK01357097_000,2026년 사이버환경실무교육 콘텐츠 개발 및 유지관리,servc,29
R26BK01357101_000,2026년 유통 농산물 잔류 유해물질 검사,servc,23
R26BK01357105_000,2026년 해양기상관측망 보험가입,servc,18
R26BK01357117_000,"[정책,085] 2026년 환자 영상진단 정당성 지침 마련",servc,32
R26BK01357240_000,[지원] 파킨슨병 환자의 원격 운동 기반 모니터링 및 지원 시스템 개발 및 검증,servc,44
R26BK01357247_000,2026년 수목원 교육프로그램 선발 및 교육지원,servc,26
R26BK01357255_000,2026년 5급승진후보자 역량평가 과제개발 및 평가운영,servc,30
R26BK01357260_000,26-D-00부대 설계용역(B514),servc,20
R26BK01357262_000,제브라피쉬 배아 모델을 활용한 신경발달독성 대체시험법 검증(Ⅰ),servc,35
R26BK01357282_000,통합 레이더정보 플랫폼 노후장비 구매 및 교체,servc,25
R26BK01357289_000,2026년 등기정보시스템 유지관리사업 감리 등 용역,servc,28
R26BK01357298_000,2026년도 국가지정 건조물 문화유산 정기조사 및 조사방식 개선방안 연구,servc,40
R26BK01357300_000,환경위성(GEMS) 자료 산출 알고리즘 개선 및 현업화(Ⅲ) - 현업산출 알고리즘(L2) 중심으로 -,servc,56
R26BK01357335_000,2026년 4그룹 병 집중인성교육 위탁 운영,servc,24
R26BK01357373_000,2026년 행정안전부 개인정보 보호 관리체계 점검 및 컨설팅,servc,33
R26BK01357421_000,e국악아카데미 실기 콘텐츠 제작,servc,17
R26BK01357428_000,부산북항 재개발사업 배후도로(지하차도) 건설공사(6차) 건설폐기물(폐아스콘) 처리용역,servc,47
R26BK01357434_000,2026년 수산기술 동영상 및 숏폼 제작,servc,22
R26BK01357448_000,2026년도 교장 자격 국외교육 체험연수 제5사업단 싱가포르말레이시아,servc,38
R26BK01357451_000,2026년 권익행정 만족도 등 조사,servc,19
R26BK01357484_000,2026년도 해양기상 맞춤형 서비스 기술개발 용역사업,servc,29
R26BK01357531_000,2026년 국가해양관측망 손해보험 가입,servc,21
R26BK01357585_000,[지원] 다중모달 기반 상지의 근기능 및 미세동작 통합 평가 시스템 개발,servc,40
R26BK01357622_000,친환경 부표정비선(한빛호) 제조·구매 전면책임 감리용역,servc,30
R26BK01357623_000,2026년 시나리오 기반 모의해킹 용역사업,servc,23
R26BK01357679_000,2026 기존화학물질 등록 전과정 컨설팅 지원(대표자선정),servc,32
R26BK01357734_000,2026 기존화학물질 등록 전과정 컨설팅 지원(대표자미선정),servc,33
R26BK01357755_000,감곡천(통석지구) 지방하천 정비공사 감독대행 등 건설사업관리 용역 (장기계속),servc,43
R26BK01357761_000,2026 기존화학물질 등록 전과정 컨설팅 지원(4단계),servc,30
R26BK01357814_000,26-N-해군 해상근무자 및 중견간부 정신전력 집체교육,servc,30
R26BK01357818_000,2026년 영등포구 중요기록물 DB구축 및 공개재분류 사업 시행,servc,35
R26BK01357872_000,2026년 재생에너지 기상정보 플랫폼 개선(SW개발),servc,29
R26BK01357934_000,방위사업 관리 등을 위한 생성형 AI 서비스 ISP,servc,28
R26BK01357985_000,2026년 한국무형유산종합조사 심화연구(전통적 놀이 분야),servc,32
R26BK01357999_000,2026년 경상남도 민간데이터(정제·적재) 구매 용역,servc,29
R26BK01358098_000,(가칭)도일1유 외 1교(도일2초) 신축공사 통합건설사업관리용역,servc,35
R26BK01358113_000,한내대교 정밀안전진단 및 내진성능평가 용역,servc,23
R26BK01358170_000,2026년 한국환경공단 전북환경본부 폐농약플라스틱병류 운송용역,servc,34
R26BK01358205_000,26-D-00부대 외벽보수 등 14건 설계용역(B005),servc,31
R26BK01358299_000,디지털서비스_엘지씨엔에스_LG CNS지원서비스,servc,25
R26BK01358390_000,2026년 중요기록물 디지털화 및 역사기록물 정리사업 용역,servc,32
R26BK01358403_000,평곡-석인 지방도 상수도 이설공사 GIS DB구축 용역,servc,30
R26BK01358410_000,2026년 해양기상종합정보시스템 개선,servc,20
R26BK01358469_000,(가칭)오송2고등학교 신축 전기공사 감리용역,servc,24
R26BK01358487_000,해양산업시설 배출수 HNS 상세변동조사,servc,21
R26BK01358498_000,AI(인공지능) 기반 신고접수시스템 기능 고도화 용역,servc,29
R26BK01358629_000,2026년 위치정보 활성화 지원,servc,17
R26BK01358629_001,2026년 위치정보 산업 활성화 지원,servc,20
R26BK01358731_000,2026년 우주항공문화 저변 확대 기획 및 운영,servc,26
R26BK01358748_000,(기록협력과) AI 에이전트 기반 범국가 기록정보 통합 활용체계 모델설계 및 시범구축(2026년 연구개발사업 제1과제),servc,66
R26BK01358802_000,사용량 기반 의약외품 위해평가(탐색적 모니터링),servc,26
R26BK01358803_000,나주초 외 1교(나주중) 그린스마트스쿨 증축공사 감독권한대행 등 통합건설사업관리용역,servc,46
R26BK01358810_000,생성형 AI 복지상담시스템 구축을 위한 정보화전략계획(ISP) 수립,servc,37
R26BK01358859_000,두계2 자연재해위험 개선지구 정비사업 기본 및 실시설계용역,servc,32
R26BK01358947_000,비점오염원 관리를 위한 하수관거 유출수 실태 조사,servc,27
R26BK01359036_000,(일반용역비) 2026년 고수요 수의생명자원 증식 및 전장유전체 분석 용역(개발),servc,45
R26BK01359053_000,신지도등표 등 5개소 설치공사 기본 및 실시설계용역,servc,28
R26BK01359068_000,디지털서비스_에이아이데이타_알콩,servc,17
R26BK01359069_000,26~27-N-분석모델 유지보수 및 성능개선,servc,24
R26BK01359099_000,2026년 국어사전 자료 감수 및 정비,servc,21
R26BK01359148_000,탄자니아 싱글윈도우(잔지바르) 및 원산지관리시스템 구축 사업 감리 용역,servc,39
R26BK01359258_000,2026년 국가연구개발사업 종료 후 성과점검 분석 용역,servc,30
R26BK01359267_000,2026 인천광역시 제61회 전국기능경기대회 행사 용역,servc,30
R26BK01359291_000,디지털서비스_에이치지_에이치지 지원서비스,servc,22
R26BK01359295_000,26-A-00부대 설계용역(A018),servc,20
R26BK01359321_000,26-N-00부대 탄약고 신축 등 5건 설계용역(C003),servc,32
R26BK01359337_000,2026년 디지털인프라 진단 및 개선(안전기능) 용역,servc,29
R26BK01359355_000,마약류중독자관리시스템 구축 ISP 수립 용역,servc,24
R26BK01359420_000,2026년 중요기록물 정리 및 DB 구축 용역,servc,25
R26BK01359443_000,2026년 특수교육 원격교육연수 콘텐츠 개발,servc,24
R26BK01359450_000,2026년 원양어선 조업감시시스템 기능개선,servc,23
R26BK01359519_000,무안군 탄도 섬 지역 특성화사업(1단계) 현장관리 운영 용역,servc,33
R26BK01359539_000,2026 무대기계 유지보수 관리용역,servc,19
R26BK01359681_000,2026년도 지하수측정망 시료채취 및 분석,servc,23
R26BK01359748_000,(민간위탁)2026년도 동물용의약품등 수거검사 위탁사업,servc,30
R26BK01359784_000,2026년 강원특별자치도교육청 통합전자도서관 구독형 전자자료 서비스 위탁용역,servc,42
R26BK01359851_000,26~27-D-국방수송정보체계 유지보수,servc,21
R26BK01359858_000,여수시 거문도(덕촌) 섬 지역 특성화사업(1단계) 현장관리 운영 용역,servc,38
R26BK01359886_000,해양산업시설 주변해역 생물환경 및 생태특성 연구,servc,26
R26BK01359893_000,국회청사 기계설비 성능점검 용역,servc,17
R26BK01359899_000,대기질 예측성 향상을 위한 기상 입력자료 고도화 연구(Ⅳ),servc,32
R26BK01359922_000,부산대학교 AI 기반 맞춤형 교육지원시스템(2단계) 구축,servc,31
R26BK01359951_000,2026년도 교장 자격 국외교육 체험연수 제3사업단 스위스이탈리아,servc,36
R26BK01359973_000,섬진강 적성2지구 하천환경정비사업 폐콘크리트-1 위탁처리용역(1차),servc,37
R26BK01359976_000,2026년도 교장 자격 국외교육 체험연수 제7사업단 일본,servc,31
R26BK01360002_000,2026년 기상산업 실태조사·분석 및 특수분류 개발 연구용역,servc,33
R26BK01360010_000,해외 식품안전 규제정보 제공 서비스 사업,servc,22
R26BK01360012_000,2026년 재난안전기업 사업화 역량 강화 컨설팅 지원사업,servc,31
R26BK01360034_000,2026년 잔류성오염물질 배출시설 다이옥신 시료채취 용역,servc,31
R26BK01360041_000,미래비전 수립 지원,servc,10
R26BK01360059_000,국제 화장품 규제조화 협의체(ICCR) 활동 등,servc,26
R26BK01360074_000,2026년 개도국 통계역량강화 사전타당성조사사업,servc,26
R26BK01360132_000,2026년 한국표준과학연구원 시설관리용역,servc,22
R26BK01360137_000,2026년 AI 데이터기반행정 역량강화 사업,servc,24
R26BK01360141_000,문화유산 관림지원 사업 운영 개선방안 연구 및 모니터링,servc,30
R26BK01360170_000,유역 특성을 고려한 금강권역 AI 홍수예보체계 개선,servc,28
R26BK01360201_000,2026년 기획예산처 영상 제작 및 유튜브 운영,servc,26
R26BK01360209_000,제10기 ICT 미래인재 양성과정 위탁교육 사업,servc,26
R26BK01360261_000,2026년 영농폐기물 수거사업소 유인화 운영관리 용역(충북),servc,33
R26BK01360331_000,스마트워크 시스템 고도화 사업,servc,16
R26BK01360343_000,제5회 세계 해양-수산 국제기구 포럼 용역,servc,23
R26BK01360359_000,2026년 산림토양 산성화 모니터링 조사 및 관리,servc,27
R26BK01360483_000,중소슈퍼 POS 시스템 유지관리 위탁 용역,servc,23
R26BK01360485_000,2026년 근현대 국어자료 원문 수집 및 정제,servc,25
R26BK01360493_000,2026년 온라인 K-콘텐츠 조사 수집,servc,21
R26BK01360537_000,2026년 청소년 매체이용 및 유해환경 실태조사,servc,26
R26BK01360540_000,2026학년도 서울대학교 학교 경영자 배상책임 보험 용역,servc,31
R26BK01360568_000,한국전력공사 시흥전력지사 업무용 차량 임차용역,servc,25
R26BK01360589_000,아산분소(바이오의료종합지원센터) 기계안전관리 2인 용역,servc,30
R26BK01360635_000,2026년도 교장 자격 국외교육 체험연수 제2사업단 독일,servc,31
R26BK01360665_000,2026년 행정타운 기계설비 성능점검 용역,servc,23
R26BK01360679_000,대학 정보보호강화를 위한 망분리 ISP,servc,21
R26BK01360753_000,환경보건데이터 개인정보 처리 및 활용 활성화 연구,servc,27
R26BK01360758_000,온라인비디오 광고선전물 자체등급분류 관리 기능 구축,servc,28
R26BK01360802_000,2026년도 교장 자격 국외교육 체험연수 제6사업단 중국,servc,31
R26BK01361011_000,2026년 공공저작물 시스템 운영 및 유지보수 용역,servc,28
R26BK01361014_000,2026년도 특성조사요령(TG) 제·개정을 위한 위탁사업(초본류),servc,36
R26BK01361104_000,26-D-00부대 관사 실내개선 등 11건 설계용역(B002),servc,34
R26BK01361213_000,[중개] 보행 환경 변화에 실시간 대처가 가능한 AI기반 Assisted-as-Needed 기능을 가진 하지재활로봇 중개연구,servc,69
R26BK01361287_000,보호대상아동 원가정 복귀 지원체계 구축 연구,servc,24
R26BK01361321_000,2026년 심사자 현장실습교육 위탁사업,servc,21
R26BK01361372_000,2026년 디자인 심사자료 재분류사업,servc,20
R26BK01361393_000,2026년 하이퍼리얼리티 에셋 구축,servc,19
R26BK01361416_000,2026년 디지털학습콘텐츠 개발 사업,servc,20
R26BK01361452_000,2026년 해양수산과학기술 수준평가,servc,19
R26BK01361476_000,2026 서산교육발전특구 특화교과용 인정도서(2종) 개발 용역,servc,34
R26BK01361580_000,2026년도 상반기 동탄권 시설물 정밀안전진단용역,servc,27
R26BK01361734_000,SW 3자단가(AI-PAM v2.0 (커스터마이징) (주)지오멕스소프트),servc,40
R26BK01361749_000,2026년~2028년 한국교육학술정보원 원가계산 용역,servc,29
R26BK01361754_000,청산별곡 힐링마을 조성사업 감독권한대행 등 건설사업관리 용역,servc,33
R26BK01361809_000,과천 행복드림센터 건립 전기공사 시공단계의 감독권한대행 등 건설사업관리 용역(전기),servc,46
R26BK01361992_000,2026년 제천 천연물 지식산업센터 관리 용역(시설),servc,29
R26BK01362020_000,강동세무서 청사 신축공사 안전점검 수행기관 지정 공고,servc,29
R26BK01362033_000,2026년 영동일라이트 지식산업센터 시설 관리 용역,servc,28
R26BK01362084_000,2026년도 교장 자격 국외교육 체험연수 제1사업단 오스트리아,servc,34
R26BK01362100_000,지식재산 전문 롱폼 콘텐츠 제작 및 OSMU 채널 활성화 용역,servc,34
R26BK01362175_000,건축물카드대장 DB구축사업,servc,14
R26BK01362223_000,2026년 경찰인재개발원 버스 임차용역,servc,21
R26BK01362257_000,의약품 신속개발 지원 가이드라인 개발 사업 지원단 운영,servc,30
R26BK01362269_000,적하지구 외 2개 자연재해위험개선지구 정비사업 건설사업관리용역,servc,34
R26BK01362272_000,2026년도 교장 자격 국외교육 체험연수 제4사업단 미국,servc,31
R26BK01362415_000,범죄피해자 통합지원시스템 구축(1차),servc,20
R26BK01362670_000,2026년 국립아시아문화전당 특별투어 용역사업,servc,25
R26BK01362687_000,기획예산처 5동 청사 이전 이사 용역,servc,20
R26BK01362710_000,2026년 잔류성오염물질 측정망 시료분석 용역,servc,25
R26BK01362719_000,2026년 창원아카이브 콘텐츠 개발 사업 용역,servc,25
R26BK01362741_000,질량분석기 임대,servc,8
R26BK01362744_000,전통조경 법제 고도화 통합연구,servc,16
R26BK01362757_000,2026년 국토발전전시관 문화행사 용역,servc,21
R26BK01362759_000,2026년 경기금융복지시스템 운영 및 유지관리 용역,servc,28
R26BK01362769_000,2026년 대중교통운영자 경영 및 서비스평가,servc,24
R26BK01362780_000,수치예보 가이던스 정확도 향상 및 위험기상 가이던스 개발 연구(I),servc,37
R26BK01362795_000,(소비안전과) 2026년 생산단계 농산물 잔류농약 모니터링 위탁분석,servc,37
R26BK01362798_000,2026년 국제보훈컨퍼런스 대행 용역,servc,20
R26BK01362812_000,2026년 국립해양생물자원관 홍보대행 용역,servc,23
R26BK01362851_000,2022 개정 직업계고 교육과정 후속지원 2026년 정책연구,servc,33
R26BK01362855_000,2026년 수소도시 안전관리체계 구축 및 운영관리 방안 연구,servc,33
R26BK01362859_000,2026년 중요동산문화유산(불상) 기록화 사업,servc,25
R26BK01362863_000,소수축종용 동물용의약품 안전성 검증,servc,19
R26BK01362865_000,2026년도 사실상표준화 활동 지원 및 동향 조사,servc,27
R26BK01362902_000,2026년 문화체육관광 분야 양성평등 인식제고 캠페인,servc,29
R26BK01362944_000,보훈문화 확산을 위한 게임이벤트 진행 용역,servc,23
R26BK01362950_000,2026년 지질유산 활용 콘텐츠 제작 및 홍보,servc,25
R26BK01362969_000,우체국보험 보험사기방지시스템(IFDS) 고도화,servc,25
R26BK01363077_000,2026년도 법무부 교화방송시스템 통합 유지보수 용역,servc,29
R26BK01363166_000,2026 국방 정보화 컨퍼런스,servc,16
R26BK01363169_000,SW 3자단가(EHS Solution v3.5 (커스터마이징) (주)켐토피아),servc,43
R26BK01363242_000,2026 세계한민족여성네트워크(KOWIN) 대회,servc,26
R26BK01363276_000,부산문화포털 홈페이지 통합운영 및 유지관리 용역,servc,26
R26BK01363314_000,실험실 규모 대기수 환원기술 성능평가 및 도서산간 용수수급계획 방법론 개발,servc,41
R26BK01363320_000,주요정보통신기반시설 취약점 분석·평가,servc,20
R26BK01363353_000,국토교통 데이터활용 활성화 방안 연구 및 표준 데이터 분석,servc,32
R26BK01363429_000,2026년 하천화상감시장치 등 통합유지관리 용역,servc,26
R26BK01363431_000,K-Info Hub 데이터 편찬 및 운영 전략 구축,servc,28
R26BK01363444_000,통합관리사업장 대기 오염도 측정분석 용역,servc,22
R26BK01363463_000,(가칭)미래융합체험교육원 외 1기관[(가칭)꿈꾸는체험교육원] 건립 전기공사 감리용역,servc,46
R26BK01363487_000,기상에 따른 패널 온도 추정을 통한 광주·전남지역 태양광 발전효율 분석,servc,39
R26BK01363527_000,양평헬스투어 프로그램,servc,11
R26BK01363563_000,2026년 특별전 태국미술 전시 영상 제작 및 설치 용역,servc,31
R26BK01363567_000,차세대 쇄빙연구선 연구장비 통합모니터링 시스템 구축,servc,28
R26BK01363591_000,2026년 아동·청소년성착취물 관련 실태조사,servc,24
R26BK01363600_000,성남-장호원 도로건설공사(제6-2공구) 건설폐기물(혼합폐기물1) 위탁처리용역,servc,42
R26BK01363613_000,재해복구 구축 및 전산환경 공사 감리용역,servc,22
R26BK01363615_000,2026년 오픈액세스코리아(OAK) 국가지식정보 구축 및 확산 사업,servc,37
R26BK01363679_000,2026년 정보시스템 통합유지관리 용역사업,servc,23
R26BK01363703_000,안전점검을 통한 현충시설 통합관리체계 구축방안 마련 용역,servc,31
R26BK01363704_000,스마트 수어방송 제작 및 송출 용역(지상파 3개 채널),servc,30
R26BK01363709_000,2026년~2027년 정부세종청사 스마트정부청사 통합 유지관리,servc,34
R26BK01363772_000,2026년 첨단기술 원정대 체험 프로그램 운영 용역,servc,28
R26BK01363784_000,국도77호선 신안 압해-해남 화원 도로건설공사(2공구) 폐아스콘 위탁처리용역(1차),servc,46
R26BK01363787_000,2026년 서울대학교 엔지니어하우스(310동) 시설관리 용역,servc,33
R26BK01363852_000,2026년 강원랜드 영웅쉼터 힐링캠프 및 볼런투어 프로그램 운영,servc,35
R26BK01363984_000,2026-2027년 NIPA 디지털 소통 및 콘텐츠 운영 용역,servc,34
R26BK01364104_000,2026년 스마트항공예보시스템 개선,servc,19
R26BK01364108_000,2026년 국가민속문화유산(건조물) 정기조사,servc,24
R26BK01364200_000,2026년 DMZ 평화걷기 사업,servc,17
R26BK01364249_000,2026년 범정부 디지털 소통 컨설팅 및 역량강화 지원,servc,30
R26BK01364251_000,2026년 디지털 콘텐츠 개발사업,servc,18
R26BK01364267_000,《방혜자》전시작품 운송 및 설치 용역,servc,20
R26BK01364319_000,장항대교 등 2개소 정밀안전진단 용역,servc,20
R26BK01364378_000,2026년 에듀에이블 사이트 교육자료 개발 및 운영지원,servc,30
R26BK01364423_000,자생미생물 활용 반려동물용 면역증진 소재 개발 연구(1차년도),servc,34
R26BK01364588_000,2026년 재판서 및 사건부 DB구축 사업 용역,servc,26
R26BK01364612_000,26-M-00부대 해수급수관로개선 등 8건 설계용역(C004),servc,34
R26BK01364615_000,2026년도 디지털포렌식 워크스테이션 가상화 및 포렌식 장비확충 사업,servc,38
R26BK01364641_000,"업무용 개인단말기(PC, 노트북 등) 렌탈 사업",servc,26
R26BK01364785_000,2026년 해외미디어 협력 특집·기획방송 제작,servc,25
R26BK01364865_000,2026년 시험·연구용 LMO 안전관리 현황조사 및 분석,servc,31
R26BK01364907_000,2026년 원격연수 콘텐츠 개발 사업,servc,20
R26BK01365001_000,2026년도 특성조사요령(TG) 제·개정을 위한 위탁사업(목본류),servc,36
R26BK01365015_000,2026 작은영화관 기획전 상영 지원 사업 위탁 용역,servc,29
R26BK01365024_000,2026년도 국회방송 프로그램 분장코디 용역,servc,24
R26BK01365040_000,야생동물 연구 로드맵 수립,servc,14
R26BK01365077_000,2026년 경찰 무인비행장치 보험,servc,18
R26BK01365107_000,2026년 일학습병행 홍보용역,servc,16
R26BK01365146_000,제9회 전국동시지방선거 유권자 의식조사,servc,21
R26BK01365240_000,2026년 서울교육대학교 유치원 원장 자격연수 해외교육 체험연수 용역,servc,38
R26BK01365249_000,해외인사 초청사업 기획 및 운영,servc,17
R26BK01365274_000,2026년 5대 국립과학관 온라인 특별전시 구축,servc,26
R26BK01365328_000,원자력안전 전문교수 역량강화 교육과정 개발 및 운영 지원,servc,31
R26BK01365342_000,26-N-차세대 함정 건조가능성검토 기술지원 연구용역2,servc,30
R26BK01365375_000,성성숙 유도용 신규 호르몬 안정 생산 기반 구축Ⅰ,servc,27
R26BK01365446_000,[지원] 스마트 기기 기반 비접촉형 노쇠 선별 평가 및 중재 콘텐츠 개발,servc,40
R26BK01365478_000,제3회 북한이탈주민의 날 기념행사 용역,servc,21
R26BK01365526_000,국방조직정원관리체계 고도화 BRP ISP 사업,servc,25
R26BK01365608_000,"일반해역 생산패류에 대한 중금속, 항생물질 및 농약 분석",servc,31
R26BK01365681_000,"조피볼락, 참돔 스마트육종을 위한 유전체 인프라 구축",servc,29
R26BK01365723_000,(일반용역비) 2026년 포유류 유래 병원체 수집 및 관리 용역(개발),servc,39
R26BK01365851_000,국립법무병원 차세대 통합의료정보시스템 구축 사업,servc,26
R26BK01366079_000,치유농업 자격시험 및 인증제 관리 위탁.대행(2026~2028),servc,35
R26BK01366181_000,2026년 국제회의 및 양자협력 용역 사업,servc,23
R26BK01366201_000,2026년 IDB공조 페루 통계역량강화사업,servc,23
R26BK01366225_000,신종마약류 표준물질 합성 사업,servc,16
R26BK01366245_000,2026년 제조업 AI융합 기반 조성 사업 국외 전시회 참가 지원 용역,servc,39
R26BK01366266_000,할랄 화장품 인증지원 사업,servc,14
R26BK01366278_000,2026년 축산물 소비정보 분석,servc,17
R26BK01366297_000,서부동 및 화산동 노후 하수관로 정비사업 건설사업관리용역,servc,31
R26BK01366315_000,휘발성유기화합물(VOCs) 배출기준 개선 연구(I),servc,28
R26BK01366341_000,2026년 문화 빅데이터 플랫폼 운영 및 유지관리,servc,27
R26BK01366350_000,섬진강 남원2지구 하천환경정비사업 폐기물(폐아스콘) 위탁처리용역(1차),servc,39
R26BK01366351_000,[지원] LE Audio/Auracast을 연동한 청각 보조 통합 솔루션 개발,servc,43
R26BK01366361_000,2026년 웹자원 아카이빙(OASIS) 사업,servc,24
R26BK01366403_000,한국형 상괭이 혼획저감장치 개발을 위한 음향학적 데이터 수집 및 분석 용역,servc,41
R26BK01366452_000,"소방출동 데이터 기반, AI빅데이터 분석시스템 구축 용역",servc,31
R26BK01366490_000,경인권 종합비상훈련장 건립 타당성 조사 및 기본계획 수립 용역(긴급),servc,38
R26BK01366566_000,2025년 기준 목재이용분야 통계조사,servc,20
R26BK01366568_000,2026년 온라인 홍보 용역(유튜브),servc,20
R26BK01366600_000,[지원] 뇌졸중 환자(또는 장애인)의 회복을 위한 AI기반 하지재활 다기능(평가훈련예후추정) 평가 및 훈련 시스템 개발 및 검증,servc,71
R26BK01366608_000,2026년 축산분야 ICT 융복합 확산사업 컨설팅 운영 용역,servc,33
R26BK01366737_000,26-A-00부대 설계용역(A036),servc,20
R26BK01366910_000,2026년 국가기후위기대응위원회 기후시민회의 운영 지원,servc,30
R26BK01366922_000,26-D-00부대 설계용역(B520),servc,20
R26BK01367126_000,인공강우용 무인기의 현장통합운영 및 시딩 신기술 개발 연구,servc,32
R26BK01367132_000,2026년 전국 토양오염원 및 토양오염 이력정보 구축,servc,29
R26BK01367135_000,목포항 및 흑산도항 항만시설물 유지보수공사 건설폐기물(폐목재) 처리용역,servc,39
R26BK01367421_000,2026년 건축물에너지평가사 자격시험 운영지원,servc,25
R26BK01367479_000,2026년 의료폐기물 위탁처리 용역,servc,19
R26BK01367494_000,상주서문 일자리연계형 지원주택 건설공사 1공구 시공단계 감독권한대행 등 건설사업관리용역,servc,48
R26BK01367557_000,2026년 IDB공조 파라과이 통계역량강화사업,servc,25
R26BK01367600_000,한국의 사회동향 2026 연구 용역,servc,19
R26BK01367627_000,"2026년 수산과학조사선 탐구21호 갑판,기관부 정기수리",servc,31
R26BK01367692_000,위험기상 선행관측 연구개발 강화를 위한 K-드롭존데 시제품 개발,servc,35
R26BK01367707_000,국가유산 포털 정보시스템 기능 고도화 및 통합,servc,25
R26BK01367721_000,필수 공공의료 강화 및 의료 현안 해결을 위한 신뢰 기반 AI 혁신 기술개발 기획 연구,servc,48
R26BK01367735_000,황룡강 송정2지구 하천환경정비사업(송정제) 폐기물 위탁처리용역,servc,34
R26BK01367753_000,2026년 SW고성장클럽 글로벌 성장 인센티브 운영,servc,28
R26BK01367758_000,삼척 생활자원회수센터 이전 건립사업 건설사업관리 용역,servc,29
R26BK01367777_000,정부입법 통합 플랫폼 구축 사업,servc,17
R26BK01367863_000,2026년 디지털인프라 진단 및 개선(DBMS) 용역,servc,29
R26BK01367952_000,동물세포실증지원센터 첨단바이오의약품 기술개발지원실 리모델링 설계 용역,servc,38
R26BK01367959_000,26-D-00부대 설계용역(B517),servc,20
R26BK01367971_000,2026년 디지털 독서 지원 서비스 운영 용역,servc,25
R26BK01367989_000,모서면 소정리 지방상수도 확장공사 지하시설물도 작성용역,servc,30
R26BK01367991_000,액상형 전자담배 중 주요 유해성분 모니터링,servc,23
R26BK01367992_000,2026년 문화정보서비스 통합모니터링 운영,servc,23
R26BK01368085_000,다지역 유사 ODA 사업 평가,servc,16
R26BK01368093_000,2026년 장애인 예술단체 부대 방문공연,servc,22
R26BK01368095_000,2026년도 국가자격시험 문제지(답안지) 보안·운송 용역,servc,31
R26BK01368124_000,성남시 지하시설물 지표투과레이더(GPR) 탐사 및 긴급복구 용역,servc,35
R26BK01368163_000,제4기(23~27) 국가산단지역 주민 환경오염노출 및 건강영향조사(Ⅳ)(환경조사),servc,45
R26BK01368204_000,2026년도 전북대학교 소방시설 종합점검 용역,servc,25
R26BK01368261_000,26-N-무인전력 원격통제 디지털트윈 요구조건 도출 연구,servc,31
R26BK01368416_000,2026년 해양수산 창업기업 사업화 컨설팅·지원사업,servc,28
R26BK01368418_000,저차 해양생태계 예측 기반 구축 및 데이터베이스 고도화(II),servc,34
R26BK01368428_000,26-N-수상함 설계건조 기준 제개정 연구,servc,23
R26BK01368480_000,2026년 목조 건축유산 연륜연대 및 수종분석 조사 용역,servc,31
R26BK01368520_000,26-N-생성형 AI 활용 함정 기술자료 관리체계 구축 연구,servc,33
R26BK01368537_000,필수의료 실태조사 연계체계 및 종합계획 기초연구,servc,26
R26BK01368542_000,수산 바이롬 및 핵심군집 분석 파이프라인 구축(I),servc,28
R26BK01368602_000,26-N-잠수함 설계건조 기준 제개정 연구,servc,23
R26BK01368604_000,2025년 4분기 문화체육관광 일자리 현황조사,servc,25
R26BK01368638_000,(안전성분석과)고분해능 질량분석기를 활용한 유해물질 신속검사체계 구축 연구,servc,41
R26BK01368661_000,[중개] 6세 미만 보행장애 소아를 위한 의도 기반 맞춤형 보행재활로봇 중개연구 및 인허가,servc,50
R26BK01368702_000,여수시 사도 섬 지역 특성화사업(1단계) 현장관리 운영 용역,servc,33
R26BK01368861_000,2026년 체험실습형 VR 콘텐츠 제작,servc,21
R26BK01368885_000,2026년 대리점거래 서면실태조사,servc,18
R26BK01368895_000,사천시 저도 섬 지역 특성화사업(1단계) 현장관리 운영 용역,servc,33
R26BK01368915_000,표준공사비 및 공사기간 분석체계 강화방안 연구,servc,25
R26BK01369103_000,2026년 조선왕릉서부지구 활용프로그램 운영 용역,servc,27
R26BK01369123_000,설악면 사룡리 파크골프장 조성사업 실시설계용역,servc,25
R26BK01369173_000,2026년도 예비 베스트직업훈련기관(BHA) 워크숍 및 베스트직업훈련기관(BHA) 협약식 운영 용역,servc,55
R26BK01369181_000,건축공사장 스마트 안전장비 임차 및 운영관리 용역,servc,27
R26BK01369196_000,[지원] 학령전기 뇌성마비 아동의 발달 상태 관찰을 위한 추적 연구,servc,37
R26BK01369436_000,2026년 저탄소 농산물 인증제 홍보사업,servc,22
R26BK01369838_000,2026년 영농폐기물 수거사업소 유인화 운영관리 용역,servc,29
R26BK01369843_000,방산 사이버보안 관제체계 통합유지관리,servc,20
R26BK01369849_000,도심출몰 멧돼지 서식지 예측 및 종합감시 기술 개발 연구(2026년),servc,38
R26BK01369865_000,26년 ODA 패키지사업 기획 및 방향 연구,servc,24
R26BK01369868_000,우즈베키스탄 고려인 역사박물관 유물 조사,servc,22
R26BK01369891_000,문화유산 산불피해 시뮬레이션 및 대응기술 연구,servc,25
R26BK01369905_000,국제표준화기구(IAF) 인정체계 인정평가사 및 검증심사원 적격성 관리 체계 구축(Ⅲ),servc,47
R26BK01369908_000,스마트공장 지원사업 성과조사·분석 7차 연구,servc,24
R26BK01369916_000,수돗물 중 미량유해물질 함유실태 조사(2026),servc,26
R26BK01369921_000,과불화화합물 효율적 제어를 위한 파일럿 규모 정수처리공정 적용 연구(Ⅰ),servc,40
R26BK01369926_000,친환경벌채 대상지 모니터링,servc,14
R26BK01369966_000,국립목포대학교 2026학년도 학생 통학버스 운행용역,servc,28
R26BK01369999_000,2026년 배수문 정밀안전점검 용역,servc,19
R26BK01370020_000,(26F005-G) 26년 육군 모바일 업무수행체계 유지보수사업,servc,35
R26BK01370042_000,유해성 자료의 검증 및 국외 평가 정보 비교·분석 연구 (2026),servc,37
R26BK01370088_000,부산광역시 공공와이파이 시스템 유지관리 용역,servc,24
R26BK01370107_000,분광기법을 이용한 대기배출량 산정방안 연구(II),servc,27
R26BK01370144_000,2026년 지진안전 홍보사업(긴급입찰),servc,21
R26BK01370147_000,2026년 대통령기록포털 서비스 강화사업,servc,22
R26BK01370206_000,신기술 · 신개념의약품 가이드라인 개발-임상시험 가이드라인,servc,32
R26BK01370278_000,26-D-00부대 설계용역(B518),servc,20
R26BK01370282_000,고령 독거 국가유공자 안부확인서비스 운영 용역,servc,25
R26BK01370300_000,2026년 ODA 국민·전문가 인식 조사,servc,22
R26BK01370345_000,직업계고 취업통계조사 시스템 개선(2차) 및 운영관리 사업,servc,32
R26BK01370351_000,2026 저작권 보호 바로 지금 통합 홍보 용역,servc,26
R26BK01370441_000,(26F040-B) 문화예술단체 대대급부대 순회공연,servc,28
R26BK01370519_000,산림생물 계통유연관계 파악을 위한 유전자 분석,servc,25
R26BK01370581_000,2026년 청년교류사업 위탁 용역,servc,18
R26BK01370613_000,(일반용역비) 2026년 동물용의약품 산업 전문인력 양성 교육 위탁 용역(농특),servc,44
R26BK01370658_000,국립효창독립공원 기본구상 및 타당성 연구용역,servc,24
R26BK01370662_000,26~27년 한국환경공단 사업장폐기물처 정보시스템 통합 유지관리,servc,35
R26BK01370663_000,2026년 지식재산 국제포럼 일반용역,servc,20
R26BK01370802_000,광승공원 조성사업 공원조성계획(변경) 용역,servc,23
R26BK01370811_000,행정기관 ICT 이용환경 고도화 지원,servc,20
R26BK01370813_000,2026년 인천광역시경찰청 전산장비 유지보수 용역,servc,27
R26BK01370851_000,경찰수사연수원 수사교육동 증축사업 폐기물처리 용역(불연성),servc,32
R26BK01370853_000,친환경경영 컨설팅(상생협력ESG경영체계 구축),servc,25
R26BK01370904_000,지능형 탄약관리체계 구축 감리용역,servc,18
R26BK01370945_000,재외동포협력센터 SNS 플랫폼 및 서포터즈 운영,servc,26
R26BK01371042_000,2026년 법원도서관 법률 콘텐츠 및 홍보·안내 영상 제작 사업,servc,35
R26BK01371153_000,AX기반 차세대 업무포털 시스템 구축을 위한 ISMP 수립 사업,servc,35
R26BK01371168_000,2026년도 공공기관 종합청렴도 평가사업 용역,servc,25
R26BK01371197_000,남문중계펌프장 시설개량 및 압송관로 교체공사 기본 및 실시설계용역,servc,36
R26BK01371288_000,소상공인 신용평가시스템 고도화 용역,servc,19
R26BK01371402_000,2026년 기업생멸 행정통계 종합분석시스템 고도화 사업,servc,30
R26BK01371445_000,쇄빙연구선 아라온호 위탁관리,servc,15
R26BK01371448_000,2026 서울국제공연예술제 협력 공연 제작 및 운영 용역,servc,31
R26BK01371451_000,경찰수사연수원 수사교육동 증축사업 폐기물처리 용역(가연성),servc,32
R26BK01371523_000,글로벌 조달시장 진출을 위한 국제입찰 설명회 및 해외 수출상담회 행사,servc,38
R26BK01371528_000,2026년 인신매매등 실태조사 연구,servc,19
R26BK01371535_000,2026년 지능형 영상분석 시스템 유지보수 용역,servc,26
R26BK01371559_000,정수처리공정에서 과불화화합물 처리효율 개선방안 연구(Ⅱ),servc,31
R26BK01371564_000,2026년도 충청권 영농폐비닐 운송용역 1차,servc,24
R26BK01371594_000,2026년 중요기록물 데이터베이스 구축 사업 용역,servc,27
R26BK01371612_000,2026 국보순회전 전시품 포장 및 운송 용역,servc,25
R26BK01371614_000,남부권 장애인복지관 건립사업 외 2개소 통합 전기감리 용역,servc,32
R26BK01371655_000,바이오헬스산업 실태조사,servc,12
R26BK01371657_000,2026년 충북 소방공무원 찾아가는 상담실,servc,23
R26BK01371661_000,26년도 청년창업사관학교 정보시스템 운영 및 유지관리 용역,servc,32
R26BK01371704_000,KEIT AX 기반 정보화 계획 수립,servc,20
R26BK01371707_000,공사원가검증시스템 구축 정보화전략계획(ISP) 계약추진 의뢰,servc,33
R26BK01371738_000,형사절차전자화 지원을 위한 스캔 용역 사업,servc,23
R26BK01371839_000,2026년 중앙투자심사 협의면제 전문기관 검토 용역,servc,28
R26BK01371940_000,2026 농업기술박람회 대행 용역,servc,18
R26BK01372006_000,2026년 경북지방우정청 소속우체국 보건관리 위탁용역(안동권역),servc,35
R26BK01372041_000,2026년 중부권 산촌활력 특화사업,servc,19
R26BK01372047_000,(연구용역)흰점박이꽃무지 유충추출물 섭취가 일반인의 면역력 증진에 미치는 영향 임상연구,servc,48
R26BK01372048_000,2026년 폐교시설 통합정보시스템 운영관리 사업,servc,26
R26BK01372100_000,2026 대한민국보훈문화제 기획 및 운영 용역,servc,25
R26BK01372166_000,2026년 어린이 환경보건 출생코호트(대규모) 온라인 추적조사,servc,34
R26BK01372167_000,서울대학교 의과대학 유선전화 교환시스템 개선 및 운영,servc,29
R26BK01372169_000,2026 차세대동포(청년) 모국 초청연수(1~3차) 사업 운영,servc,34
R26BK01372227_000,성평등·가족·청소년 정책 전달체계 현황 조사 및 개선방안 연구,servc,34
R26BK01372266_000,장애인삶 패널조사(2026년) 조사용역,servc,21
R26BK01372357_000,2026년 정보시스템 운영시설 안정성 기술지원,servc,25
R26BK01372368_000,2026년 통합보훈정보시스템 개선사업,servc,20
R26BK01372516_000,환경규제별 심화과정 기획 및 운영,servc,18
R26BK01372708_000,"전국 지진, GNSS 관측소 및 국제 공동 지진-공중음파 관측소 유지보수 용역",servc,43
R26BK01372760_000,K-에듀파인 통합스토리지 증설,servc,16
R26BK01372805_000,[지원] 지역사회 기반 신체적 기능 회복 및 근감소증 예방을 위한 스마트 하지 운동 시스템 개발,servc,53
R26BK01372814_000,(연구용역)2026 논벼 및 밭작물 농작업 기계화율 현지조사,servc,33
R26BK01372844_000,2026년 공간정보 데이터베이스 변동자료 갱신 사업,servc,28
R26BK01372924_000,(위탁)한반도 지역 정밀보정 GCP Chip 관리 모듈 구현,servc,33
R26BK01373031_000,26-N-해군 전력 발전사 편찬 연구용역,servc,22
R26BK01373090_000,서울양천우체국 복합청사 건립공사 건설폐기물처리(불연성) 추가 용역,servc,36
R26BK01373212_000,AI 기반 대기환경측정망 이상자료 선별 연구 (I),servc,28
R26BK01373227_000,체외진단의료기기 규제·산업 동향 분석,servc,20
R26BK01373281_000,2026 국가식품클러스터 해외시장개척 용역,servc,23
R26BK01373347_000,유럽 탄소국경조정제도 확정기 대응 지원 및 국제인정협력체계 구축 방안 연구(Ⅱ),servc,44
R26BK01373369_000,국가무형유산 영상기록물 제작(1차),servc,19
R26BK01373409_000,2026년 보훈단체 국제교류협력사업,servc,19
R26BK01373424_000,신종 오염배출원 수질유해물질 처리 특성 분석,servc,24
R26BK01373488_000,2026년 폐업(예정) 소상공인 법률자문 및 채무조정 용역,servc,32
R26BK01373493_000,2026년 고촌정수장 및 배수지 정밀안전점검 용역,servc,27
R26BK01373537_000,2026년도 과학기술사이버안전센터 보안관제 및 침해예방 대응 지원,servc,36
R26BK01373543_000,자연자본공시 기업 대응방안 연구(2차년도),servc,23
R26BK01373544_000,2026년 국민 주권 평화 통일 사회적 대화,servc,24
R26BK01373614_000,2026년 어린이박물관 상설전시관 １ 개편 전시연출 제작.설치,servc,34
R26BK01373622_000,민간데이터 구매 및 활용(장기1차),servc,19
R26BK01373627_000,2026년 인구감소지역 청소년 성장지원사업 성과평가 및 개선방안 연구,servc,38
R26BK01373634_000,음성소방서 맹동119안전센터 신축공사 전기감리 용역,servc,28
R26BK01373635_000,야생동물질병관리시스템 관리 및 운영(2026),servc,25
R26BK01373651_000,2026년 국가통합바이오빅데이터구축사업 연구회 운영,servc,28
R26BK01373660_000,성거입장 다목적 체육관 건립공사 감독 권한대행 등 건설사업관리용역,servc,36
R26BK01373693_000,가상자산 통합분석시스템 구축 사업,servc,18
R26BK01373701_000,2026년 유튜브·인스타그램 제작 및 운영 용역,servc,26
R26BK01373709_000,2026년 디지털포렌식 전문화 교육 사업,servc,22
R26BK01373713_000,KICS 교정시스템 전자적 송달·통지 기능 구축,servc,26
R26BK01373715_000,26년 다다익선 수시 점검 및 보존처리 용역,servc,24
R26BK01373725_000,2026년 새만금 관광분야 투자유치 활동 및 지원 위탁용역,servc,32
R26BK01373775_000,인공지능 맞춤형 교수학습 플랫폼 콜센터 운영관리,servc,26
R26BK01373781_000,2026년 박물관 미술관 평가인증 운영 및 운영역량 강화 지원,servc,34
R26BK01373793_000,환경기술개발사업 특허성과 창출 지원,servc,19
R26BK01373818_000,미규제 토양오염물질 조사 및 분석(2026),servc,24
R26BK01373841_000,(가칭) 에코1중학교 교사신축 전기공사 설계용역(계속비),servc,31
R26BK01373909_000,원인불명 집단발병 대비 사건기반 및 증후군 감시 시범 운영 연구,servc,35
R26BK01373918_000,해외 한류 저작권 지킴이 교육,servc,16
R26BK01373966_000,26-D-00부대 설계용역(B521),servc,20
R26BK01373987_000,2026년 실습선 선체/선원 보험 및 임금채권보장기금 가입(긴급),servc,36
R26BK01374002_000,26년 방산기술보호 컨퍼런스 행사 시행 용역,servc,24
R26BK01374015_000,2026년도 역사지리정보DB 구축 용역,servc,21
R26BK01374043_000,2026년 글로벌 바이오헬스산업 동향 조사·분석,servc,26
R26BK01374078_000,2026년 국토이용정보 통합플랫폼(KLIP) 운영지원 용역,servc,32
R26BK01374093_000,부산공유대학 미래모빌리티 혁신 기술 XR 기반 교육 컨텐츠 개발,servc,35
R26BK01374161_000,화학제품관리 차세대 플랫폼 운영 및 유지관리,servc,24
R26BK01374197_000,(서비스정책과) 2026년 소장기록물 메타데이터 보완 사업,servc,32
R26BK01374203_000,2026년 북동권 산촌활력 특화사업,servc,19
R26BK01374224_000,2026년 국립생태원 야외식재지 유지관리용역,servc,24
R26BK01374242_000,마약류 표준물질 합성 사업,servc,14
R26BK01374311_000,(연구용역)2026년 농어업인 등 복지실태 현지조사,servc,28
R26BK01374322_000,통영시 관광 통합플랫폼 특화서비스 구축 용역,servc,24
R26BK01374331_000,생물다양성 정보시스템 고도화(1단계),servc,20
R26BK01374381_000,내서도서관 건립공사 건설사업관리용역,servc,19
R26BK01374397_000,비대면 진료지원 및 전자처방전전달 시스템 구축을 위한 BPR/ISP 사업,servc,40
R26BK01374625_000,"(가칭)합강1초 외 2건(합강1유, 합강중)신축공사 건설사업관리용역",servc,37
R26BK01374632_000,2026년 해외 AI·스마트제조 정책 동향 조사분석 연구,servc,31
R26BK01374682_000,2026년 코리아 메모리얼 로드 대행 용역,servc,23
R26BK01374745_000,2026 국립국악원-경복궁 상설공연 운영 용역,servc,25
R26BK01374755_000,서울특별시교육청 정보자원 클라우드 전환 정보화 전략 계획(ISP) 수립 용역,servc,42
R26BK01374801_000,2026 기획전시 [코스모 아시아 피플] 전시 운영 및 홍보 용역,servc,36
R26BK01374848_000,2026 경기아트센터 문화복지공연 음향장비 임차 및 운용 용역,servc,34
R26BK01374869_000,2026년 중요기록물 DB구축 및 전수조사 용역,servc,26
R26BK01374888_000,2026년 배수펌프장 7개소 상하반기 안전점검 용역,servc,28
R26BK01375081_000,2026 K-뮤지컬국제마켓 행사 운영 대행 용역,servc,26
R26BK01375101_000,2026년 글로벌 ICT 동향 모니터링 및 정보제공 용역,servc,31
R26BK01375176_000,2026년도 상반기 동탄구 시설물 정밀안전점검용역,servc,27
R26BK01375207_000,국세청 혁신인재 역량평가 운영 위탁용역,servc,21
R26BK01375265_000,제천시 구 건축물대장 전산화 사업 용역,servc,21
R26BK01375276_000,(연구용역)과수 바이오매스 탄소 국가계수 및 감축 모델 개발,servc,33
R26BK01375330_000,2026년 찾아가는 리더십캠프 교육 용역,servc,22
R26BK01375389_000,2026년도 고용노동부 별관 특수경비용역,servc,22
R26BK01375393_000,2026년 상상누림터 신기술융합콘텐츠 제작 및 운영,servc,28
R26BK01375437_000,제19회 세계인의 날 기념식 및 홍보대행 용역,servc,25
R26BK01375490_000,2026년 디지털정부 전시체험관 개선 및 운영,servc,25
R26BK01375513_000,정책여론수렴시스템 고도화 사업,servc,16
R26BK01375551_000,공주시 스마트 경로당 유지관리 용역,servc,19
R26BK01375563_000,2026년 2그룹 병 집중인성교육 위탁 운영,servc,24
R26BK01375576_000,군산시 신시도 섬 지역 특성화사업(2단계) 현장관리 운영 용역,servc,34
R26BK01375580_000,2026년 궁능유적본부 소나무재선충병 방제 등 모니터링 용역,servc,33
R26BK01375634_000,[중개] LLM 및 VR/XR 기반 지능형 상지재활 로봇 기술 중개연구,servc,39
R26BK01375640_000,여수시 초도(의성) 섬 지역 특성화사업(2단계) 현장관리 운영 용역,servc,37
R26BK01375731_000,해썹통합관리시스템 3단계 구축 감리,servc,19
R26BK01375836_000,새만금 자율운송 통합관제 실증지원센터 건립공사_건축감리,servc,30
R26BK01375862_000,2026년도 방송중·고 디지털 학습 콘텐츠 개발 및 유지관리 사업,servc,36
R26BK01375893_000,2026년 여수 대륵도 일원 발굴(2차)·지표조사 및 연구,servc,32
R26BK01375939_000,아산시 우수유출저감대책 수립용역,servc,17
R26BK01375951_000,주택도시기금 리스크관리시스템 유지관리사업,servc,22
R26BK01376253_000,2026년 개인정보 보호수준 강화,servc,18
R26BK01376256_000,위성개발혁신센터 구축 기본(계획·중간) 및 실시설계(전기) 용역,servc,35
R26BK01376260_000,2026년 이동형 상상누림터 제작 및 운영,servc,23
R26BK01376263_000,2026년 한국수어 말뭉치 수집 및 분석,servc,22
R26BK01376264_000,가상자산 분석지원 용역,servc,12
R26BK01376329_000,보령시 삽시도 섬 지역 특성화사업(2단계) 현장관리 운영 용역,servc,34
R26BK01376536_000,여수시 안도 섬 지역 특성화사업(2단계) 현장관리 운영 용역,servc,33
R26BK01376537_000,원전 사이버보안 검증 테스트베트 유지관리,servc,22
R26BK01376538_000,2026년 지능형 환경공간정보 현행화,servc,20
R26BK01376574_000,2026년 경상북도 빅데이터 통합플랫폼 유지관리 용역,servc,29
R26BK01376606_000,2026년 경산시 공간정보플랫폼 운영 및 유지관리,servc,27
R26BK01376638_000,대구경북지역 정부물품재활용 수탁사업자 선정 공고,servc,26
R26BK01376687_000,2026년 중요기록물 DB구축 및 전수조사 사업 용역,servc,29
R26BK01376707_000,버스 공공와이파이 임차운영 사업,servc,17
R26BK01376747_000,디지털의료기기 인허가 지원 사업,servc,17
R26BK01376751_000,정보자산 및 정보(보호)시스템 통합 유지관리,servc,24
R26BK01376764_000,2026년 여성폭력 피해자 보호·지원시설 종사자 교육(화상·집체 등) 운영 용역,servc,44
R26BK01376772_000,2026년 재외명예영사 방한 초청사업,servc,20
R26BK01376786_000,2026년 제1차 한-중앙아시아 정상회의 행사대행 PCO 용역,servc,34
R26BK01376801_000,26-A-00부대 설계용역(A040),servc,20
R26BK01376823_000,제12차 한중 공공외교 포럼 운영 및 관리,servc,23
R26BK01376834_000,개인정보 이노베이션 존 연계 허브 기능개발,servc,23
R26BK01376871_000,2026년 땅밀림 계측장비 유지관리 및 모니터링,servc,26
R26BK01376927_000,2026년 한국재정정보원 직원교육 위탁용역,servc,23
R26BK01376928_000,배출권거래제 배출효율기준 할당 방법론 개선 방안 마련,servc,29
R26BK01376967_000,보령시 녹도 섬 지역 특성화사업(3단계) 현장관리 운영 용역,servc,33
R26BK01376980_000,한-아세안 표준협력 네트워크 표준협력 고도화,servc,24
R26BK01376995_000,2026년도 DGNSS 기준국·감시국 환경정비,servc,25
R26BK01377003_000,2026년 항공기상정보 서비스 개선,servc,19
R26BK01377028_000,2026년도 공모형 국민 공공외교 사업,servc,21
R26BK01377036_000,2025년 기준 경제총조사 080 콜센터 위탁운영 사업,servc,30
R26BK01377055_000,상주 문화예술회관 건립사업 전기공사 감리용역,servc,24
R26BK01377074_000,2026년 의약품 특허대응전략 컨설팅 지원 사업,servc,26
R26BK01377082_000,수도권지역 이차유기탄소(SOC) 기여도 평가 및 주요 생성 요인 분석(II),servc,42
R26BK01377126_000,2026년 에너지 국민인식조사 시행,servc,19
R26BK01377165_000,STEP AI+x 정보화전략계획(ISP) 사업,servc,25
R26BK01377240_000,공공배달앱 활성화 방안 연구용역,servc,17
R26BK01377242_000,한국전력공사 인천본부 전력공급부 업무용 차량 임차용역,servc,29
R26BK01377272_000,2026 차세대 동포 한국어 집중캠프 기획 및 운영,servc,28
R26BK01377425_000,2026년 국제개발협력(ODA) 역량 강화 프로그램 운영 용역,servc,34
R26BK01377444_000,2026년 방송중·고 사이버교육시스템 통합플랫폼 운영 및 유지관리 사업,servc,39
R26BK01377508_000,2026년 한국언어문화 멀티모달 말뭉치 구축,servc,24
R26BK01377520_000,위해정보 통합처리 플랫폼 구축 3차연도,servc,21
R26BK01377525_000,2024년 소하천 스마트계측관리시스템 구축사업[협상],servc,29
R26BK01377674_000,2026년 남해청 VTS 주요정보통신기반시설 취약점 분석 평가 용역,servc,37
R26BK01377703_000,통영시 욕지도(자부) 섬 지역 특성화사업(2단계) 현장관리 운영 용역,servc,38
R26BK01377713_000,26~28년 자동차 배출가스 종합전산시스템 유지관리,servc,28
R26BK01377738_000,대사 및 음마곡 자연재해위험개선지구 정비사업 통합 건설사업관리 용역,servc,37
R26BK01377812_000,고령친화식품·기능성표시식품산업 통계기반 구축 용역,servc,27
R26BK01377938_000,완도군 스마트인허가 시스템 구축사업 용역,servc,22
R26BK01378059_000,2026년 평택시 빅데이터 분석 사업 용역,servc,23
R26BK01378061_000,(위탁)산림수분지수 개발을 위한 위성 및 현장 자료의 데이터 전처리,servc,37
R26BK01378073_000,2026년 한국문화 지식그래프 구축 및 다국어 개념망 연계,servc,32
R26BK01378263_000,2026년 환경업종 사업다각화 컨설팅 지원사업 컨설팅 수행,servc,32
R26BK01378286_000,2026년 사이버안전센터 보안관제 위탁운영 사업,servc,26
R26BK01378400_000,야생동물 종합관리 시스템 고도화(2026년),servc,24
R26BK01378454_000,2026 영화인 역량강화 교육(KAFA+ 영화인교육) 운영 용역,servc,35
R26BK01378531_000,2026년 문화체육관광 인공지능·데이터 활용 공모전 및 포럼 운영,servc,36
R26BK01378549_000,혁신조달 확대를 위한 범부처 통합 혁신플랫폼 강화사업,servc,29
R26BK01378558_000,2026년 도로시설물(운암고가 외 2개소) 정밀안전진단 용역,servc,33
R26BK01378587_000,2026년 잔류성오염물질 배출원배출량 시료채취 용역,servc,28
R26BK01378619_000,"2026년 서울이니셔티브(SI) 네트워크 타지키스탄, 라오스 사업",servc,36
R26BK01378622_000,2026년 혁신제품 임차 시범구매 조달요청(팔수),servc,27
R26BK01378652_000,2026년 굴착공사정보지원센터 상담업무 위탁 용역,servc,27
R26BK01378670_000,거제시 토지적성평가 및 재해취약성분석 용역,servc,23
R26BK01378686_000,보령시 원산도(원산2리) 섬 지역 특성화사업(2단계) 현장관리 운영 용역,servc,40
R26BK01378700_000,의왕 미래교육센터 신축공사 감독권한대행 등 건설사업관리 용역,servc,33
R26BK01378742_000,가칭)경상북도교육청 영천도서관 건립공사 상주감리용역,servc,28
R26BK01378783_000,2026년 핵심가치과정 설계 및 운영,servc,20
R26BK01378817_000,[지원] 병원 또는 지역사회에서 활용가능한 재활기술의 임상적 효과 분석 및 고도화 연구,servc,48
R26BK01378831_000,2026년 폐농약플라스틱병 용차 운송용역,servc,22
R26BK01378884_000,2026년 환경무역규제 대응 지원 사업(공급망 실사),servc,29
R26BK01378903_000,2026년 주민등록시스템 기능개선,servc,18
R26BK01378918_000,사이버보안 실습 교과체계 및 교육운영 지원 용역,servc,26
R26BK01378931_000,AX 기반의 차세대 업무시스템 구축을 위한 ISMP,servc,28
R26BK01379012_000,2026년 바다숲 탄소흡수력 및 탄소저장고 조사,servc,26
R26BK01379083_000,2025년 기준 국가유산(문화재) 산업조사 용역 계약 요청,servc,32
R26BK01379123_000,2026년 달성군시설관리공단 행정정보시스템 통합유지보수 용역,servc,33
R26BK01379156_000,2026년 EU CBAM 헬프데스크 운영,servc,22
R26BK01379167_000,2026년 중소기업R&D 우수성과 50선 선정기업 해외진출 지원 기획·운영,servc,41
R26BK01379224_000,일반해역 생산패류에 대한 정화 효과 검증 및 평가,servc,27
R26BK01379244_000,대구형 서논구술형 평가 플랫폼에 활용할 GPU구매 사업,servc,30
R26BK01379279_000,고용AI 서비스 제공을 위한 「클라우드 서비스 이용」 GPU 자원 임대,servc,39
R26BK01379336_000,한국전력공사 김포전력지사 업무용 차량 임차,servc,23
R26BK01379346_000,장애학생 진로·직업 및 인권보호 콘텐츠 개발,servc,24
R26BK01379354_000,2026년 새말의 국민 수용도 조사,servc,19
R26BK01379357_000,경남제조AI데이터센터 구축,servc,14
R26BK01379419_000,2026년 AI반도체 지원사업 생태계 조성 및 확산 용역,servc,31
R26BK01379423_000,국토교통 창업기획 프로그램 운영 및 투자유치 지원,servc,27
R26BK01379450_000,수산자원 먹이망 상호작용 연구,servc,16
R26BK01379476_000,제품 등의 지속가능한 설계 및 정보제공  규정 마련을 위한 정책협의체 운영,servc,41
R26BK01379504_000,국민소통플랫폼(소통24) 고도화 사업,servc,20
R26BK01379507_000,‘26년 국방인사정보체계 성능개선 사업,servc,21
R26BK01379671_000,2026년 글로벌 커리어 리턴업 프로그램 운영 용역,servc,28
R26BK01379683_000,2026년 디지털광고 전문인력 양성 사업 계약 의뢰,servc,28
R26BK01379734_000,분당구보건소 신축사업 설계·시공 일괄입찰 공사 감독권한대행 등 건설사업관리용역,servc,43
R26BK01379805_000,2026년 고용노동부 근로감독관 교육고도화 사업 용역,servc,29
R26BK01379933_000,야생생물소재연구동 수장시설 유지보수(2026년),servc,26
R26BK01379967_000,2026년 한국가스안전공사 유튜브 운영.홍보 용역,servc,27
R26BK01379978_000,2026년 한국로봇산업진흥원 신규직원 채용 대행 용역,servc,29
R26BK01380198_000,2026년 수정구 터널 및 지하차도 정밀안전진단 용역(산성터널 등 3개소),servc,41
R26BK01380246_000,2026년 효자교 정밀안전진단용역,servc,18
R26BK01380288_000,(가칭)월암초 신축 전기공사 감리용역,servc,20
R26BK01380357_000,영산·섬진강권역 홍수위험지도 갱신 및 신규 작성,servc,26
R26BK01380498_000,2026년 국내 블록체인 기업 해외진출 지원,servc,24
R26BK01380507_000,UNIST 챌린지융합관 신축 전기분야 공사감리용역,servc,27
R26BK01380516_000,2026년 제로트러스트 도입·전환 컨설팅,servc,22
R26BK01380532_000,26년도 개인정보관리 전문기관 지정심사 및 사후관리 제도 운영,servc,34
R26BK01380562_000,「고위험 비래해충 예찰조사사업」 용역(식물),servc,24
R26BK01380593_000,2026년 MBRIS 기능개선,servc,16
R26BK01380622_000,(위탁)북부 측정넷 기반 온실가스 현장 모니터링 및 대기모델링 연계성 조사·분석,servc,44
R26BK01380680_000,탄소저감 제품 설계 및 생산 컨설팅,servc,19
R26BK01380710_000,2026 국민문화예술교육조사,servc,15
R26BK01380732_000,고흥도양(모듈러) 민간참여 공공주택 건설사업 시공단계 감독권한대행 등 건설사업관리용역,servc,47
R26BK01380746_000,2026년 한국발명진흥회 전산인프라 및 정보시스템 유지관리 용역,servc,35
R26BK01380886_000,2026년 영농폐기물 수거사업소 유인화 운영관리 용역(충남),servc,33
R26BK01380896_000,무궁화26호 정기적 수리(선체·기관) 용역,servc,23
R26BK01380920_000,2026년 지식재산 이러닝 콘텐츠 개발,servc,21
R26BK01380968_000,2026년 국립아시아문화전당 통합마케팅 용역사업,servc,26
R26BK01380991_000,26-F-공군 전투부대 순회 집중정신전력교육 용역,servc,27
R26BK01380998_000,해양수산과학기술 통계생산(2024) 및 연구개발활동조사,servc,30
R26BK01381199_000,2026년 판교수질복원센터 정밀안전진단 용역,servc,24
R26BK01381244_000,대전청사서고 기록물 이송 및 재배치 사업,servc,22
R26BK01381268_000,"차량형 X-ray 검색기(1호, 3호) 수리(X-ray 부분)",servc,34
R26BK01381300_000,컬러 레이저 복합기 임차,servc,13
R26BK01381388_000,2026년 글로벌 광고인재 육성 사업 계약,servc,23
R26BK01381462_000,2026년 용어 자료 구축 및 정비,servc,19
R26BK01381488_000,2026 활동형 도핑방지교육 운영,servc,18
R26BK01381784_000,한국형 AI 기상 기후 파운데이션 모델 개발 용역,servc,27
R26BK01381847_000,26-D-00부대 설계용역(B519),servc,20
R26BK01381959_000,육종분야 데이터 표준화 및 관리 매뉴얼 수립 용역,servc,27
R26BK01382065_000,동부권(건지) 반다비 체육센터 건립 설계용역,servc,24
R26BK01382147_000,글로벌 규제조화센터 2026년도 ICH 가이드라인 교육 운영,servc,33
R26BK01382150_000,민간부문 이용 확대를 위한 하도급지킴이 시스템 고도화 ISP,servc,33
R26BK01382161_000,교육부 사이버안전센터 및 단위보안관제센터 위탁운영,servc,27
R26BK01382172_000,"2026 차세대동포(청소년) 모국 초청연수(1,3,5차) 운영",servc,34
R26BK01382192_000,2026년 추도순례 행사대행용역,servc,17
R26BK01382301_000,2026년도 노인실태조사,servc,13
R26BK01382331_000,[지원] 지능형 이동 보조 시스템을 위한 자율 장애물 극복 핵심 기술 개발,servc,41
R26BK01382335_000,2026년 클라우드 업무환경 유지관리,servc,20
R26BK01382348_000,AI기반 가격비교조사 시스템 구축 ISP사업,servc,24
R26BK01382354_000,고령화고용패널 제4차 기본조사(2026) 용역,servc,25
R26BK01382367_000,2026년 해양수산부 소관 주요정보통신기반시설 취약점 분석·평가,servc,35
R26BK01382397_000,26-N-함정 군 요구사항 최적화 기술 연구용역,servc,26
R26BK01382485_000,합천군 상수도관망 관리시스템 유지보수 용역,servc,23
R26BK01382555_000,2026년 문서고 보유기록물 정수점검 및 정리 용역,servc,28
R26BK01382637_000,2026년 경기도교육청 디지털인프라 테크센터 운영,servc,27
R26BK01382765_000,2026년 무형유산 체험형 교육 운영 및 지원 용역,servc,28
R26BK01382768_000,고용정보시스템 통합운영 유지보수 사업,servc,20
R26BK01382855_000,2026년 (주)강원랜드 소방시설 법정점검용역,servc,25
R26BK01382863_000,디지털의료건강지원기기 제도 개선 및 시장현황 등 조사 연구,servc,32
R26BK01382886_000,건설공사 주체별 안전관리 강화 방안 연구,servc,22
R26BK01382950_000,청주시 무심천 분류식화 하수관로 정비사업 및 상수도 노후관 개량공사 CCTV조사 및 수밀시험 용역,servc,54
R26BK01383021_000,2026 기후산업국제박람회 기상기후산업대전 운영 용역,servc,29
R26BK01383119_000,2026년 신규화학물질 신고 컨설팅 지원,servc,22
R26BK01383143_000,동국대학교 불교한글문화유산 신번역 텍스트 데이터베이스 설계 및 구축 연구,servc,40
R26BK01383343_000,옥동초 거점형 늘봄센터 증축공사 감독권한대행 등 건설사업관리용역,servc,35
R26BK01383639_000,2026년 사회적가치지표(SVI) 측정 심화코칭 및 서류검토 지원 용역(수도권),servc,44
R26BK01383871_000,2026학년도 방송통신중·고등학교 생애교육 프로그램 운영 용역,servc,34
R26BK01383951_000,2026년 ADB공조 우즈베키스탄 통계역량강화사업,servc,27
R26BK01384011_000,2026년도 유치원장 자격연수 국외교육 연수 용역(제4사업),servc,33
R26BK01384055_000,2026년 ADB공조 몽골 통계역량강화사업,servc,23
R26BK01384184_000,"(연구용역)동물용의약품등의 급성 독성 예측 인공지능(AI)모델 개발, 플랫폼 구축 및 급성독성 대체시험법 개발 연구",servc,64
R26BK01384187_000,제9회 전자정부의 날 기념식 및 공공 AI 산업박람회 운영 지원,servc,35
R26BK01384190_000,2026년도 유치원장 자격연수 국외교육 연수 용역(제1사업),servc,33
R26BK01384204_000,제22기 해외지역회의 용역계약 요청,servc,19
R26BK01384257_000,부산광역시 인터넷전화 및 방송영상 시스템 유지보수용역,servc,29
R26BK01384285_000,2026년 외국어 생활법령 신규개발 및 업데이트,servc,26
R26BK01384286_000,해양산업시설 및 주변해역 해양환경 자원정보 연구용역,servc,28
R26BK01384297_000,2026년 유엔참전국 글로벌 아카데미 사업 운영 용역,servc,29
R26BK01384328_000,2026년도 전파시험인증센터 시험 측정장비 교정,servc,26
R26BK01384375_000,SW 3자단가(AI MAM Proxima V6.0 (커스터마이징) (주)제머나이소프트),servc,48
R26BK01384376_000,신재생에너지 통합모니터링시스템 원격단말장치(RTU) 표준통신규격 및 보안 기준 연구,servc,46
R26BK01384424_000,대기오염물질 고농도 원인 규명을 위한 통합 분석체계 마련 연구 (I),servc,38
R26BK01384439_000,2026년 소상공인 유통플랫폼 MD 상담회 통합 운영 대행 용역,servc,35
R26BK01384443_000,유엔평화기념관 확장 타당성 조사 및 기본계획 연구용역,servc,29
R26BK01384446_000,2026년 ODA 시행기관 역량진단,servc,19
R26BK01384458_000,영산강·섬진강수계 녹조 중점관리지역 개선방안 연구,servc,27
R26BK01384489_000,[긴급]안성중 신설대체 이전 신축 전기공사 감리용역(계속비),servc,33
R26BK01384497_000,"상용SW 제3자단가계약((주)스페이스빌더스, DS-PLATFORM v2.0(커스터))",servc,47
R26BK01384527_000,2026년 임가경제 및 임업경영실태조사,servc,21
R26BK01384564_000,AIDU 혁신교육 플랫폼 구축을 위한  ISP 수립,servc,28
R26BK01384603_000,2026년 특별전 우리들의 밥상 관련 영상 제작 및 설치 용역,servc,34
R26BK01384628_000,환경정보 검증분야 국제상호인정체계 확대 방안 연구(Ⅲ),servc,30
R26BK01384703_000,속초고 체육관 증축공사 감독권한대행 건설사업관리용역,servc,28
R26BK01384744_000,2026년 전통문화교육원 온라인교육 콘텐츠 제작,servc,26
R26BK01384791_000,철도박물관로 확장 및 개설 공사 실시설계 용역,servc,25
R26BK01384801_000,위치정보 활용 및 스마트폰 앱 접근권한 모니터링,servc,26
R26BK01384815_000,대기배출시설의 응축성 먼지 배출현황조사(III),servc,26
R26BK01384822_000,2026년 국악사전 표제어 확장 및 신규 편 입력·탑재,servc,30
R26BK01384830_000,초고도 의료 AI 규제 거버넌스 확립을 위한 실행 전략 마련 연구,servc,36
R26BK01384885_000,전주교육대학교 정보·보안시스템 통합 유지관리,servc,24
R26BK01384895_000,디지털서비스_클루커스_중개서비스 for 마이크로소프트(IaaS),servc,35
R26BK01384904_000,2026년 소통·혁신24 정보시스템 운영 및 유지관리 사업,servc,32
R26BK01384906_000,국립고흥다도해 산림치유원 기본구상 용역,servc,21
R26BK01384991_000,2026년도 국가참조표준 플랫폼 유지보수 및 고도화,servc,28
R26BK01384994_000,(가칭)혁신초중학교 신축 전기공사 감리용역,servc,23
R26BK01384995_000,2026 저작권 분야 국제 교류행사 운영,servc,22
R26BK01385002_000,2026년 한국무형유산종합조사 목록수집(전통적 생활관습 분야),servc,34
R26BK01385011_000,차세대 국가인재데이터베이스 구축 사업(1차년도),servc,26
R26BK01385072_000,체감형 영향예보 및 방재대응 지원 확대 방안 연구,servc,27
R26BK01385096_000,2026년 1그룹 병 집중인성교육 위탁 운영,servc,24
R26BK01385110_000,사이버대피소 웹공격 방어 서비스 운영,servc,20
R26BK01385122_000,디지털서비스_허브에이치알_민방위 교육훈련 통합관리 솔루션,servc,31
R26BK01385153_000,국토교통 기업지원허브 포털 운영 및 유지관리,servc,24
R26BK01385167_000,2026년 중소유통 콜센터 위탁운영 용역,servc,22
R26BK01385182_000,광주시 소규모 공공시설 안전점검 및 정비계획 수립 용역,servc,30
R26BK01385206_000,"경주 충효처리분구(와산,외외마을,경주대일원) 하수관로 정비사업 GIS DB구축용역(총괄분)",servc,50
R26BK01385246_000,2026년 중요기록물  DB구축 및 공개재분류 사업,servc,28
R26BK01385356_000,26-N-차세대 첨단함정 건조가능성 검토 연구용역(1),servc,30
R26BK01385383_000,26-D-00부대 설계용역(B516),servc,20
R26BK01385429_000,국방기술품질원 전산망 회선 사업자 선정,servc,21
R26BK01385440_000,행주IC제1육교 등 3개소 정밀안전진단 용역,servc,24
R26BK01385522_000,2026년 웹툰 납본·수집 대행 사업,servc,20
R26BK01385582_000,26년도 국방창업경진대회 행사 운영 위탁 용역,servc,25
R26BK01385618_000,(26F055-B) 경계부대 집중정신전력교육 용역,servc,27
R26BK01385628_000,26-N-안병태 제독 평전 연구용역,servc,19
R26BK01385654_000,2026년 테크센터 구축 및 운영 용역,servc,21
R26BK01385657_000,2026 한-아프리카 비즈니스포럼 행사대행업체(PCO),servc,30
R26BK01385661_000,2026년 안성시 비전자기록물 전수조사 및 이관 용역,servc,29
R26BK01385703_000,디지털서비스_커리어넷_세이프티원,servc,17
R26BK01385714_000,26-N-교전급분석모델 운영,servc,15
R26BK01385723_000,2026년~2027년 국립공원 탐방ㆍ시설 예약시스템 유지관리 용역(장기),servc,40
R26BK01385782_000,2026년도 수산물 소비정보 사업,servc,18
R26BK01385783_000,"남강 산청지구 하천환경정비사업 건설폐기물(폐콘크리트,폐아스콘)처리용역",servc,38
R26BK01385852_000,2026년 통계데이터센터 시스템 통합을 위한 고도화 사업,servc,31
R26BK01385883_000,(연구용역)2026년 농업인 업무상 질병 및 손상 현지조사,servc,32
R26BK01385896_000,수질오염물질 지정 및 적정 관리방안 연구(2026),servc,28
R26BK01385919_000,무공해차 충전소 구축과 인프라펀드 연계 방안 연구,servc,27
R26BK01385932_000,2026년 군 온라인 문화예술 체험형 강의콘텐츠 임차 및 위탁운영,servc,36
R26BK01385960_000,태평양 도서국 맞춤형 기후예측시스템(PICASO)의 5개 국가 특화 개선,servc,40
R26BK01386044_000,2026년 무형유산 원천기록물 매체수록 사업,servc,24
R26BK01386082_000,2026년 김포시 맞춤형 온라인 콘텐츠 지원 사업 운영 용역,servc,33
R26BK01386112_000,동창천 동창지구 하천환경정비사업 건설폐기물 처리용역,servc,28
R26BK01386116_000,2026년도 근로감독관 전문자격 및 온라인과정 용역,servc,28
R26BK01386119_000,양자 취약 암호자산 현황분석 및 식별 가이드 개발,servc,27
R26BK01386143_000,부산세관 통합검사장 신축 사업 예비타당성조사 대응 정책연구용역,servc,34
R26BK01386145_000,자율방범대 관리시스 템  서버 구축 및 데이터 이관,servc,28
R26BK01386150_000,지역화학사고대비체계 활성도 평가 및 이해당사자 역량 지원 방안 연구,servc,37
R26BK01386257_000,중부청VTS 2개소 노후 레이더 개량 실시설계용역,servc,27
R26BK01386265_000,오피스텔 및 상업용건물 기준시가 산정 용역,servc,23
R26BK01386295_000,2026년 신유형 공공저작물 및 학습데이터 개방 지원사업,servc,31
R26BK01386307_000,AI 기반 범정부 전화상담 허브시스템 구축 BPR/ISP,servc,31
R26BK01386323_000,2026 서울 저작권 포럼 행사 위탁,servc,20
R26BK01386461_000,이동형 분석 디바이스 기반 약물치료명령 준수여부 판별기법 개발(Ⅲ),servc,37
R26BK01386530_000,2026년 상하수도 정보 수정 갱신 사업,servc,22
R26BK01386538_000,충남지역 수상 태양광 발전 기상 영향 분석,servc,23
R26BK01386632_000,2026년 경찰청 SNS채널운영,servc,17
R26BK01386676_000,26-N-해군 문화공연 대행 용역,servc,18
R26BK01386694_000,디지털서비스_아이웍스_중개서비스 for 네이버클라우드(IaaS),servc,35
R26BK01386706_000,배출구 측정 안전성 개선 방안 연구(Ⅲ),servc,22
R26BK01386708_000,2026년도 우리역사넷 콘텐츠 구축 용역,servc,22
R26BK01386723_000,2026년 법정시스템 응용SW 유지관리 용역,servc,24
R26BK01386732_000,2026년 전자의무기록인증시스템 유지관리,servc,22
R26BK01386753_000,2026년 국립농업박물관 농사체험교육 개발 및 운영,servc,28
R26BK01386774_000,동창천 금천지구 하천환경정비사업 건설폐기물 처리용역,servc,28
R26BK01386800_000,제61회 발명의 날 기념식 운영 행사 용역,servc,23
R26BK01386807_000,2026 서울국제법아카데미 초청사업 운영위탁,servc,24
R26BK01386901_000,강원TP 반도체 소모품 실증센터 건축공사 감독권한대행 등 건설사업관리용역,servc,40
R26BK01386987_000,남강 정암지구 하천환경비사업 건설폐기물 처리용역,servc,26
R26BK01387071_000,생산해역에 대한 플랑크톤 및 패류독소 조사지점 선정 연구,servc,31
R26BK01387208_000,전 분야 마이데이터 제도 안착 및 확산 기반 마련,servc,27
R26BK01387362_000,2026년 가명정보 활용 컨설팅 및 사례발굴,servc,24
R26BK01387404_000,남강 진주지구 하천환경정비사업 건설폐기물처리용역,servc,26
R26BK01387473_000,국토교통 기업지원허브 프로그램 홍보,servc,19
R26BK01387543_000,"2026 융합과학교육원(창의력교실, 초등 영재 위탁프로그램) 학생수송차량 임차용역",servc,45
R26BK01387566_000,2026년 폐수배출시설 생태독성관리 기술지원,servc,24
R26BK01387592_000,보 구간 광역 조류 정밀모니터링 연구,servc,20
R26BK01387597_000,2026 농식품 창업콘테스트 행사기획 및 운영지원,servc,27
R26BK01387648_000,2026년 종합소득세 홈택스 임시상담 위탁운영,servc,25
R26BK01387671_000,AI 표준·인증 동향 분석 및 규제샌드박스 연계 추진 용역,servc,32
R26BK01387701_000,2026년 국립해양유산연구소 소장품 기록화 사업,servc,26
R26BK01387708_000,중촌·읍천 자연재해위험개선지구 정비사업 건설폐기물 용역,servc,30
R26BK01387771_000,AX 기반 정보화전략계획 수립용역,servc,18
R26BK01387840_000,온톨로지센터 운영 지원 사업,servc,15
R26BK01387842_000,2026년 국립중앙박물관 소방시설 종합점검,servc,23
R26BK01387844_000,정보보호 유니콘 기업 육성 프로그램 운영,servc,22
R26BK01387846_000,2026년 5그룹 병 집중인성교육 위탁 운영,servc,24
R26BK01387888_000,26-N-창끝부대 힐링콘서트 공연대행 용역,servc,23
R26BK01387907_000,저수지 제체 위험예측 및 유지관리체계 통합 기술개발(Ⅰ),servc,31
R26BK01387925_000,식중독 균주 등 위탁운송 사업,servc,16
R26BK01387985_000,2026년 한국영상자료원 영화필름 디지털복원 사업,servc,27
R26BK01388052_000,사업장 대기배출정보 통합플랫폼 마련을 위한 표준화 정보 관리체계 구축(Ⅱ),servc,41
R26BK01388056_000,2026년 (예비)사회적기업 도약 지원사업 실무 지원 용역,servc,32
R26BK01388140_000,"2026년 국토이용정보체계(UPIS, KLIP) DB 현행화 용역",servc,36
R26BK01388194_000,2025년 기준 산림산업조사,servc,15
R26BK01388196_000,동포데이터 기반 재외동포시스템 및 정보보안 컨설팅,servc,27
R26BK01388268_000,한국전통건축 아카이브센터 구축 사업 타당성 조사 및 기본계획 수립 용역,servc,39
R26BK01388337_000,경남 디지털 혁신거점 조성지원 사업 행사운영 용역,servc,27
R26BK01388364_000,군산시 비안도 섬 지역 특성화사업(2단계) 현장관리 운영 용역,servc,34
R26BK01388391_000,2026년 오픈소스포털 운영 및 유지관리 용역,servc,25
R26BK01388555_000,26-N-부품단종정보 획득 용역,servc,17
R26BK01388592_000,2026년 직원 마음건강 프로그램 용역,servc,21
R26BK01388635_000,문화유산 관람지원 사업 운영 개선방안 연구 및 모니터링,servc,30
R26BK01388687_000,2026년 한국교육학술정보원 직원 채용 위탁 용역,servc,27
R26BK01388705_000,남해군 토지적성평가 및 재해취약성분석 용역,servc,23
R26BK01388758_000,기관 개인정보 관리체계 강화 컨설팅,servc,19
R26BK01388942_000,2026년 취약계층(장애인) 디지털역량강화사업,servc,25
R26BK01388970_000,2026년 청년 주권 평화 통일 사회적 대화,servc,24
R26BK01389188_000,가락시장 청과시장동 정밀안전진단 및 가락몰 내진성능평가 용역,servc,33
R26BK01389303_000,2025년 기준 임산물생산조사(표본),servc,20
R26BK01389332_000,아산~천안 광역 국도대체우회도로 사전타당성조사 용역,servc,28
R26BK01389437_000,IITP SNS 중심 홍보 용역,servc,17
R26BK01389468_000,나라키움 창원통합청사 신축사업 건설사업관리용역(전기분야 제외),servc,34
R26BK01389627_000,순창 창의예술미래공간 복합시설 신축공사 감독권한대행 등 건설사업관리 용역(계속비),servc,45
R26BK01389670_000,한국전력공사 서인천지사 업무용 차량 임차,servc,22
R26BK01389952_000,(26F048-I)26년안전진단민간용역,servc,21
R26BK01389954_000,26년 방위산업기술보호 교육과정 위탁사업,servc,22
R26BK01390007_000,AI 플랫폼 기반 사회적대화 모델 개발 연구용역,servc,26
R26BK01390115_000,2026년 ICT 통계포털(ITSTAT) 정보시스템 기능개선 및 유지보수,servc,40
R26BK01390158_000,환경 대기 중 미세플라스틱 시험방법 마련 및 현장 적용성 평가 연구(Ⅰ),servc,40
R26BK01390186_000,오존 집중관리 시범지역 오염원 진단 및 관리 시나리오 수립,servc,32
R26BK01390204_000,2026년 검찰 정보시스템 및 통신장비 등 통합유지관리 사업,servc,33
R26BK01390246_000,26~27년 KJCCS 통합 유지보수 용역,servc,23
R26BK01390261_000,2026 대한민국 정부 박람회 행사 대행 용역,servc,25
R26BK01390267_000,생물산업 지원 기반 구축을 위한 대량증식 연구(2026년),servc,32
R26BK01390340_000,2026년 경남형 AI-CES “CES-Discover(커리어 방향 설정)” 운영 용역,servc,48
R26BK01390417_000,몽골 동부 및 울란바토르 비감염성질환 의료서비스 개선사업 형성조사,servc,36
R26BK01390448_000,2026년 맞춤형 기상기후 빅데이터 서비스 기반 구축,servc,29
R26BK01390458_000,2026년 문학주간 운영 대행 용역,servc,19
R26BK01390466_000,HAP-CAPSS 배출량 산정을 위한 인벤토리 구축 사업(I),servc,34
R26BK01390568_000,디지털예산회계시스템 AI 활용 컨설팅(ISP) 및 실증구현(PoC),servc,37
R26BK01390652_000,서울당곡초등학교 그린스마트 미래학교 개축공사 감독 권한 대행 등 건설사업관리용역(장기계속),servc,50
R26BK01390687_000,2026년 농업기술 온라인 콘텐츠 개발 용역,servc,24
R26BK01390872_000,(연구용역)검역 바이러스 유전자검사 품질관리 가이드라인 개발,servc,33
R26BK01390991_000,2026년 상반기 국회방송 외주제작(헌법바로알기 프로그램),servc,32
R26BK01391401_000,업종별 공통방지시설(대기·수질) 최적가용기법 기준서 개정(안) 마련 연구(Ⅱ),servc,43
R26BK01391439_000,2026년 한국수어 문법 교재 개발 및 활용 연구,servc,27
R26BK01391440_000,2026년 지역주도 민관협력체계 구축 및 확산사업 용역,servc,30
R26BK01391445_000,2026년 탄소중립 달성을 위한 국제감축시장 및 파리협정 연구,servc,34
R26BK01391649_000,서산시 고파도 섬 지역 특성화사업(2단계) 현장관리 운영 용역,servc,34
R26BK01391690_000,강화군 교동도(동산리) 섬 지역 특성화사업(2단계) 현장관리 운영 용역,servc,39
R26BK01391725_000,국세청 승진자 교육 운영 위탁용역,servc,18
R26BK01391756_000,2026년 국민생활체육조사,servc,14
R26BK01391773_000,청년패널2021 6차(2026) 조사,servc,20
R26BK01391782_000,2026년 감염병 실험실검사용 표준물질 생산,servc,24
R26BK01391814_000,미술품표준관리시스템 재구축 ISMP 수립,servc,22
R26BK01391836_000,아산경찰병원 의료·운영계획 연구용역,servc,19
R26BK01391839_000,폐기물 수출입 규제 합리화를 위한 제도 개선 방안 마련,servc,30
R26BK01392016_000,2026년 국가통합바이오빅데이터구축사업 홍보관 설치 및 운영,servc,33
R26BK01392024_000,2026년 이천시 디지털트윈 솔루션 확산 및 개발,servc,27
R26BK01392044_000,2026년 K-에듀파인 핵심 선도인력 역량강화 연수,servc,28
R26BK01392138_000,이빨고기류 및 주요 부수어획종 기초생태 연구,servc,24
R26BK01392199_000,2026년 종합기상정보시스템 개선,servc,18
R26BK01392216_000,"2026년 차세대동포 모국 초청연수(청소년 2,4,6차) 운영",servc,34
R26BK01392218_000,한·아세안 국가정원 재기획 기본구상 및 타당성평가 용역,servc,30
R26BK01392261_000,2026년 키르기스스탄 통계역량강화사업,servc,21
R26BK01392328_000,디지털융합혁신파크 건립공사 감독권한대행 건설사업관리용역,servc,30
R26BK01392331_000,고양중교 등 (도로)시설물 3개소 정밀안전진단 용역,servc,28
R26BK01392334_000,2026년 3그룹 병 집중인성교육 위탁 운영,servc,24
R26BK01392340_000,"(가칭)에코1중학교 교사신축 정보통신, 소방공사 설계용역(계속비)",servc,36
R26BK01392354_000,문화의거리 공영주차장 조성사업 감독권한대행 등 건설사업관리용역,servc,34
R26BK01392374_000,화천 사내교육커뮤니티센터 건립 신축공사 감독권한대행 등 건설사업관리 용역,servc,40
R26BK01392424_000,AI 영상자료 보존센터 건립 연구용역,servc,20
R26BK01392427_000,2026년 지식샘터 명사 특강 위탁운영,servc,21
R26BK01392553_000,잔류농약 등 4종 숙련도 평가용 시료 제조,servc,23
R26BK01392566_000,2026년 법정시스템 물적 유지관리 및 서비스 운영 용역,servc,31
R26BK01392643_000,고령화연구패널 제11차 기본조사(2026년) 실사 용역,servc,30
R26BK01392648_000,고입정보포털사이트 통합운영 및 유지관리,servc,21
R26BK01392665_000,2026년도 유치원장 자격연수 국외교육 연수 용역(제2사업),servc,33
R26BK01392724_000,"2026년 해양조사선(황해로호, 해양누리호) 선박 및 장비보험",servc,34
R26BK01392830_000,국가생물다양성 정보공유체계 운영 및 클라우드 이전,servc,27
R26BK01393189_000,통계 관리 개선 등 지능형 송무 추진 ISP,servc,24
R26BK01393258_000,2026 아트코리아랩 예술기술 융합 테스트베드 기획 및 운영 용역,servc,36
R26BK01393316_000,놀이시설 및 주차장 조성공사 감독 권한대행 등 통합 건설사업관리 용역,servc,38
R26BK01393399_000,SW개발보안 교육 및 진단원 양성과정 운영,servc,23
R26BK01393408_000,법원기록물 통합관리시스템 구축을 위한 ISP 사업,servc,27
R26BK01393429_000,26-N-수상함 초기설계지원체계 구축방안 연구,servc,25
R26BK01393438_000,"2026년 혁신제품 임차 시범사용(2023-156호, 사무용소프트웨어)",servc,39
R26BK01393458_000,2026년 글로벌보건안보 조정사무소 감염병대응 역량강화 국제연수 운영지원,servc,40
R26BK01393490_000,26-N-함정설계 초기단계 중량추정식 개발 연구,servc,26
R26BK01393522_000,26-N-추진기 개발동향 분석 및 함정 적용가능성 연구,servc,30
R26BK01393556_000,26-N-잠수함 감항성관리요구서 작성방안 연구,servc,25
R26BK01393636_000,등기정보(권리) 분석을 위한 인공지능(AI) 시스템 구축 ISP,servc,35
R26BK01393643_000,대기 배출원별 암모니아 배출량 평가 및 개선 연구(Ⅳ),servc,30
R26BK01393653_000,2026년 교정기관 수용자 건강검진 위탁 용역,servc,25
R26BK01393827_000,26년 국방재해복구시스템 구축사업,servc,18
R26BK01393869_000,공공조달관리사 표준교재 모니터링 및 개정 연구 용역,servc,28
R26BK01393937_000,2026년도 우주항공사이버안전센터 보안관제 및 침해예방 대응 지원,servc,36
R26BK01394020_000,이천시 동요역사관 건립사업 외 1개소 통합 건설사업관리 용역,servc,33
R26BK01394436_000,2026년 국가기후위기대응위원회 기후시민회의 숙의 운영,servc,30
R26BK01394464_000,한-중동아프리카 방산협력 컨퍼런스 및 공동위원회 행사 용역,servc,32
R26BK01394519_000,2026년 사이버 보안관제 운영,servc,17
R26BK01394773_000,난치성 세균감염 치료제 개발을 위한 디지털세균 개발 및 검증,servc,33
R26BK01394781_000,2026년도 국외 판로개척 프로그램 운영 용역,servc,25
R26BK01394796_000,2026년 기존 공공시설물 내진성능평가,servc,21
R26BK01394825_000,2026년 유가보조금관리시스템 고도화,servc,20
R26BK01394836_000,다목적 용수 활용을 위한 영산강 하구 수질개선방안 연구,servc,30
R26BK01394902_000,2026년 농촌마을안전용 CCTV시설 유지보수,servc,25
R26BK01394907_000,국가생물다양성전략 이행을 위한 유전다양성 연구-식물분야(2026년),servc,37
R26BK01394971_000,2026 홈페이지 유지관리 및 기능고도화 수행 업체 선정,servc,31
R26BK01394978_000,부산광역시 AI디지털배움터 교육 운영,servc,20
R26BK01394981_000,고입전형 지원 온라인 시스템 개발 용역,servc,21
R26BK01394987_000,용인시 도시계획위원회 통합관리시스템 구축,servc,22
R26BK01395151_000,하천환경변화를 고려한 영산강권역 AI 홍수예보체계 개선 연구,servc,33
R26BK01395153_000,2026년 청년문화포럼·주간개최 위탁용역,servc,22
R26BK01395219_000,2026년 K-무형유산 지식자원 기초조사,servc,22
R26BK01395233_000,회포2 자연재해위험개선지구 정비사업 기본 및 실시설계 용역,servc,32
R26BK01395242_000,26-D-00부대 설계용역(B528),servc,20
R26BK01395269_000,중요 비전자기록물 DB구축 5개년 사업(3년차),servc,26
R26BK01395314_000,AI 레드팀 모의해킹 수행 및 취약점 발굴,servc,23
R26BK01395348_000,26-A-00부대 설계용역(A006),servc,20
R26BK01395402_000,26-D-00부대 설계용역(B526),servc,20
R26BK01395410_000,2026년 세종학당 사업비 관리 위탁,servc,20
R26BK01395461_000,[정보화/중앙/바이오빅데이터과] 2026년 의과학 학술논문 국가서지 DB구축,servc,42
R26BK01395476_000,2026년 사회적기업 투자유치 역량강화 지원사업 운영 용역,servc,32
R26BK01395488_000,2026년 국립경주박물관 어린이박물관 디지털 콘텐츠 제작,servc,31
R26BK01395489_000,디지털포렌식 분야의 산학연관 협력 생태계 고도화를 위한 종합 연구,servc,36
R26BK01395539_000,동북아 지역 대기오염물질 배출량 산정 및 개선 연구(Ⅳ),servc,31
R26BK01395646_000,2026년 어린이용품 환경유해인자 자가관리 컨설팅,servc,27
R26BK01395707_000,2026년 이차전지 폐수처리 기술지원,servc,20
R26BK01395734_000,방사능영향평가 정보시스템 운영 및 유지보수,servc,23
R26BK01395864_000,의정부법조타운 A-3BL 및 S-1BL 아파트 건설공사 시공단계 감독권한대행 등 (통합) 건설사업관리용역,servc,58
R26BK01395974_000,경제양극화 현장형 국민대화 용역,servc,17
R26BK01396059_000,대기 중 산화제 반응성에 기반한 지역별 오존 생성 특성 및 민감도 평가 연구(Ⅰ),servc,45
R26BK01396063_000,2026년 조사료 유해물질 위탁검정,servc,19
R26BK01396091_000,2026년 민주평화통일자문회의 여성·청년위원 기획사업,servc,29
R26BK01396131_000,2026년도 국가배터리순환클러스터 재산종합보험,servc,25
R26BK01396144_000,K-BDS 분석활용 시스템 고도화와 통합 운영 지원,servc,28
R26BK01396391_000,조선해양산업 MRV 시스템 표준체계 연구용역,servc,24
R26BK01396438_000,범정부 데이터분석시스템 복구사업 위탁감리,servc,22
R26BK01396439_000,(기록관리정책과) 행정정보 데이터세트·웹기록물 관리체계 분석 및 기능개선,servc,40
R26BK01396471_000,2026년 강원특별자치도교육청교육연수원 원격연수 콘텐츠 개발 사업,servc,36
R26BK01396474_000,하이브리드 자동차 배터리의 배출영향 평가 연구(Ⅱ),servc,28
R26BK01396483_000,2026년 디자인 심사활용정보 구축사업,servc,21
R26BK01396500_000,2026년 생활권역 실외정원 모델 개발 및 실증,servc,26
R26BK01396687_000,[중개] 멀티모달 센서 융합 기반 상지 재활 로봇의 사용자 의도 대응형 모듈 중개연구,servc,47
R26BK01396761_000,국립중앙박물관 홍보영상 제작 및 운영,servc,20
R26BK01396808_000,2026년 국립세종수목원 자생식물 종자 공급센터 관리 용역,servc,32
R26BK01396822_000,26~27-N-한반도 해양 물리특성조사 용역,servc,24
R26BK01396838_000,한국교원대 부설고등학교 여자기숙사 증축 및 환경개선공사 설계용역,servc,35
R26BK01396869_000,26-N-주요 군항만 기뢰매몰률 특성 조사,servc,23
R26BK01396907_000,차세대 환경영향평가 정보지원시스템 구축(고도화)(1차),servc,30
R26BK01396912_000,SW 3자단가(TIVA V2 (유지관리) (주)알티솔루션),servc,32
R26BK01396939_000,SW 3자단가(TIVA V2 (커스터마이징) (주)알티솔루션),servc,34
R26BK01396971_000,전세보증 보증료율 산정 연구용역,servc,17
R26BK01396981_000,한국전력공사 인천본부 제물포지사 업무용 차량 임차용역,servc,29
R26BK01397016_000,2026년도 기금관계관 국외연수 용역,servc,20
R26BK01397031_000,2026년 상반기 국회방송 외주제작(해외헌법탐구 프로그램),servc,32
R26BK01397281_000,2026년 화성시 시민소통플랫폼 구축,servc,20
R26BK01397284_000,외국인 유입 적정규모 산정 및 외국인 유입의 경제･사회적 영향 분석,servc,37
R26BK01397323_000,2026년도 한국사회보장정보원 소셜미디어 운영 사업,servc,28
R26BK01397331_000,i-세종학당 AI 활용 한국어 학습 모형 고도화 연구,servc,29
R26BK01397354_000,2026년 TIPA 신규직원 채용 대행 용역,servc,24
R26BK01397418_000,26~27-N-연안 해저환경조사 용역,servc,20
R26BK01397444_000,26-D-00부대 설계용역(B525),servc,20
R26BK01397454_000,2026 부산국제마케팅광고제 통합 홈페이지 유지보수 사업,servc,31
R26BK01397460_000,26-N-해군 해양예측수치모델 관리 및 운용체계 개선,servc,29
R26BK01397594_000,(26F033-A)NCS 직무표준화 추진 민간전문가교육 용역,servc,33
R26BK01397646_000,(용역) 산림과학연구시험림 장기계획 수립을 위한 기초 현황조사,servc,34
R26BK01397703_000,(26F046-B) 육군 다큐멘터리 제작 용역,servc,25
R26BK01397725_000,괴산군 토지적성평가 및 재해취약성분석 용역,servc,23
R26BK01397782_000,2026년 현충사 조경관리 용역(분소 포함),servc,24
R26BK01397916_000,전통정원 활용모듈 3D애셋 제작,servc,17
R26BK01397972_000,2026년 배출권거래제 참여기업 탄소중립 컨설팅,servc,26
R26BK01398034_000,미래 민통선 출입관리체계 ISP,servc,17
R26BK01398051_000,방위사업청 청사 신축공사 건설폐기물 처리용역,servc,24
R26BK01398124_000,2026년 세대 젠더 분야 현장형 국민대화 운영 용역 계약,servc,32
R26BK01398197_000,2026년 중소기업 인력지원사업 종합관리시스템 유지보수 용역,servc,33
R26BK01398241_000,2026년 목포시 생활폐기물 전처리시설 위탁운영 용역,servc,29
R26BK01398610_000,경북북부제1교도소 교정시설 내진성능평가용역,servc,23
R26BK01398826_000,2026년 국립한국자생식물원 전시원 유지관리 용역,servc,27
R26BK01398863_000,2026년 디지털융합플랫폼 운영 및 유지관리,servc,24
R26BK01399042_000,2026년 AI디지털배움터 교육 운영 용역,servc,23
R26BK01399071_000,APEC 교통분야 국제행사 대행 및 지원,servc,22
R26BK01399141_000,AI기반 해양사고 분석시스템 개발 용역,servc,21
R26BK01399160_000,무궁화9호 정기적 수리(선체·기관) 용역,servc,22
R26BK01399236_000,그린스마트미래학교 연무마이스터고 임대형 민자사업(BTL) 전기감리용역,servc,38
R26BK01399258_000,2026년 파주 수거사업소 영농폐비닐 운송용역,servc,25
R26BK01399260_000,첨단소재 실증연구단지 미래관 건설사업 기본 및 실시설계 용역,servc,33
R26BK01399287_000,하수도시설(오수관로) 신설 확장사업 기본 및 실시설계용역,servc,31
R26BK01399291_000,화순군 표준기록관리시스템 교체,servc,16
R26BK01399299_000,한국전력공사 인천본부 지역협력부 업무용 차량 임차용역,servc,29
R26BK01399316_000,2026년 데이터안심구역 활용사례 발굴 및 이용활성화 용역,servc,32
R26BK01399357_000,반도체 공정실습 위탁교육,servc,13
R26BK01399367_000,송도항 건설공사 건설폐기물(폐콘크리트) 처리용역,servc,26
R26BK01399393_000,해양경찰 KICS 고도화(통신수사 지원체계) 사업 용역,servc,30
R26BK01399431_000,안성시 승두천 통합물환경 개선사업 토질조사,servc,23
R26BK01399518_000,복합과학체험랜드 건설사업관리,servc,15
R26BK01399531_000,2026학년도 제주대학교 주요정보시스템·컴퓨터(PC) 및 주변기기 유지보수 용역,servc,44
R26BK01399533_000,2026년도 장기근속자 부부동반 제주연수,servc,22
R26BK01399574_000,종합실내체육관 및 중리지구 다목적실내체육관 건립 통합건설사업관리용역,servc,37
R26BK01399645_000,2026년 IHO 국제협력 및 홍보전략 연구,servc,24
R26BK01399648_000,국립순천대학교 전산시스템 통합 유지보수,servc,21
R26BK01399649_000,2026년 조달청 근골격계 유해요인조사 용역,servc,24
R26BK01399693_000,물품 단품 물가조정제도 시범도입 2차 원가계산용역,servc,27
R26BK01399836_000,한국 영유아 교육‧보육 패널 연구 2026,servc,23
R26BK01399847_000,2026년 묵자-점자 병렬 말뭉치 구축,servc,21
R26BK01399874_000,도시계획정보체계(UPIS) DB구축 및 관리 용역,servc,27
R26BK01399916_000,정치갈등해소를 위한 현장형 국민대화 운영 용역,servc,25
R26BK01399970_000,실증사업 지역 확산 및 공공 식사서비스 연계 수행 용역,servc,30
R26BK01399975_000,2026년도 지방세정보시스템 운영관리 감리용역,servc,25
R26BK01400029_000,카지노 체류자 실태조사 및 회복 지원 서비스 모델 개발,servc,30
R26BK01400265_000,2026년 정보시스템 기능개발 통합 사업,servc,22
R26BK01400329_000,2026년 민간어업협력사업 수산자원조사 및 경제적 가치 추정,servc,33
R26BK01400351_000,"경기광주세무서 청사 신축공사 관련, 교통영향평가 계약 요청",servc,32
R26BK01400384_000,2026년 통계지리정보시스템(SGIS) 개선 사업,servc,27
R26BK01400460_000,연기금투자풀 집합투자기구평가회사 선정,servc,20
R26BK01400498_000,피해기반 위험기상 영향정보 생산기술 개선,servc,22
R26BK01400544_000,2026년 기록물 생산관리통합시스템 구축 사업,servc,25
R26BK01400636_000,2026년 차세대 수로정보 표준연구,servc,19
R26BK01400683_000,정지궤도 환경위성 자료 생산 및 서비스 시스템 기능 고도화(I),servc,35
R26BK01400764_000,스마트워크 시스템 고도화 감리 및 개인정보영향평가 사업,servc,30
R26BK01400773_000,토큰증권 플랫폼 운영 구축 사업 전산감리 용역,servc,25
R26BK01400785_000,2026년 청소년 도박 실태조사,servc,17
R26BK01400804_000,차세대 범죄예방정보시스템 구축(2차) 감리 및 개인정보영향평가 용역,servc,37
R26BK01400853_000,정부대전청사 정밀안전진단 및 내진성능평가 용역,servc,25
R26BK01400865_000,음성소방서 맹동119안전센터 신축공사 건설사업관리 용역,servc,30
R26BK01400896_000,2026년 국가인재원(진천) 조경 관리 용역,servc,24
R26BK01400955_000,2026년 전 생애 노동교육 콘텐츠 체계 수립 및 교육 프로그램 개발 용역,servc,41
R26BK01401048_000,2026년 화물자동차 안전운임제 성과분석 및 발전방안 마련 연구,servc,35
R26BK01401145_000,2026년 일본군 위안부 피해자 추모사업,servc,22
R26BK01401174_000,(26F037-I)육군홍보전략컨설팅및종합홍보용역,servc,26
R26BK01401203_000,"찾아가는 학교폭력,소년범죄 예방공연 운영 용역",servc,25
R26BK01401288_000,"고흥군 마을하수도(도덕, 송강지구) GIS DB구축 용역",servc,31
R26BK01401297_000,유무인기 부유체 원격탐지 센서 탑재 기술 분석 및 시범운항 연구,servc,35
R26BK01401322_000,디지털융합혁신파크 건립공사 감독권한대행 건설사업관리용역(전기),servc,34
R26BK01401329_000,2026년 게임물 전문지도사 및 등급분류 교육 운영 위탁사업,servc,33
R26BK01401338_000,2026년 미래 건강전략 포럼 행사 및 건강도시 캠페인 운영,servc,33
R26BK01401372_000,원자력안전규제 지식관리시스템(AI솔로몬) 운영 및 유지보수,servc,32
R26BK01401455_000,26-F-00부대 청사 리모델링 등 3건 설계용역(D001),servc,33
R26BK01401470_000,2026년 청주시 노인·장애인 보호구역 실태조사용역,servc,28
R26BK01401585_000,2026년 장애인실태조사,servc,13
R26BK01401642_000,2026 기획전시 [코스모 아시아 피플] 부대행사  운영대행 용역,servc,36
R26BK01401649_000,2026~2028년 가락시장 시설관리용 네트워크 통합유지보수 용역,servc,36
R26BK01401704_000,제주대학교 중장기 발전계획 수립.고도화 연구용역,servc,26
R26BK01401871_000,2026-2027년 지정 폐기물 위탁처리 용역,servc,25
R26BK01401981_000,2026년 찾아가는 해양안전 체험교육 운영 지원,servc,26
R26BK01402047_000,2026년도 부패인식도 조사,servc,15
R26BK01402193_000,2026년 운영 교육사업 화학분석장비 실습교육,servc,25
R26BK01402255_000,국내 포름알데하이드 농도 변화와 VOCs 농도와의 상관성 연구(Ⅰ),servc,37
R26BK01402303_000,2026년 국가통합바이오빅데이터구축사업 협력체계 구축을 위한 주요 행사 기획 및 운영 대행,servc,50
R26BK01402360_000,방사선안전관리 통합정보망 추가기능 개발(2026년),servc,28
R26BK01402394_000,2026년 중소기업의 화학물질관리법 이행지원,servc,24
R26BK01402442_000,제4기 배출권거래제 온실가스 검증 역량 향상을 위한 검증 기법 개발 연구(Ⅲ),servc,43
R26BK01402467_000,자동차 배출가스 결함확인검사용 시험자동차 선정(2026) - 대형차,servc,37
R26BK01402485_000,2026년 한국사능력검정시험 시스템 고도화 사업 감리 및 개인정보영향평가 용역,servc,43
R26BK01402534_000,자동차 배출가스 결함확인검사용 시험자동차 선정(2026) - 소형차,servc,37
R26BK01402544_000,환경유해인자의 위해성평가를 통한 어린이용품 안전관리(I),servc,31
R26BK01402553_000,통합 바이오 데이터 분석·활용 시너지 플랫폼 구축 PMO,servc,31
R26BK01402556_000,SW 3자단가(Xcaster Live Cut AI v11.0 (유지관리) (주)티노),servc,47
R26BK01402567_000,SW 3자단가(AIQBot v1.0 (커스터마이징) (주)토마토시스템),servc,39
R26BK01402607_000,26-D-00부대 설계용역(B524),servc,20
R26BK01402627_000,2026 자립지원 실태조사,servc,14
R26BK01402639_000,부산금정경찰서 청사 신축사업 건설사업관리용역,servc,24
R26BK01402648_000,신보중앙회 및 17개 지역신보 정책기획 공동홍보 용역,servc,29
R26BK01402782_000,SW 3자단가(스마트도시정보안내솔루션 V1.0 (유지관리) (주)새눈),servc,39
R26BK01402783_000,SW 3자단가(스마트도시정보안내솔루션 V1.0 (커스터마이징) (주)새눈),servc,41
R26BK01402833_000,NTIS 서비스 및 정보연계 시스템 고도화,servc,23
R26BK01402879_000,2026년 유해화학물질 실적보고 운영,servc,20
R26BK01402930_000,2026 광고산업조사(2025년 기준) 용역 계약 의뢰,servc,30
R26BK01402978_000,SW 3자단가(LDMS v1.0 (유지관리) (주)비엔에스테크),servc,35
R26BK01402981_000,SW 3자단가(LDMS v1.0 (커스터마이징) (주)비엔에스테크),servc,37
R26BK01403053_000,정부 디지털지갑 서비스 구현(3차),servc,19
R26BK01403092_000,기계엔지니어링 DX Hub 건설사업 설계용역,servc,24
R26BK01403124_000,2026년도 한국사데이터베이스 DB구축 용역,servc,24
R26BK01403255_000,AI 레드팀 위협 시나리오 발굴,servc,17
R26BK01403413_000,디지털포용 영향평가 운영체계 설계,servc,18
R26BK01403442_000,2026년 문화다양성 실태조사 및 연구,servc,21
R26BK01403542_000,2026년도 상생결제 콜센터 운영 용역,servc,21
R26BK01403551_000,완도중도(모듈러) 민간참여 공공주택 건설사업 시공단계 감독권한대행 등 건설사업관리용역,servc,47
R26BK01403693_000,미관리 수질오염물질 탐색체계구축(2026년) 연구용역(매리센터),servc,35
R26BK01403767_000,2026년 국가기록물 정리사업,servc,16
R26BK01403774_000,2026년 기후변화 시나리오 승인 체계 구축 용역,servc,27
R26BK01403853_000,2026년 임산물재배실태조사,servc,15
R26BK01403910_000,2026년 중부청 VTS센터 주요정보통신기반시설 보안취약점 분석평가 용역,servc,40
R26BK01403925_000,2026년 폐금속광산 토양·수질환경 오염조사 및 평가,servc,29
R26BK01403949_000,사전투표운용장비(본인확인기) 기술지원 사업,servc,23
R26BK01404013_000,2026년도 국립중앙도서관 음반 및 관련 자료 납본수집 대행사업 계약 의뢰,servc,41
R26BK01404102_000,2026년 문화 디지털 아카데미 운영,servc,20
R26BK01404116_000,2026년 문화정보통합센터(IDC) 통합유지보수,servc,26
R26BK01404188_000,26년 KISA 주요정보통신기반시설 및 정보시스템 보안강화 컨설팅 위탁용역,servc,41
R26BK01404238_000,등기정보시스템 통합 구축 등을 위한 ISP,servc,23
R26BK01404278_000,2026 학생독립운동 참가학교 자료 및 기사수집 학술연구용역,servc,33
R26BK01404348_000,2026년 기업정보화통계조사 및 통계집 제작,servc,24
R26BK01404417_000,정수장 원·정수 미세플라스틱 분포 조사(V),servc,24
R26BK01404422_000,2026년 장애학생 소프트웨어 교육자료 개발,servc,24
R26BK01404486_000,26-F-국민과 함께하는 공군 정기음악회 대행용역,servc,27
R26BK01404527_000,2026년 장애학생 정보화 교육자료 개발,servc,22
R26BK01404529_000,2026 예술산업 기업성장 교육 기획 및 운영 대행,servc,28
R26BK01404537_000,2026년 4급 및 5급 역량평가 운영 및 과제개발 용역,servc,31
R26BK01404598_000,2026년 공단 직원 오프라인 교육훈련 기획·운영 위탁,servc,30
R26BK01404603_000,광역상수원 상류지역 물 복지 사각지대 해소를 위한 상수도 인프라 조사,servc,38
R26BK01404609_000,2026년 세계유산 홍보·활용사업 통합 모니터링 용역,servc,29
R26BK01404691_000,2026년 신문스크랩 및 모니터링,servc,18
R26BK01404806_000,SW 3자단가(파일링박스엔터프라이즈 v3.5 (커스터마이징) (주)나무소프트),servc,43
R26BK01404813_000,2026년 소형선용 어항정보 및 바다지도 제작,servc,25
R26BK01404818_000,예천군 대표홈페이지 통합 개편,servc,16
R26BK01404829_000,2026년 오픈소스SW 라이선스 컨설팅·전문교육 및 인식제고,servc,33
R26BK01404858_000,(가칭)송담고등학교 신축공사 건설사업관리용역,servc,24
R26BK01404883_000,2026년 교원양성기관 역량진단 시스템 운영 및 유지관리 사업,servc,34
R26BK01404884_000,기후변화 대응을 위한 대기오염물질 측정 고도화 및 통합 관리방안 연구(I),servc,41
R26BK01404953_000,2026년 오픈소스 개발자 역량강화 용역,servc,22
R26BK01405007_000,2026년 국내 해양바이오산업 실태조사,servc,21
R26BK01405063_000,2026년 휴먼빅데이터 기반구축,servc,17
R26BK01405078_000,(26F011-G) 26년 과학화전투훈련체계 노후장비 교체사업,servc,34
R26BK01405223_000,2026년 디지털정부서비스 안정적 추진기반 조성 사업,servc,29
R26BK01405273_000,2026 우리 임산물 숲푸드 대축제 운영 대행,servc,25
R26BK01405298_000,친환경경영 컨설팅(수출 기업 ESG경영체계 구축),servc,27
R26BK01405305_000,26~27-N-정보체계 2차 재개발,servc,19
R26BK01405375_000,26~27-N-정보체계 2차 재개발 감리,servc,22
R26BK01405570_000,2026년도 AI디지털배움터 교육 운영 용역(전북),servc,28
R26BK01405736_000,고성군 국가정보통신서비스(읍면사업소) 서비스 사업자 선정,servc,31
R26BK01405811_000,2026년 경남형 AI-CES “CES-Achieve(취업 성과 완성)” 운영 용역,servc,46
R26BK01405826_000,2026~2027년 운행제한 위반차량 과태료 부과시스템 유지관리,servc,35
R26BK01405900_000,마이데이터 기반 AI 에이전트 활용·연계 표준화 사업,servc,29
R26BK01405943_000,2026~2027년 제한차량 인터넷 운행허가 시스템 유지관리,servc,33
R26BK01405959_000,2026년 5대 국립과학관 통합 온라인과학관 개선,servc,27
R26BK01406003_000,암호모듈 전문역량 확보를 위한 통합 지원 운영,servc,25
R26BK01406017_000,2026년 소방청 119종합상황실 상황관리시스템 유지관리,servc,31
R26BK01406021_000,생성형 AI 기반 중소기업 R&D 지원서비스 구축,servc,27
R26BK01406054_000,전기차 급속충전기 파워모듈 통신 프로토콜 표준 개발 및 노후 설비 관리 체계 구축,servc,45
R26BK01406060_000,2026년 국립대한민국임시정부기념관 자료총서 및 학술지 발간 용역,servc,36
R26BK01406098_000,2026년 국가유산 전자행정시스템 고도화,servc,22
R26BK01406101_000,2026 CAMP 운영 및 한국형 보안모델 해외진출 지원,servc,31
R26BK01406104_000,입장도서관 건립공사 감독권한대행 등 건설사업관리용역,servc,28
R26BK01406149_000,신라왕경 디지털 재현사업,servc,13
R26BK01406165_000,26년 건강정보 고속도로(본인진료기록열람지원시스템) 데이터 제공 의료기관 확산 및 기능 고도화 사업,servc,55
R26BK01406167_000,대기 노화에 따른 에어로졸의 산화잠재력 차이 연구(II),servc,31
R26BK01406198_000,26-D-00부대 설계용역(B527),servc,20
R26BK01406214_000,문화유산 기후변화 적응계획 수립 연구,servc,20
R26BK01406224_000,개성공단 기업 역량강화 지원사업 위탁용역,servc,22
R26BK01406264_000,도심·산단 지역 중심 유해성대기감시물질 취약 지점 및 우심 지역 평가 연구(Ⅱ),servc,44
R26BK01406312_000,2026년 국제표준이름식별자(ISNI) 기반 지능형 공유 데이터세트 구축 사업,servc,43
R26BK01406398_000,한우역사박물관 건립 타당성 및 기본계획 수립 연구,servc,27
R26BK01406484_000,2026년 연구실 안전관리 실태조사 및 분석,servc,24
R26BK01406522_000,2026년 옥천군 상수도 지하시설물 GIS DB구축 용역,servc,31
R26BK01406576_000,2026년 방사선안전문화확산 용역 사업,servc,21
R26BK01406615_000,2026년 스팸 수신량 조사 및 유통현황 분석지원,servc,27
R26BK01406628_000,26년도 광역버스 준공영제 서비스평가 용역,servc,23
R26BK01406654_000,희망대초 공간재구조화 증개축 전기공사 감리용역,servc,25
R26BK01406659_000,신용보증재단 및 중앙회 재해복구센터 고도화 컨설팅,servc,27
R26BK01406714_000,2026년 사이버교육 콘텐츠 개발 사업,servc,21
R26BK01406727_000,2026년 소상공인시장진흥공단 직원채용 대행용역,servc,26
R26BK01406728_000,2026년 한국보건복지인재원 온오프라인 통합 홍보,servc,27
R26BK01406770_000,산림과학기술 연구개발사업 연구개발비 위탁정산,servc,24
R26BK01406810_000,2026년 사회서비스 기업 지원 활성화 사업 운영 용역,servc,30
R26BK01406895_000,2026년도 국회 보존회의록 복원 사업,servc,21
R26BK01406922_000,국가생물다양성전략 이행을 위한 유전다양성 연구-동물분야(2026년),servc,37
R26BK01407120_000,(26F004-G) 26년 교육정보종합시스템 SW 유지보수 용역,servc,35
R26BK01407167_000,2026년 오픈소스 AI·SW 개발자·커뮤니티 지원 용역,servc,31
R26BK01407204_000,2026년 국가해양공간정보 관리 및 활용 플랫폼 구축,servc,29
R26BK01407224_000,2026년 ICAO 회원국 초청교육과정,servc,21
R26BK01407234_000,2026년 경상남도의회 유튜브 영상콘텐츠 제작 및 운영 용역,servc,33
R26BK01407239_000,춘천시 중로1-58호선 개설공사 실시설계용역,servc,24
R26BK01407262_000,2026년 경북대학교 우수직원 해외 벤치마킹 위탁용역,servc,29
R26BK01407290_000,2026년도 환경교육 프로그램 개발 및 운영 용역,servc,27
R26BK01407300_000,2026년 문화정보종합포털(문화포털) 운영 및 유지관리 사업,servc,33
R26BK01407346_000,2026년 순직경찰관 영결식 용역,servc,18
R26BK01407374_000,ICAO 글로벌 항공정책 펠로십(2026~2027),servc,28
R26BK01407389_000,속초조양초 그린스마트스쿨 증축공사 감독권한대행 건설사업관리용역(계속비 총괄),servc,42
R26BK01407396_000,2026년 정책현안 데이터 분석 및 기술지원,servc,24
R26BK01407399_000,2026 테크콘E 대행용역,servc,14
R26BK01407400_000,재정경제부 AI-ONE 플랫폼 구축사업 위탁 감리 사업,servc,30
R26BK01407444_000,한국가족패널조사(안) 1차(2026년) 실사 및 2차(2027년) 설계 용역,servc,42
R26BK01407462_000,2026년 K-MEDI hub 지역소통 및 글로벌 네트워크 강화를 위한 행사 용역,servc,45
R26BK01407463_000,"국립국악원제2회 국악의 날, 국악주간행사 대행 용역",servc,28
R26BK01407465_000,26년 국방정보시스템 기반운영환경 노후교체 사업,servc,26
R26BK01407527_000,황계지구 풍수해생활권 비상대처계획(EAP) 수립 용역,servc,29
R26BK01407537_000,2026. 농어촌 우리동네 예술학교 사업 전문기관 위탁 용역,servc,33
R26BK01407628_000,26년 교육정보통합시스템 유지보수,servc,18
R26BK01407631_000,26-D-00부대 설계용역(B529),servc,20
R26BK01407636_000,2026년 독서경영 우수 직장 인증 사업 대행 용역,servc,28
R26BK01407705_000,2026년 유엔참전국 후손 교류캠프 대행 용역,servc,25
R26BK01407759_000,2026년 변화관리 교육과정,servc,15
R26BK01407760_000,상수도시설(태학·풍암·속초) 정수장 기술진단 용역,servc,27
R26BK01407764_000,2026 교육발전특구 교과서 밖 체험교육 운영 용역,servc,28
R26BK01407765_000,2026~2027년 적재중량 위반차량 제보시스템 유지관리,servc,31
R26BK01407859_000,2026년 대중문화산업 현장기록 사업,servc,20
R26BK01407916_000,2026년 음주폐해예방사업 통합조사 운영,servc,22
R26BK01407977_000,"2026년 혁신제품 임차 시범사용(2025-036호, 융복합자료수집장치)",servc,40
R26BK01408000_000,국민건강보험공단 응용(개발) 소프트웨어 유지관리 사업,servc,29
R26BK01408014_000,가나 볼타주 및 오티주 응급의료중심 지역보건의료체계 강화사업 형성조사,servc,38
R26BK01408024_000,26-N-00부대 소방차용 차고지 신축 등 6건 설계용역( C009),servc,38
R26BK01408031_000,2026년 「경기도 서민금융복지채권 사후관리 사업」 콜센터 운영 용역,servc,38
R26BK01408032_000,2026년 축산물 가격정보 수집 및 검증 조사 용역,servc,28
R26BK01408044_000,2026년 화성시 공공기관직원 통합채용 대행 용역,servc,27
R26BK01408048_000,2026년 학교 디지털 인프라 통합관리(테크센터) 운영 사업 용역,servc,36
R26BK01408093_000,2026년 공공데이터 개방 및 데이터기반행정 활성화 컨설팅 사업,servc,35
R26BK01408106_000,2026년 한국농업기술진흥원 직원 교육훈련 위탁운영,servc,28
R26BK01408193_000,여수산단 지하정보 고도화(2차),servc,17
R26BK01408194_000,2026년도 한국사 데이터베이스 구축에 따른 추가 개발 및 개선 사업,servc,38
R26BK01408219_000,"26년 한-아시아,중남미 방산협력 컨퍼런스 및 공동위원회 행사 용역",servc,37
R26BK01408273_000,ERP 운영 및 유지관리 용역,servc,16
R26BK01408303_000,"2026년 혁신제품 임차 시범사용(2022-057호, 경영관리소프트웨어)",servc,40
R26BK01408385_000,영산강·섬진강수계 환경기초조사사업 6단계(28~32) 기본계획 수립,servc,37
R26BK01408438_000,26-D-00부대 설계용역(B532),servc,20
R26BK01408439_000,서울대학교 의과대학 의료폐기물 위탁처리 용역,servc,24
R26BK01408555_000,2026년 유해화학물질 콜센터 운영,servc,19
R26BK01408592_000,2026년 낙후지역 먹는물 수질개선사업 지하시설물 GIS DB구축 용역(상수도),servc,44
R26BK01408653_000,장애인 개인예산제 시범사업 모니터링 및 제도개선 기준 마련 연구,servc,35
R26BK01408676_000,창원시립미술관 건립공사 건설사업관리(감독권한대행) 용역,servc,30
R26BK01408691_000,2026년 한국형 지속가능한 산림관리 모델 고도화 모니터링 용역,servc,35
R26BK01408712_000,중소기업 통합플랫폼 구축 사업(2단계),servc,21
R26BK01408792_000,출입국정보화센터 이전 및 클라우드 전환 사업 감리,servc,27
R26BK01408821_000,2026년 출판한류 K-북 해외 통합 프로모션 운영 용역,servc,31
R26BK01408834_000,(가칭)아라3중 외 1교(영종학교) 신축공사 건설사업관리용역,servc,33
R26BK01408899_000,2026년~2027년 아트모아 시스템 운영 및 유지관리,servc,30
R26BK01409222_000,2026 지능정보사회 법제도 포럼 운영,servc,21
R26BK01409254_000,2026년 데이터자격검정 실기시험 운영 위탁 용역,servc,27
R26BK01409263_000,사업장 부문 중금속 배출 실태조사 및 누락 배출원 발굴,servc,30
R26BK01409397_000,2026년 가명정보 전문인력 양성 교육 및 전문가 풀 운영,servc,32
R26BK01409423_000,"2026년 소규모사업장(4, 5종) 대기배출원조사",servc,27
R26BK01409438_000,2026 국민문화 여가 활동 분석을 위한 조사 및 연구,servc,30
R26BK01409496_000,AI기반 국가디지털수사지원시스템 개선 개념검증(PoC) 및 ISMP,servc,37
R26BK01409515_000,디지털제품 핵심 분야별 보안리빙랩 유지관리 및 운영,servc,28
R26BK01409552_000,26-D-00부대 설계용역(B531),servc,20
R26BK01409553_000,26년 국방통합AI데이터센터 실증목적 GPU 서버 구축사업,servc,32
R26BK01409560_000,2026년 중소사업장 유해화학물질 취급시설 안전관리 지원,servc,31
R26BK01409562_000,실험실폐수 처리용역,servc,10
R26BK01409590_000,2026년 안전센터 통합 유지보수 용역,servc,21
R26BK01409637_000,2026년 임산물생산비 및 소득조사,servc,19
R26BK01409668_000,2026년 협동조합 경영공시 모니터링 지원 용역,servc,26
R26BK01409695_000,2026년 반려동물사료 안전관리 위탁검정,servc,22
R26BK01409710_000,26년 행정안전부 소관 주요정보통신기반시설 취약점 분석 평가,servc,33
R26BK01409721_000,2026년 발신번호 거짓표시 대응 시스템 고도화,servc,26
R26BK01409754_000,2026년 상반기 국회방송 외주제작(대한민국을 바꾼 법의 탄생),servc,35
R26BK01409805_000,2025년 기준 임산물생산조사(전수),servc,20
R26BK01409824_000,2026년 장애인방송 품질 시범평가 용역,servc,22
R26BK01409834_000,어린이용품 사용제한 환경유해인자에 대한 노출 실태 조사(I),servc,33
R26BK01409840_000,2026년 K-북 해외 홍보·교류 행사 운영 대행 용역,servc,30
R26BK01409970_000,차세대 부동산종합공부시스템 구축 3차,servc,20
R26BK01410027_000,2026년 슈퍼컴퓨터 GPU 임차,servc,18
R26BK01410063_000,2026년 아시아 공무원 초청 연수,servc,19
R26BK01410107_000,2026년 국민참여 청렴콘텐츠 공모전 위탁운영,servc,25
R26BK01410125_000,농업RnD 과제 사전 경제성 분석 및 개발기술 가치평가,servc,30
R26BK01410165_000,유기농업자재 효능효과 식물시험 적용 방법 개선을 위한 연구,servc,32
R26BK01410277_000,국가 노화연구 거버넌스 개선 방안 수립 연구,servc,24
R26BK01410331_000,지역별 고농도 오존 원인 분석을 위한 휘발성유기화합물 집중 조사 연구(Ⅰ),servc,41
R26BK01410388_000,2026년도 유치원장 자격연수 국외교육 연수 용역(제3사업),servc,33
R26BK01410404_000,2026년 국민체력측정통계,servc,14
R26BK01410415_000,첨단재생의료 기반 희귀질환 치료 지원체계 구축,servc,25
R26BK01410429_000,국가데이터 미래발전 로드맵 및 데이터 거버넌스 설계방안 연구용역 사업,servc,38
R26BK01410436_000,유역하수도 기인 미량오염물질 모니터링 및 관리체계 도입기반 마련 연구(2026),servc,44
R26BK01410473_000,유네스코 선정 김구의 해 기념 공연 운영 대행,servc,25
R26BK01410505_000,26년 핵더챌린지 분석플랫폼 운영 용역,servc,21
R26BK01410545_000,TIPA 차세대 경영정보시스템 고도화 감리,servc,23
R26BK01410551_000,정읍 장애인 론볼장 확충건립 시공단계 건설사업관리 용역(감독권한대행 미포함),servc,42
R26BK01410596_000,수돗물 과불화화합물 수질기준 마련을 위한 실태조사 연구(Ⅰ),servc,33
R26BK01410664_000,2026년 창업보육센터 네트워크시스템(BI-Net) 통합유지관리 및 기능개선 용역 입찰공고,servc,50
R26BK01410710_000,"소방출동 데이터 기반, AI빅데이터 분석시스템 구축 감리 용역",servc,34
R26BK01410724_000,2026년 EU CBAM 대응 기업지원 컨설팅,servc,25
R26BK01410798_000,서산시 하수관로 정비사업(5차) 전기 및 계측제어 공사 감리용역,servc,35
R26BK01410903_000,국립중앙박물관 신기술융합콘텐츠 제작 용역,servc,22
R26BK01410929_000,국립금오공과대학교 통합경비시스템 용역,servc,20
R26BK01410941_000,2026년 대국민 인터넷 기상정보서비스 개선,servc,24
R26BK01410947_000,천연기념물 동물 고해상도 유전체 표준지도 구축 및 종 고유 생물학적 특성 연구,servc,43
R26BK01411001_000,페어플레이그라운드(FPG) 운영,servc,17
R26BK01411031_000,제7회 인천국제해양포럼 행사대행용역,servc,19
R26BK01411055_000,2026 I LOVE WOOD 캠페인 홍보용역,servc,25
R26BK01411064_000,"경제통상연구원 국외연수 프로그램 대행 용역(호주,뉴질랜드 지역)",servc,35
R26BK01411081_000,2026년 KTV 정책 홍보 행사 방송 제작 용역,servc,27
R26BK01411106_000,2026년 국가통계포털 및 지표누리 개선 사업,servc,25
R26BK01411117_000,우호증진국 대상 공공외교 미래 네트워크 사업(발트3국),servc,30
R26BK01411146_000,2026년도 문화비소득공제 고객센터 운영,servc,22
R26BK01411158_000,2026년 국가-지자체 평생교육이용권 중앙 상담콜센터 위탁 운영,servc,35
R26BK01411166_000,국립목포해양대학교 사업장 생활계폐기물 위탁처리 용역,servc,28
R26BK01411168_000,2026년 취약노인지원 등 3개 시스템 통합유지관리,servc,28
R26BK01411193_000,2026년 AI 복지상담 및 위기감지 시범사업,servc,25
R26BK01411212_000,26-N-소형언어모델 기반 지능형 문자정보망 전투실험,servc,29
R26BK01411216_000,2025년 형사업무 효율성 개선 등을 위한 통합 사업(재발주),servc,34
R26BK01411237_000,2026년 사이버폭력 실태조사,servc,16
R26BK01411306_000,2026년 환경위성센터 주요정보통신기반시설 보안취약점 분석평가 사업 계약요청,servc,42
R26BK01411326_000,2026년 스마트농업관리사 자격시험 대행,servc,22
R26BK01411332_000,한국부동산원 AI 에이전트 플랫폼 구축 용역,servc,24
R26BK01411458_000,국도5호선 영주 이산 운문지구 등 6개소 포장도 보수공사 건설폐기물처리용역,servc,41
R26BK01411480_000,2026년 강제동원 희생자를 기리는 유족·시민 어울림행사 행사대행용역,servc,38
R26BK01411554_000,국가생물다양성전략 이행점검을 위한 지표 개발 및 평가 연구(3차년도),servc,38
R26BK01411985_000,AI기반 문화생활지원 통합서비스 플랫폼 구축사업,servc,26
R26BK01412223_000,2026년 정보통신망 시스템 유지보수 용역(협상에의한 계약),servc,33
R26BK01412248_000,2026년 방송통계 통합정보 제공시스템 기능개선 및 유지보수,servc,33
R26BK01412254_000,국립대구과학관 2026년 전시관 위탁운영 용역,servc,25
R26BK01412305_000,2026년 충주 도시계획관련 정보 DB현행화 및 정비 용역,servc,32
R26BK01412331_000,중요기록물 전산화(DB) 구축 사업(제9차),servc,24
R26BK01412336_000,2026년 청주시 영구보존 지적기록물 전산화사업,servc,26
R26BK01412343_000,디지털의료기기 시장현황 조사 연구,servc,18
R26BK01412392_000,냉매 전주기 관리체계 구축 시범사업,servc,19
R26BK01412417_000,국토교통 중소·벤처기업 판로개척 지원 프로그램,servc,25
R26BK01412418_000,2026년도 조경 유지관리,servc,14
R26BK01412428_000,2026년 상반기 국회방송 외주제작(민심탐험대 00이 뛴다),servc,33
R26BK01412436_000,탄소중립설비 지원사업 참여업체 조달계약 지원용역,servc,26
R26BK01412447_000,2026 사행산업 이용실태조사,servc,16
R26BK01412461_000,외부사업·국제감축 연계 기반 강화 및 상쇄제도 운영지원,servc,30
R26BK01412472_000,한국형 ARPA-H 프로젝트 홍보 콘텐츠 제작 및 성과 확산,servc,33
R26BK01412545_000,2026년 창원시 산하 공공기관 통합 신규채용 대행 용역,servc,31
R26BK01412572_000,항공정보종합관리망(SWIM) 제작·구매 및 설치 정보시스템 감리용역,servc,37
R26BK01412577_000,거점시설 운영기반 구축 및 지역역량강화 용역,servc,24
R26BK01412621_000,공공와이파이 통합관리센터 운영,servc,16
R26BK01412674_000,2026년 혁신제품 임차 시범구매(중소기업 산업재해 저감을 위한 AI기반 지능형 디지털 위험성평가 기능을 포함한 안전보건관리 시스템),servc,74
R26BK01412728_000,글로벌인재 사업관리 및 홈페이지 시스템 구축 용역 감리 및 개인정보영향평가 용역,servc,44
R26BK01412739_000,수상레저종합정보시스템 고도화 구축사업,servc,20
R26BK01412783_000,경제통상연구원 국외연수 프로그램 대행 용역(동유럽 지역),servc,31
R26BK01412799_000,경부선철도 횡단도로 개설공사 폐아스콘 위탁처리 용역,servc,28
R26BK01412810_000,[시설안전팀]2026년 국립중앙과학관 조경관리용역,servc,27
R26BK01412833_000,’26년 행정정보통합지원체계 성능개선 사업,servc,23
R26BK01412842_000,울릉공항 건설공사 건설폐기물(폐콘크리트) 처리용역(7차),servc,31
R26BK01412856_000,2022 개정 교육과정 적용 방송중·고 디지털 학습 콘텐츠 3차년 개발 사업,servc,42
R26BK01412883_000,2026년 KTV 생방송 제작 중계차 임차 용역,servc,26
R26BK01412948_000,부산오페라하우스 통합운영시스템 확대 구축 용역,servc,25
R26BK01412960_000,수산물 위해요소 평가,servc,11
R26BK01412991_000,휴대폰 본인확인 서비스 위탁 약정 단가계약,servc,23
R26BK01413031_000,"상용SW 제3자단가계약((주)이스톰, 오토패스워드액세스매니저 V2(커스터))",servc,42
R26BK01413049_000,기후변화 대응 녹조 저감 및 AI기반 모니터링 연구(II)-조류제거물질 관리제도 개선방안 연구(II),servc,56
R26BK01413084_000,"상용SW 제3자단가계약((주)팀벨, AI음성인식회의록솔루션팀블로 v1.0(커스터))",servc,46
R26BK01413151_000,멀티모달을 이용한 정지궤도 환경위성(GEMS) 영상 자동 분석 연구(I),servc,40
R26BK01413156_000,2026년 비공개기록물 공개재분류 결과 건별입력 위탁사업,servc,31
R26BK01413175_000,기록관리체계 데이터이관사업,servc,14
R26BK01413204_000,디지털서비스_이동의즐거움_행복더하기 복지플랫폼,servc,25
R26BK01413215_000,2026년 어린이미술관 관람안내 전시운영 용역,servc,25
R26BK01413241_000,국민경청소통분야 현장형 국민대화 운영 용역,servc,23
R26BK01413251_000,2026년 상반기 국회방송 외주제작(국회의원 25시),servc,29
R26BK01413260_000,2026년도 기록물 DB구축 사업,servc,18
R26BK01413288_000,2026년 공공 마이데이터 서비스 확대,servc,21
R26BK01413398_000,"상용SW 제3자단가계약((주)이스톰, 오토패스워드엔터프라이즈 V4(커스터))",servc,42
R26BK01413399_000,"도로이동오염원 활동도, 배출계수 고도화",servc,21
R26BK01413403_000,2026년 공공기관 SW관리업무 담당자 교육,servc,24
R26BK01413505_000,2026년 세종학당 한국어·한국문화 교육자료 보급 사업,servc,30
R26BK01413541_000,2026년도 사회보장급여 부정수급 실태조사,servc,23
R26BK01413560_000,2026년 물기업 재직자 역량강화 교육,servc,21
R26BK01413795_000,2026년 「전자책 제작 지원 사업」 선정도서 검수 및 제작 컨설팅 용역,servc,40
R26BK01413875_000,2026 피복단층 탐지 및 고지진 자료획득 용역,servc,26
R26BK01413922_000,제7차 한국의 소비자시장평가지표 및 제5차 한국의 소비자역량지수 소비자 조사,servc,42
R26BK01414052_000,2026년도 특별지자체 및 지자체조합 컨설팅 용역,servc,27
R26BK01414100_000,정보보호 공시 검증 방법론 개발 및 검증 운영,servc,25
R26BK01414123_000,특별전 우리들의 밥상 전시품 운송·포장·설치 용역,servc,27
R26BK01414172_000,2026년 데이터연구플랫폼(KINDA) 운영·유지관리 사업,servc,32
R26BK01414236_000,2026년 국립도시건축박물관 자료수집 및 해제 연구,servc,28
R26BK01414239_000,2026년도 전산시스템 통합유지관리 용역사업,servc,24
R26BK01414370_000,국방종합시험센터 다릿골시험장 경비용역(장기계속),servc,26
R26BK01414406_000,광산구 장애인복지관 건립사업 감독 권한대행 등 건설사업관리용역(P.Q),servc,39
R26BK01414410_000,어린이 특성을 반영한 환경유해인자 위해성평가(III),servc,29
R26BK01414419_000,"상용SW 제3자단가계약((주)와이즈넛, Search Formula-1 V5(유지관리))",servc,48
R26BK01414448_000,원자력안전정보공개시스템 고도화(3단계),servc,21
R26BK01414506_000,2026년 해양수산 창업 콘테스트 홍보 및 행사 대행,servc,29
R26BK01414533_000,"상용SW 제3자단가계약((주)와이즈넛, WISE i Chat V2(유지관리))",servc,43
R26BK01414615_000,2026년 민관합동 ODA사업 현지 모니터링,servc,24
R26BK01414685_000,아산시 공설장사시설 확충사업 감독권한대행 등 통합 건설사업관리용역,servc,36
R26BK01414702_000,어린이 환경건강 통합 데이터 융합 및 검증 연구,servc,26
R26BK01414754_000,클라우드 네이티브 전환시스템(국토지리정보원_2단계) 운영관리 사업,servc,36
R26BK01414800_000,해양예보 의사결정 시스템 및 서비스 개선,servc,22
R26BK01414836_000,부산 사옥 복합기 임차용역,servc,14
R26BK01414865_000,2026년 석재자원 분포도 석재자원평가,servc,21
R26BK01414900_000,2026년 디지털교육연구실 원격수업 콘텐츠 개발 및 유지관리 사업,servc,36
R26BK01414947_000,디지털고도화 구축 사업 감리 및 개인정보 영향평가 용역,servc,30
R26BK01414950_000,2026년 중요기록물 전자화 및 정리사업,servc,22
R26BK01415000_000,4단계(′26~′28) 한중 대기질 공동연구(Ⅰ),servc,27
R26BK01415093_000,스마트팜 선도단지조성 공사 기본 및 실시설계 용역,servc,27
R26BK01415114_000,중장기 조세정책운용계획 수립 지원사업,servc,20
R26BK01415191_000,2026~2028학년도(26.4월~28.3월) 용봉캠퍼스 의료폐기물 위탁처리 용역,servc,45
R26BK01415227_000,2026년 무인정보단말기(키오스크) UI 플랫폼 운영,servc,29
R26BK01415259_000,2026년 동물대체시험법 활성화를 위한 실습 교육 위탁,servc,30
R26BK01415277_000,업종별 환경 및 에너지 경영시스템 최적가용기법 기준서 개정(안) 마련 연구(Ⅱ),servc,44
R26BK01415318_000,2026년 화학물질 유해성정보 조사·분석,servc,22
R26BK01415598_000,모바일·클라우드 포렌식도구 개선 및 병렬처리시스템 연계 개발,servc,33
R26BK01415714_000,2026 지역문화포털 운영 및 활성화 용역,servc,23
R26BK01415736_000,지역의약품안전센터 중장기 발전방안 연구,servc,21
R26BK01415740_000,한국가스안전공사 전화통신시스템 고도화 사업,servc,23
R26BK01415785_000,건축물카드대장 전산화사업,servc,13
R26BK01415972_000,2026년 체험형 디지털윤리 교육 및 캠페인 운영,servc,27
R26BK01415999_000,2026년 공공데이터 운영체계 및 품질관리 컨설팅 용역,servc,30
R26BK01416006_000,2026년 일본군 ‘위안부’ 피해자 기록물의 유네스코 등재 활동 지원 사업,servc,41
R26BK01416071_000,2026년 통합학사정보시스템 유지보수 사업,servc,23
R26BK01416182_000,26년 전기차 공공급속충전기 직접설치 사업 설계용역(1권역),servc,33
R26BK01416196_000,2026 북부 울산단층대 고지진 변수 도출을 위한 종합조사 용역,servc,35
R26BK01416209_000,26년 전기차 공공급속충전기 직접설치 사업 설계용역(2권역),servc,33
R26BK01416243_000,청주여유 활성화 홍보마케팅 용역,servc,17
R26BK01416250_000,수원시 탄소중립 그린도시 통합플랫폼 구축 감리 용역,servc,28
R26BK01416264_000,급경사지 데이터 표준화 방안 및 안전 점검 지침 마련 연구,servc,32
R26BK01416282_000,상용드론 맞춤형 시설물 안전점검 플랫폼 및 관리 기술개발,servc,31
R26BK01416286_000,2026년 지방자치단체 공공언어 진단,servc,20
R26BK01416288_000,배전건설부 업무용 차량 임차,servc,15
R26BK01416293_000,2026년 한나래호 입거수리 용역(긴급),servc,22
R26BK01416351_000,2026년~2027년도 수질예측 및 수질오염사고대응예측시스템 유지관리(장기계속 1차),servc,47
R26BK01416362_000,2026년 인공지능 기반 통합위험선별 모델 개발,servc,26
R26BK01416443_000,지방세입시스템 서비스 확대 및 인프라 보강 사업 감리용역,servc,31
R26BK01416456_000,종사자 교육포털 직무역량 진단도구 개발 및 고도화 사업,servc,30
R26BK01416490_000,대국민 산재예방 의식개선 사업 참여형 챌린지 운영 용역,servc,30
R26BK01416521_000,2026년 저작권 보호집행 국제행사 위탁용역,servc,24
R26BK01416586_000,모바일 전자고지(통지)·안내 서비스 공인전자문서중계자 선정,servc,32
R26BK01416759_000,26년 빅데이터 활용 분석모델 개발사업 감리용역 사업,servc,29
R26BK01416773_000,26-N-교과목형 R-CBT 콘텐츠 개발,servc,22
R26BK01416791_000,패류 양식어장 경쟁생물 저감 및 어장환경 개선방안 연구,servc,30
R26BK01416880_000,26-A-00부대 설계용역(A041),servc,20
R26BK01417061_000,26년 Physical AI 산업 사이버보안 검증 및 경제적 파급효과 분석,servc,41
R26BK01417229_000,제5차 교통약자 이동편의 증진계획 수립 연구,servc,24
R26BK01417259_000,부산대학교 2026학년도 대형 폐기물 수거 및 처리 용역,servc,31
R26BK01417339_000,충청남도교육청 특수교육원 신축공사 건설사업관리용역(감독권한대행 등),servc,37
R26BK01417393_000,고용24 온라인 상담예약관리시스템 구축 사업,servc,24
R26BK01417445_000,2026년 저작권 원격교육 운영 지원,servc,20
R26BK01417501_000,"2026년 디지털 튜터,테크센터 운영사업 용역",servc,25
R26BK01417605_000,26년 전기차 공공급속충전기 직접설치 사업 설계용역(3권역),servc,33
R26BK01417927_000,2026 예술경제본부 재교부사업 회계검증 및 정산 모니터링 운영 대행,servc,38
R26BK01418040_000,2026년 명예의전당/영상박물관 전시자료 정리 및 DB 구축 사업,servc,36
R26BK01418090_000,26년 의료쇼핑방지정보망 SW연계 확대 사업,servc,24
R26BK01418093_000,2026년 진술영상녹화시스템 유지관리 용역,servc,23
R26BK01418230_000,2026 특별전 「기후와 생태계(가제)」 전시물 제작·설치,servc,32
R26BK01418370_000,의료급여 정보시스템 재구축을 위한 ISP 컨설팅 사업,servc,29
R26BK01418372_000,확률형 아이템 피해구제센터 온라인 시스템 구축 용역,servc,28
R26BK01418383_000,10·29이태원참사 피해지원 온라인 소통 시스템 구축,servc,29
R26BK01418465_000,차세대 국방시설통합정보체계 구축  개인정보 영향평가 사업,servc,31
R26BK01418532_000,목재수확 대상지 사전 타당성조사,servc,17
R26BK01418553_000,2026년 국립고궁박물관 디지털고궁 콘텐츠 제작,servc,26
R26BK01418561_000,2026년 재난현장 통합자원봉사지원단 교육훈련,servc,25
R26BK01418612_000,2026년 군인가족의 날 기념 초청행사,servc,21
R26BK01418664_000,2026년 청주시 어린이 보호구역 실태조사용역,servc,25
R26BK01418698_000,2026년 기후변화과학 학교 교육지원 콘텐츠 개발 사업,servc,30
R26BK01418700_000,한-UNDP 국제 반부패 포럼 행사 운영 위탁,servc,25
R26BK01418748_000,경골목구조의 내화성능 표준(안) 개선·제작,servc,23
R26BK01418766_000,국방과학기술을 활용한 창업경진대회 추진 용역,servc,24
R26BK01418791_000,해양보호생물 및 관찰종(산호류) 정밀 조사,servc,23
R26BK01418850_000,AI 노동법 상담 고도화,servc,13
R26BK01419002_000,동아시아 철새서식지 고병원성 조류인플루엔자 감시 연구(26~27),servc,36
R26BK01419210_000,디지털정부서비스 SW보안약점 진단 지원,servc,21
R26BK01419327_000,"(가칭)에코6초등학교 교사신축 정보통신, 소방공사 감리용역(계속비)",servc,37
R26BK01419416_000,하이원리조트 모바일 앱 통합예약시스템 구축 용역,servc,26
R26BK01419548_000,26-D-00부대 설계용역(B522),servc,20
R26BK01419572_000,국립국악원 예악당 기능 재정립 및 시설개선 방향 검토 연구,servc,32
R26BK01419584_000,미세먼지 간이측정기 관리체계 구축(‘26),servc,23
R26BK01419614_000,백두대간 자원(주민)실태조사 및 관리방안 연구용역,servc,27
R26BK01419626_000,보 개방에 따른 녹조 및 수질 영향 예측 연구,servc,25
R26BK01419631_000,2026년 산림유량관측 지점 단면 및 유량식 조사,servc,27
R26BK01419661_000,이차 유기 에어로졸(SOA) 생성 모델을 통한 국내 기여도 평가(Ⅲ),servc,38
R26BK01419738_000,음원-권리정보 통합DB 운영 및 기능 개선,servc,23
R26BK01419895_000,26-N-PKG 워터젯 그리드 설치로 인한 영향성 연구,servc,30
R26BK01419973_000,"상용SW 제3자단가계약((주)와탭랩스, 와탭R2(커스터))",servc,32
R26BK01420091_000,(26G001-H)26년 00지역3차원 디지털지형정보 구축사업,servc,34
R26BK01420197_000,2026년도 신안군 CCTV통합관제센터 유지보수 용역,servc,29
R26BK01420405_000,2026년 군부대 매장유산 조사,servc,17
R26BK01420439_000,야생동물 서식지 조류인플루엔자(AI) 현장 조사,servc,26
R26BK01420514_000,26-N-해군 영상 콘텐츠 기획 및 제작 용역,servc,25
R26BK01420515_000,제16회 국제과학관심포지엄 대행 용역,servc,20
R26BK01420594_000,온실가스 측정기기 교정·정도검사 및 정도관리 용역,servc,27
R26BK01420599_000,2026년 디지털통합물류시스템 유지관리 용역,servc,24
R26BK01420604_000,2026년 (구)건축물대장전산화(DB)구축사업 용역,servc,28
R26BK01420623_000,26년 비전자기록물 디지털화 및 기록물 이관/정리 사업,servc,30
R26BK01420715_000,해양바이오기업 해외전시 공동관 운영 및 지원,servc,24
R26BK01420789_000,2026년 정보보안 및 개인정보보호 진단 사업,servc,25
R26BK01420801_000,빅데이터 플랫폼 운영·유지관리 용역,servc,19
R26BK01420893_000,사전투표운용장비(투표용지발급기 등) 기술지원 사업,servc,27
R26BK01420943_000,한국전력공사 인천본부 김포지사 공사현장 안전점검 업무용 차량 임차용역,servc,38
R26BK01420975_000,"중장기 경영전략, ESG 등 혁신경영체계 고도화",servc,26
R26BK01421013_000,2026년 GeoProsX 고도화 사업,servc,21
R26BK01421027_000,남해경찰서 이전 신축공사 설계용역업체 선정계획_전기,servc,28
R26BK01421117_000,한국인 영양소 섭취기준 활용 연구,servc,18
R26BK01421239_000,기계설비산업 통계조사 및 통합 모집단 구축 기반 연구,servc,29
R26BK01421310_000,하이러닝 및 AI 서·논술형 평가시스템 개인정보영향평가 용역,servc,33
R26BK01421360_000,2026년 국가건물에너지 통합관리시스템 유지관리,servc,26
R26BK01421369_000,26년 정보보안 수준강화 컨설팅,servc,17
R26BK01421389_000,2026년 AI 데이터 구축 사업관리 전문 지원,servc,26
R26BK01421424_000,2026년 디지털재정본부 소관사업 통합 감리용역,servc,26
R26BK01421433_000,2030 인구주택총조사 조사 실시 체계 방안 연구 사업,servc,30
R26BK01421446_000,"특별전 사유하는 몸, 반응하는 뇌 전시 연출 및 운영 용역",servc,32
R26BK01421465_000,2026 KOICA SNS 및 서포터스 운영 용역,servc,27
R26BK01421511_000,2026년 대전교육연수원 원격연수 교육용 콘텐츠 개발 용역,servc,32
R26BK01421588_000,2026년 남북 이산가족 유전자 검사 사업,servc,23
R26BK01421628_000,한국아동 성장 발달 종단연구 2026,servc,20
R26BK01421679_000,2026년 표준품셈 및 표준시방의 통합 정비·제작 용역,servc,30
R26BK01421685_000,2026년도 해양수산과학기술진흥원 홍보 용역,servc,24
R26BK01421744_000,2026년 SW품질체계 구축 지원 및 SP인증 교육 운영,servc,31
R26BK01421833_000,산림탄소 MRV 정보체계 구축(4차) 사업,servc,23
R26BK01421843_000,세종학당 한국어 교재 개편,servc,14
R26BK01421857_000,2026년 사회보장정보시스템 서비스 확대 및 기능개선,servc,29
R26BK01421916_000,2026년 수산정보통합시스템 기능개선,servc,20
R26BK01421955_000,화학물질 분류표시 적용에 관한 연구(2026),servc,25
R26BK01422015_000,원격장비를 이용한 위성 검증 도구 개발(Ⅲ),servc,24
R26BK01422157_000,2026년도 다중이용시설(교육·복지 등) 지하수 취약계층 지원,servc,34
R26BK01422260_000,2026년 수산공익직불제 관리시스템 및 대민포털 고도화 사업,servc,33
R26BK01422312_000,평창군 비전자 기록물 전산화(DB구축) 및 보유 기록물 전수조사 사업,servc,38
R26BK01422357_000,2026년 스마트팜 ICT기업 재직자 전문교육,servc,25
R26BK01422390_000,2026년 경제교육 국제 콘퍼런스,servc,18
R26BK01422392_000,지능형 상하수도 요금관리시스템 마스터플랜(ISMP) 수립 용역,servc,34
R26BK01422409_000,2026년 야생멧돼지 포획활동 지원사업,servc,21
R26BK01422469_000,2026년 한국생명공학연구원 이러닝 위탁운영 용역,servc,27
R26BK01422483_000,도박문제 예방 홍보 브랜딩 및 전략 컨설팅 용역,servc,26
R26BK01422495_000,행정안전부 고유임무 전략사업 발굴 및 기술수준 등 조사분석 기획연구,servc,37
R26BK01422525_000,충청남도교육청 학교통합누리집 재구축 용역,servc,22
R26BK01422526_000,기획예산처 대표 홈페이지 고도화 사업,servc,20
R26BK01422530_000,차기 자동차 배출허용기준 도입에 따른 시험방법 개선에 관한 연구(II),servc,39
R26BK01422534_000,2026년 조선통신사선 정기 정비,servc,18
R26BK01422546_000,2026 국제종자박람회 행사대행,servc,17
R26BK01422580_000,2026년 에너지 전문교육 운영,servc,17
R26BK01422585_000,재난관리자원 분야의 AX 전략 및 지능형 의사결정지원체계 기획연구,servc,36
R26BK01422593_000,내연기관차 충전소의 무공해차 충전소로의 효율적 전환 방안 마련,servc,34
R26BK01422751_000,2026년 노후장비 교체 및 인프라 보강 사업,servc,25
R26BK01422758_000,CVD VDP 제도화를 위한 정보통신망법 개선방안 연구,servc,30
R26BK01422765_000,2026년 기업직업훈련 실태조사 용역,servc,20
R26BK01422807_000,혈액수급관리시스템(BMS) 운영 및 유지관리,servc,24
R26BK01422864_000,방한 연수프로그램 기획 및 운영,servc,17
R26BK01422887_000,2026년 정보보호 인프라보강 사업,servc,19
R26BK01422905_000,26-N-해군 다큐형 영상 콘텐츠 기획 및 제작 용역,servc,29
R26BK01423007_000,민군경 해양데이터를 활용한 지능형 해양사고 분석 및 정책결정 지원 모델 연구 용역,servc,45
R26BK01423067_000,디지털서비스_엔정보기술_중개서비스 for 삼성SDS(IaaS),servc,34
R26BK01423077_000,2026년 저작권 원격교육 콘텐츠 개발,servc,21
R26BK01423099_000,2026년 해양수산 글로벌 혁신기술 조사 및 매칭활용 연구용역,servc,34
R26BK01423112_000,"청렴, 권익 장기교육과정 개발 용역",servc,19
R26BK01423127_000,2026년 앱 마켓 시장 주요 이슈 도출 및 분석,servc,27
R26BK01423158_000,2026년 부산 웰니스·의료관광 SNS 채널 운영,servc,27
R26BK01423165_000,디지털서비스_구름_구름 서비스 공공기관용,servc,22
R26BK01423166_000,(용역)2026년 벼 재배면적 평가용 드론 영상촬영 및 정보 구축,servc,36
R26BK01423189_000,2026년 지식재산 AI R&D 인프라 클라우드 서비스 임차,servc,33
R26BK01423232_000,2026년 국가데이터처 조사용 차량 임차 용역,servc,25
R26BK01423433_000,선박해양플랜트연구소 경비 용역,servc,16
R26BK01423521_000,2026년 폐자원에너지 회수통계 조사 및 분석,servc,25
R26BK01423632_000,여수 석유화학산단 진단∙모니터링 시스템 개발 구축(지하시설물) 3차 용역,servc,40
R26BK01423704_000,XLRS 비임상동물 효능 모델 시험,servc,19
R26BK01423716_000,2026년 혁신제품 임차 시범구매(K-안전고무커버),servc,28
R26BK01423723_000,"[정책,111] 항생제 내성 예방·관리 강화를 위한 현장 지원체계 운영",servc,39
R26BK01423730_000,2026~2027년 디지털교육 종단연구,servc,21
R26BK01423763_000,2026년 정보자원 기술기준 검증 사업,servc,21
R26BK01423814_000,해양경찰 채용 인적성검사 및 면접질문 개발 연구용역,servc,28
R26BK01423864_000,(26G039-A) 주파수 도약신호 탐지분석 연구용역,servc,29
R26BK01423914_000,재정정보공개시스템 종합 홍보 대행 용역 사업,servc,24
R26BK01423953_000,한국폴리텍대학 화성캠퍼스 기숙사 리모델링 공사 감리용역,servc,30
R26BK01423955_000,고령친화산업 복합단지 조성 기초 연구,servc,20
R26BK01423996_000,(26G050-A) 26년 군사지도 제작 용역,servc,25
R26BK01424007_000,2026년 기록물 DB구축 및 전수조사 재배치 사업,servc,28
R26BK01424045_000,KTV 공공아카이브 포털(나누리) 고도화(재구축) 용역,servc,30
R26BK01424099_000,(26F060-A) 26년 부품단종정보 획득 용역,servc,27
R26BK01424142_000,2026 제주대학교RISE사업단 동남아 K-런케이션 설명회 기획 및 운영,servc,40
R26BK01424186_000,2026년 AI·데이터 문제해결은행 맞춤지원 용역,servc,27
R26BK01424265_000,(26G054-I)26년00지역지형정보제작용역,servc,25
R26BK01424382_000,(26F045-I)육군중요역사기록물복원사업,servc,23
R26BK01424415_000,국가과학기술연구회 추진과제 사업비 위탁정산,servc,23
R26BK01424556_000,총톤수 20톤급 수산과학조사선 탐구19호 대체선 건조 책임감리 용역,servc,37
R26BK01424590_000,ICAO국제기준과 국내규정 간 정합성 검토 연구용역,servc,28
R26BK01424665_000,롱리드 기반 유전체 및 전사체 시퀀싱 생산·분석,servc,26
R26BK01424699_000,2026 세계태권도 그랑프리 시리즈 운영 대행 용역,servc,28
R26BK01424771_000,장전중학교 다목적강당 및 급식실 등 증축공사 건설사업관리용역(계속비),servc,38
R26BK01424790_000,26/27 고객만족도조사 용역,servc,16
R26BK01424825_000,2026년 상반기 국회방송 외주제작(나는 지방에 산다),servc,30
R26BK01424900_000,2026년 디지털윤리 전문강사 파견교육 운영,servc,24
R26BK01424908_000,26년 중점협력국 국가협력전략(CPS) 제·개정 방안,servc,29
R26BK01424911_000,2026년 석재산업 현황조사 및 분석,servc,20
R26BK01425343_000,2026년 생산단계 HACCP 사후관리 기술지원 사업(2권역),servc,34
R26BK01425345_000,2026년도 상생결제제도 이행점검 및 실태조사 용역,servc,28
R26BK01425406_000,AI·IoT 기반 생활안전 플랫폼 개발,servc,21
R26BK01425438_000,2026년도 바이오 데이터 품질관리(KBQC) 시스템 고도화 사업,servc,36
R26BK01425502_000,2026 아트코리아랩 오픈 프롬프트 커뮤니티 운영 용역,servc,30
R26BK01425542_000,2026년 공공기관 대상 청렴라이브 위탁 운영,servc,25
R26BK01425667_000,2026년도 바이오소재 정보 통합플랫폼(BioOne) 지능형 서비스 고도화 사업,servc,44
R26BK01425693_000,기후부 전기자동차 공공급속충전기 Bank-Dispenser 및 교통약자 표준 구매규격서 작성,servc,51
R26BK01425776_000,2026년 지능형 업무관리 플랫폼 구축사업,servc,23
R26BK01425777_000,2026년 협동조합의날 행사,servc,15
R26BK01425827_000,2026년 온누리상품권 가맹 및 골목형상점가 확대 전담기관 운영 용역(2권역),servc,43
R26BK01425847_000,2026년도 지방자치단체 복권기금사업 성과관리 용역,servc,28
R26BK01425855_000,2026년도 도로기상정보시스템 유지관리 및 기능개선 사업,servc,31
R26BK01425929_000,2026년 온누리상품권 가맹 및 골목형상점가 확대 전담기관 운영 용역(4권역),servc,43
R26BK01425983_000,가상자산 통합분석시스템 구축 감리 사업,servc,21
R26BK01426023_000,산림 미세먼지 측정넷 기능 개선,servc,17
R26BK01426033_000,2026년 경찰 자살예방교육 프로그램 용역,servc,23
R26BK01426096_000,주요국 공공조달에서의 보호주의 정책 조사 연구용역,servc,27
R26BK01426296_000,2026년 홍보 콘텐츠 제작 및 관리,servc,20
R26BK01426325_000,2026 국제 콘텐츠 공모전 운영 사업 용역 계약의뢰,servc,29
R26BK01426349_000,익산 그린바이오 밴처캠퍼스 경비 용역,servc,20
R26BK01426360_000,Big-데이터웨이브 운영 및 유지관리,servc,20
R26BK01426475_000,"통합판정체계 정보시스템 장기요양 종사자 이력관리시스템 구축 컨설팅(ISP,ISMP)",servc,46
R26BK01426478_000,2026. 농어촌 학교 문화예술교육 지원 사업(우리동네 예술학교) 전문기관 위탁 용역,servc,47
R26BK01426521_000,온나라 클라우드 네이티브 시스템 2026년 통합운영 유지관리,servc,33
R26BK01426561_000,e국악아카데미 국악동화 애니메이션 제작,servc,21
R26BK01426570_000,창원시 표준기록관리시스템 아카이빙스토리지 교체사업,servc,27
R26BK01426667_000,임차차량 [토목2부],servc,11
R26BK01426674_000,DMZ 특별전 전시연출 설계 및 제작·설치,servc,23
R26BK01426711_000,본청사 주차전용건축물 건립사업 기본 및 실시설계 용역,servc,29
R26BK01426737_000,2026년 전라남도 빅데이터 분석 용역,servc,21
R26BK01426863_000,26-15 조달차량임차 더뉴EV6 에어롱레인지 배전운영 홍진우,servc,34
R26BK01426864_000,계약제도 혁신을 위한 낙찰자 선정방법 연구용역,servc,25
R26BK01427005_000,2026년 디지털윤리 교육콘텐츠 개발 사업,servc,23
R26BK01427010_000,26-F-공군 학군사관후보생 집중정신전력교육 용역,servc,27
R26BK01427056_000,119빅데이터 분석 및 시각화,servc,16
R26BK01427120_000,2026년 무역구제 정보관리 시스템 고도화,servc,23
R26BK01427205_000,"2026년 인천청,경찰서 유선장비 유지보수 용역",servc,26
R26BK01427232_000,혁신조달 확대를 위한 범부처 통합 혁신플랫폼 강화사업 감리,servc,32
R26BK01427250_000,2025회계연도 전기통신사업자 등 회계검증 용역(A그룹),servc,31
R26BK01427302_000,선박해양플랜트연구소 미화 용역,servc,16
R26BK01427430_000,스코핑 의사결정 연계 기능 개발(고도화),servc,22
R26BK01427473_000,제78주년 제헌절 경축식 대행 용역 계약,servc,22
R26BK01427480_000,2026~28년 치안업무용 재난안전통신망 무선시스템 유지관리(장기계속),servc,39
R26BK01427517_000,새만금 첨단 교통서비스 도입·운영방안 검토 연구용역,servc,28
R26BK01427678_000,산업현장 문제해결 AX 실전 프로젝트 용역,servc,23
R26BK01427682_000,2026년 유엔참전용사 및 참전국 공적발굴 사업,servc,26
R26BK01427686_000,문화예술 참여 패널 구축 및 사회적 효과 시범 분석 연구,servc,31
R26BK01427691_000,2026년 공단 직원 온라인 교육훈련 기획·운영 위탁,servc,29
R26BK01427701_000,2026년 IBS 정선 예미랩 청소 용역,servc,22
R26BK01427710_000,구 토지대장 한글화 DB 구축사업,servc,18
R26BK01427713_000,2026년 한국지질자원연구원 조경관리용역,servc,22
R26BK01427714_000,스마트팜 청년창업 보육센터 사업지원,servc,19
R26BK01427858_000,저작권 교육시스템 기능 안정화 및 이용 환경 개선,servc,27
R26BK01427931_000,2026년 온누리상품권 가맹 및 골목형상점가 확대 전담기관 운영 용역(3권역),servc,43
R26BK01427936_000,2026 국가유산 디지털 콘텐츠 제작,servc,20
R26BK01427942_000,한국항공고 교사동 증축 및 부대시설공사 감독권한대행 등 건설사업관리용역,servc,39
R26BK01427967_000,형석 타소비축 관리(보관료 지급)용역 계약,servc,23
R26BK01428003_000,(위탁) 산림순환경영모델림 목재수확 전/후 생태계서비스 모니터링(Ⅲ),servc,38
R26BK01428023_000,(긴급) 지능형 캠퍼스를 위한 차세대 네트워크망 구축 PMO 사업,servc,36
R26BK01428033_000,원격협진 지원시스템(디지털의료지원시스템) 구축,servc,25
R26BK01428050_000,2026년 공공 재해복구시스템(DR) 구축 ISP사업(3차),servc,33
R26BK01428067_000,수영장 내 유해화학물질 현장 안전관리 실태조사 연구,servc,28
R26BK01428096_000,박물관 상품 뮷즈(MU:DS)브랜드 진단 및 프리미엄 브랜드 개발,servc,36
R26BK01428109_000,2026년 가습기살균제 피해자 전주기 지원시스템 개선,servc,29
R26BK01428191_000,2026년 빅데이터 통계작성 통합시스템 개선 사업,servc,27
R26BK01428202_000,자동차사고 경상환자 장기치료 분쟁조정 시스템 구축,servc,27
R26BK01428254_000,26년 중기제품 팝업스토어 운영지원 용역,servc,22
R26BK01428256_000,2026 부산도시재생박람회 행사 대행 용역,servc,23
R26BK01428280_000,2026년 농촌진흥청 농업기술길잡이 제작 용역,servc,25
R26BK01428307_000,위해성 기반 극미세먼지(PM-1.0) 관리 선진화 연구(III),servc,35
R26BK01428315_000,"[정책,101] 우수 감염병병원체 확인기관 시범평가 및 지정제도 보완 방향 연구",servc,44
R26BK01428328_000,해양생명자원 특화 AI 서비스 기획 및 시범서비스 구축,servc,30
R26BK01428349_000,국토교통과학기술진흥원 대표 홈페이지 디자인 개편 및 기능 개선,servc,34
R26BK01428369_000,(긴급)2026학년도 구미전자공업고등학교 2학년 수학여행 용역,servc,34
R26BK01428379_000,(가칭)검단3중 외 1교(인천체중) 신축공사 통합 건설사업관리용역(감독권한대행)(계속비),servc,49
R26BK01428396_000,안산신길2 A-6BL 및 B-1BL 아파트 건설공사 시공단계 감독권한대행 등 통합 건설사업관리용역,servc,54
R26BK01428458_000,26년 공익직불제 홍보사업,servc,14
R26BK01428466_000,전기차 실도로 주행데이터 기반 에너지 사용 및 충전 특성 연구(Ⅰ),servc,37
R26BK01428503_000,"상용SW 제3자단가계약(주식회사 나무소프트, 파일링박스 기가 v1.0(커스터마이징))",servc,47
R26BK01428550_000,"상용SW 제3자단가계약(주식회사 나무소프트, 파일링박스메가2 v2(커스터마이징))",servc,45
R26BK01428554_000,2026년 산림교육원 사이버학습 콘텐츠 제작,servc,24
R26BK01428618_000,울산광역시교육연수원 2026년 원격연수 콘텐츠 개발 임차 용역,servc,34
R26BK01428668_000,혁신도시 산업 활성화 및 산학연 연계전략 연구,servc,25
R26BK01428724_000,2026년 한-중 고교생 교류 방중·방한 연수 위탁 용역,servc,31
R26BK01428734_000,차세대 원자로에 대한 사보타주 발생 시 방호구역에서의 방사선량 예측 분석 관련 규제 가이드라인 개발,servc,55
R26BK01428742_000,G20 재무트랙 대응전략 연구,servc,16
R26BK01428777_000,2026년도 하도급거래 서면실태조사 시스템 재구축 사업,servc,30
R26BK01428794_000,가습기살균제 성분의 독성동태 연구,servc,18
R26BK01428895_000,2030 서산시 경관계획 재수립 용역,servc,20
R26BK01428950_000,2026년 폐석탄광산 토양수질환경 오염·표토침식 조사 및 평가,servc,34
R26BK01428970_000,저작권 비즈니스 지원센터 운영  및 권리관리정보 통합 DB 구축,servc,35
R26BK01428972_000,통합물관리를 위한 디지털트윈 요소기술 개발연구(V),servc,28
R26BK01428994_000,2026년도 국가 통합물관리정보플랫폼 유지관리,servc,25
R26BK01429022_000,온실가스 관측 초소형 위성 개발 - 알고리즘 및 활용기술 개발(2026) -,servc,42
R26BK01429114_000,수산물 중 동물용의약품 잔류조사,servc,17
R26BK01429134_000,2026년 TIPA ValueUP 프로그램 운영,servc,26
R26BK01429164_000,한국어능력시험(TOPIK) 정보시스템 통합 및 품질 개선 사업,servc,34
R26BK01429257_000,2026년 K-디지털 트레이닝 해커톤 대회 운영 대행 용역,servc,32
R26BK01429298_000,2026학년도 한국기술교육대학교 직원 채용 대행 용역,servc,29
R26BK01429300_000,2026 문화예술 전국 유통지원 근로자 파견 및 관리 위탁 용역,servc,35
R26BK01429322_000,진천군 광혜원 하수관로정비사업 건설폐기물(폐콘크리트)처리용역,servc,33
R26BK01429324_000,한국전력공사 인천본부 지역협력부 차량 임차용역,servc,25
R26BK01429336_000,사회서비스 정보 통합관리 기반 구축 사업관리 위탁(PMO) 용역,servc,35
R26BK01429348_000,제약산업 성공불융자 제도 도입 연구,servc,19
R26BK01429350_000,26년 전기차 공공급속충전기 직접설치 사업 설계용역(4권역),servc,33
R26BK01429383_000,2026년 제주특별자치도 개인정보 보호수준 및 관리체계 강화 용역,servc,36
R26BK01429478_000,2026년도 외교부 나라배움터 신규콘텐츠 개발,servc,25
R26BK01429496_000,경기온라인학교 서비스 사업 개인정보영향평가 용역,servc,26
R26BK01429565_000,일라이트 표준화 지원센터 건립공사 감독권한대행 등 건설사업관리 용역,servc,37
R26BK01429586_000,2026년 한국어교원 자격 시스템 고도화,servc,22
R26BK01429635_000,AI 기반 니켈 탐사 의사결정 지원을 위한 잠재 부존지 예측 및 통합 분 석 시스템 개발,servc,49
R26BK01429665_000,26-F-작전지원을 위한 기후모델 고도화 방안 연구용역,servc,30
R26BK01429776_000,2026년 문화유산 연구지식정보 서비스 고도화,servc,25
R26BK01429789_000,수원신곡초 공간재구조화 증개축 및 리모델링 전기공사 감리용역(계속비),servc,38
R26BK01429900_000,2026년 댁내장비를 활용한 응급안전안심서비스 사업,servc,28
R26BK01429908_000,2026년 충청소방학교 ICTC 현장지휘훈련프로그램 정보시스템 유지관리 용역 계약,servc,45
R26BK01429914_000,GPU기반 AI 빅데이터 분석 인프라(분석환경) 구축용역,servc,31
R26BK01429925_000,2026년 해양기본도 제작(서해안 중부),servc,22
R26BK01430050_000,2026년 온라인 지식학습 플랫폼(K-MOOC) 운영 및 유지보수,servc,36
R26BK01430078_000,한국영상자료원 AX 연구용역 사업,servc,18
R26BK01430225_000,2027년 성인지 원격교육 콘텐츠 개발,servc,21
R26BK01430372_000,송산좌1배수통문 등 17개소 정밀안전진단용역(P.Q),servc,29
R26BK01430422_000,AI 기반 어선 기관실 상태 진단 학습 시스템 개발,servc,28
R26BK01430442_000,2026년 국가R&D 기획‧관리 지원서비스 운영 및 유지관리,servc,33
R26BK01430491_000,2026년 중소기업 정보화수준 조사·분석 연구,servc,25
R26BK01430508_000,진천군 광혜원 하수관로정비사업 건설폐기물(폐아스콘) 처리용역,servc,33
R26BK01430511_000,2026년 중소기업기술마켓 운영지원 및  클라우드 정책수립 지원,servc,35
R26BK01430584_000,(재)강원테크노파크 반도체 소모품 실증센터 전기 공사 감리 용역,servc,35
R26BK01430609_000,전남일원 김 생산해역 시료 확보 및 전처리,servc,23
R26BK01430615_000,2026년 부산가든쇼 BMC 기업동행정원 전시 ·연출 및 설치 용역,servc,37
R26BK01430697_000,김 섭취와 건강 관련성 연구,servc,15
R26BK01430733_000,2026년 입체주소정보 활용 센서맵  DB구축 용역,servc,28
R26BK01430923_000,국내체류동포 청소년‧대학생 역사문화캠프 위탁 운영 용역,servc,30
R26BK01430926_000,2026년 오픈소스 AI·SW 활용 체계 구축 및 지원,servc,30
R26BK01430963_000,2026년 온누리상품권 가맹 및 골목형상점가 확대 전담기관 운영 용역(1권역),servc,43
R26BK01430974_000,2026년 중요기록물 목록작성 및 디지털화 용역,servc,26
R26BK01431086_000,2026년 이차전지 폐수 처리수 방류수역 모니터링,servc,27
R26BK01431091_000,2026년 청년의 날 및 청년주간 기념행사,servc,23
R26BK01431092_000,2026년 한국군 군사시설 토양지하수 환경오염조사 및 평가,servc,32
R26BK01431129_000,2026년 의료 통역능력 검정시험 운영 및 출제 지원,servc,29
R26BK01431231_000,2026년 중요기록물 전산화(DB구축)사업 용역,servc,26
R26BK01431272_000,2026년 교육정보시스템 주요정보통신기반시설 통합 취약점 분석평가 통합추진단 역량강화 연수,servc,50
R26BK01431273_000,2026년 자원순환마루 기능개선,servc,17
R26BK01431274_000,산림인접건축 산림재난 위험 사전검토 연구,servc,22
R26BK01431280_000,26-D-00부대 설계용역(B533),servc,20
R26BK01431344_000,2026년 산림부문 배출권거래제 외부사업 운영 지원,servc,28
R26BK01431376_000,2026년 의료기술RnD분야 효과성 분석 및 성과관리 활용계획 수립 대응 조사·분석,servc,46
R26BK01431392_000,익산시관내 국도대체우회도로(서수-평장1) 건설공사 폐아스콘 위탁처리용역,servc,39
R26BK01431444_000,새로운 음성합성 기술과 화자 인식에 강인한 페이크 보이스 탐지 기술 개발 연구,servc,43
R26BK01431486_000,신규 데이터센터 구축 및 이중화를 위한 ISP/ISMP 수립,servc,33
R26BK01431496_000,영상자료정보관리시스템 고도화(3차)(서비스포털 개발) 사업,servc,32
R26BK01431505_000,26-A-00부대 설계용역(A011),servc,20
R26BK01431657_000,2026년 국가기록원 기획전시 전시연출 용역,servc,24
R26BK01431808_000,26년 모바일 홈택스 고도화 구축 감리사업,servc,23
R26BK01431862_000,영주전력지사 안전업무용 임차차량 1대,servc,20
R26BK01431996_000,2026년 벌크로리 순회점검 및 운전자 교육사업 용역,servc,29
R26BK01432009_000,2026년 KERIS 스마트러닝 위탁운영,servc,22
R26BK01432214_000,2026년 부산튜브 영상 콘텐츠 제작 및 관리,servc,25
R26BK01432219_000,2026년 거창출장소 관내 예초작업 용역,servc,22
R26BK01432259_000,구 서울역사(국가지정문화유산) 구조안전진단용역(정밀안전진단),servc,33
R26BK01432276_000,2026년 공공 재해복구시스템(DR) 구축  ISP 사업 (2차),servc,36
R26BK01432298_000,2026년도 한강 상수원 수질개선을 위한 수중정화활동 및 모니터링,servc,36
R26BK01432370_000,평택·당진항 조경구역 관리사업,servc,16
R26BK01432394_000,사이버대피소 웹공격 방어 시스템 운영환경 제공,servc,25
R26BK01432414_000,차세대 법률정보 통합시스템 구축 1단계 사업,servc,24
R26BK01432571_000,2026 아트코리아랩 AI-예술 중장기 전략 및 로드맵 수립 연구용역,servc,38
R26BK01432575_000,환경영향평가 데이터 EIASS DB 구축,servc,22
R26BK01432728_000,"2026년 제천시 지하시설물(상·하수도)전산화 수정·갱신사업 용역(전체분, 1차분)",servc,46
R26BK01432734_000,2026년 국가 정신건강 인식개선 사업,servc,21
R26BK01432754_000,입찰담합징후분석시스템 고도화 사업,servc,18
R26BK01432761_000,2026학년도 1학기 실습선 원양항해 총괄 해운대리점 용역,servc,32
R26BK01432774_000,2026년 중동 의료인 연수 프로그램 운영 지원 및 홍보 위탁,servc,34
R26BK01432795_000,2026 하이러닝 수업콘텐츠 제작,servc,18
R26BK01432839_000,2026년 AI디지털배움터 확대 운영 사업,servc,23
R26BK01432987_000,26-N-함정 탑재장비 윤활유 검사 기준 정립에 관한 연구,servc,32
R26BK01433130_000,매곡교 외 1개소(앵산교) 통합건설사업관리 용역,servc,26
R26BK01433154_000,한의약혁신기술개발사업단 한의표준임상진료지침 출판업체 선정대행 용역,servc,36
R26BK01433186_000,"2026 아메리카, 유럽, 아프리카 지역 세종문화아카데미 운영 용역",servc,37
R26BK01433187_000,제4기(`25~`29) 폐금속광산지역 주민건강영향조사(Ⅱ),servc,32
R26BK01433191_000,"위원회 전용차량(부방부위원장, 행심부위원장) 임차 용역",servc,30
R26BK01433213_000,우주항공청 청사 미화 용역,servc,14
R26BK01433304_000,2026년 산사태정보시스템 고도화(디지털 사면통합 산사태정보시스템 구축(3차)),servc,44
R26BK01433307_000,2026년 농업부문 배출권거래제 외부사업 등록지원,servc,27
R26BK01433377_000,2026년도 강원대학교 실험실 지정폐기물 위탁처리 용역,servc,30
R26BK01433443_000,원자력통제분야 AI 전환을 위한 정보화전략계획 수립,servc,28
R26BK01433706_000,2026년 농업.농촌 자발적 온실가스 감축사업 감축량 인증 지원,servc,35
R26BK01433802_000,차세대 디지털 VTS 서비스 품질관리(QMO) 및 AI 기반 충돌 분석 모델 연구 용역,servc,48
R26BK01433835_000,생물성 연소에 의한 극미세먼지 및 가스상 전구물질 배출 특성 연구(III),servc,41
R26BK01433842_000,기록물 평가·분류체계 개편 및 기관 통폐합 관련 분류체계 정비 방안 연구 용역,servc,43
R26BK01433845_000,2026년 오염우려지역 토양지하수 환경조사 및 평가,servc,28
R26BK01433871_000,2026년 공공 재해복구시스템(DR) 구축 ISP 사업 (5차),servc,35
R26BK01433910_000,진위천·삽교호수계 수질오염총량관리 중간평가,servc,23
R26BK01433930_000,절삭공구/가공 빅데이터를 활용한 첨단제조 플랫폼 SW구축 감리 용역,servc,37
R26BK01433961_000,2026년 공공 재해복구시스템(DR) 구축 ISP사업(1차),servc,33
R26BK01433985_000,2026년 차세대 보안리더 역량강화 프로그램 운영,servc,27
R26BK01433995_000,민간주도 표준화 기반조성을 위한 26년 첨단산업 표준 리더십 포럼 운영,servc,39
R26BK01433997_000,2026 서울안보대화(SDD) 행사용역,servc,21
R26BK01434012_000,2026년 소장 과학기술자료 조사 및 정리 용역,servc,26
R26BK01434027_000,26-A-00부대 설계용역(A044),servc,20
R26BK01434054_000,2026년 국가물산업클러스터 물기업 지원사업 회계정산 및 검증 용역,servc,37
R26BK01434085_000,2026년 소방정보통신시스템 노후장비 교체,servc,23
R26BK01434091_000,2026~2027년 영천시 지능형교통체계 운영 및 유지관리 용역,servc,35
R26BK01434100_000,2026∼2028년 국가연구안전관리사업본부 서버(H/W·S/W) 유지관리,servc,40
R26BK01434121_000,공영홈쇼핑 2026-2029년 방송의상 위탁운영 사업자 선정,servc,33
R26BK01434175_000,2025회계연도 전기통신사업자 등 회계검증 용역(B그룹),servc,31
R26BK01434260_000,이동형 라디오존데 자동 비양 기술 개발,servc,21
R26BK01434355_000,2026년 공공 재해복구시스템(DR) 구축 ISP 사업(4차),servc,34
R26BK01434363_000,2026 에듀테크 코리아 페어 정부행사 대행 용역,servc,27
R26BK01434455_000,국가주도 한-과테말라 REDD+ 예비 타당성 조사,servc,27
R26BK01434489_000,미술은행·정부미술은행 서울관 수장품 상태점검 용역,servc,27
R26BK01434564_000,한국원자력의학원 통신서비스 제공 용역,servc,20
R26BK01434740_000,2026년 농식품부문 감축수단 발굴컨설팅 및 경쟁력 강화 기반구축,servc,36
R26BK01434741_000,2026년 경기도교육청남부연수원 원격연수 콘텐츠 개발 용역,servc,32
R26BK01434800_000,국립경국대학교 정보시스템 통합유지관리 용역,servc,23
R26BK01434880_000,공급망 보안 모델 구축 기술지원,servc,17
R26BK01434925_000,감시정 인천101호 개방검사 대비 주기관(W6) 등 수리용역 중앙조달계약,servc,40
R26BK01435202_000,"2026년 시도교육청 공공데이터 제공·운영·활용 체계 및 품질관리, 데이터기반행정 컨설팅",servc,49
R26BK01435203_000,2026 ACC 사운드 랩 운영지원 및 결과발표회 개최 용역,servc,33
R26BK01435209_000,2026년 전남콘텐츠코리아랩 콘텐츠 저변확대 행사 운영 용역,servc,33
R26BK01435226_000,[2026년 동북아 역사교류 활성화 지원 사업] 한중 해외교류활동 및 자문단 운영 위탁 용역,servc,51
R26BK01435256_000,유구도서관 이전 증축공사 건설사업관리용역,servc,22
R26BK01435288_000,저작권 이용정보 수집체계 운영 및 기능 개선,servc,24
R26BK01435306_000,26년 분석용 워크스테이션 유지관리 사업,servc,22
R26BK01435313_000,인공지능 기반 음성-자막-수어 변환 시스템 고도화 용역,servc,30
R26BK01435363_000,실증테스트베드 운영 및 관리 용역,servc,18
R26BK01435462_000,2026년 미술시장 정보시스템 및 작가 디지털 아카이브 통합 유지보수,servc,38
R26BK01435521_000,2026년 국립법무병원 전자경비시스템 유지보수 용역(긴급),servc,32
R26BK01435616_000,2026년 KEA 인재육성교육 운영,servc,19
R26BK01435698_000,「2026년 제3회 경상남도 평생학습 박람회 & 문해의 달」행사 대행 용역 계약(조달) 의뢰,servc,51
R26BK01435741_000,2026년 만인의총역사문화관 교육프로그램 개발ㆍ운영 용역,servc,31
R26BK01435747_000,2026년 시도교육청 공공데이터 제공·운영·활용 체계 및 품질관리 컨설팅,servc,40
R26BK01435790_000,[기술은행] 기업 수요 한의약 유망기술 사업화 용역,servc,28
R26BK01435794_000,공용차량(의전경호) 신규 임차(리스),servc,20
R26BK01435866_000,2026년 청소년수련시설 종합 안전·위생점검(소방분야),servc,30
R26BK01435904_000,2026년 국민비서 서비스 확대 및 개선,servc,22
R26BK01435981_000,군수 분야 비정형 수기문서에 대한 OCR 기반 지능형 데이터 처리구조화 시스템 개발,servc,46
R26BK01436036_000,디지털서비스_주호시스템즈_중개서비스 for NHN클라우드 (IaaS),servc,38
R26BK01436047_000,2026 기후산업국제박람회(WCE) 총괄 대행,servc,25
R26BK01436078_000,유전자원 장기보존 시설 현대화 및 저장고 증설 설계 용역,servc,31
R26BK01436172_000,2026년 출판콘텐츠 온라인 불법복제 모니터링 용역,servc,28
R26BK01436257_000,벼 작황 예측모델 앙상블 기술 개발을 통한 예측기술 고도화,servc,32
R26BK01436267_000,부강역~북대전IC 도로건설공사 지하안전평가용역,servc,25
R26BK01436402_000,2026년 스마트도시 데이터허브 유지관리 용역,servc,25
R26BK01436425_000,2026년 지역관광개발(공모)컨설팅·성과진단 연구용역,servc,29
R26BK01436498_000,환경위성(GEMS) 검증 기반 활용정보 생산 확대 및 고도화(I),servc,36
R26BK01436505_000,2026년 공공데이터 중장기 개방이행 지원 컨설팅,servc,27
R26BK01436619_000,(가칭)성남동원초 신축 전기공사 설계용역,servc,22
R26BK01436644_000,디지털트윈 기반 해사 서비스를 위한DevOps 체계 개발 및 MLOps 확장 설계 용역,servc,48
R26BK01436864_000,등록물질(기존·신규) 유해성정보 관리개선(2026),servc,28
R26BK01436905_000,경상남도교육청 우포생태교육원 철거공사 건설폐기물 처리용역,servc,31
R26BK01437237_000,2026년 청소년수련시설 종합 안전·위생점검(건축·토목·기계 및 모험시설분야),servc,43
R26BK01437270_000,2026년 협동조합 도약 지원사업 운영 용역,servc,24
R26BK01437282_000,(긴급) 2026학년도 제주대학교 아라대동제 행사 용역,servc,30
R26BK01437316_000,(가칭)오송2고등학교 외 1원[(가칭)내곡유치원] 신축 소방공사 감리용역,servc,40
R26BK01437366_000,제조데이터 가치분석 및 적용 프레임워크 개발 연구,servc,27
R26BK01437374_000,2026년 문서등 감정인 후보자 숙련도 평가 용역,servc,27
R26BK01437422_000,2026년 하반기 KTV서울 스튜디오 임차 용역,servc,26
R26BK01437454_000,한국의 생물다양성 AI 개발을 위한 학습용 데이터 확보(2026년),servc,37
R26BK01437594_000,2026 콘텐츠기업 해외 공동관(파빌리온) 운영 용역,servc,29
R26BK01437635_000,2026년 중국 한국어과 전공 대학생 방한연수 운영 위탁 용역,servc,34
R26BK01437685_000,과기정통부 AI-NEXT 고도화 ISP 수립,servc,24
R26BK01437740_000,2026년 소상공인 전통시장 지원사업 종합홍보 용역,servc,28
R26BK01437819_000,2025회계연도 전기통신사업자 등 회계검증 용역(C그룹),servc,31
R26BK01437877_000,26년 사이버수사시스템 통합유지관리,servc,19
R26BK01437878_000,원예산물 스마트 저장유통 기술실증센터 구축 설계용역,servc,28
R26BK01437944_000,26년 북미지역 방산협력 컨퍼런스 행사 용역,servc,24
R26BK01437976_000,2026년 상반기 정밀안전점검 용역,servc,19
R26BK01438096_000,국제공조시스템 고도화,servc,11
R26BK01438112_000,2026년 소비자 맞춤형 제품개선 용역,servc,21
R26BK01438126_000,2026 동아시아협력포럼 행사 기획 및 운영,servc,24
R26BK01438300_000,2026년 초·중·고등학생 대상 경제재정캠프 운영사업,servc,29
R26BK01438327_000,2026년 사회보장정보시스템 기능개선(통합 감리 및 개인정보 영향평가),servc,39
R26BK01438351_000,2026년 범정부 서비스 통합창구 구축(3차),servc,25
R26BK01438412_000,2026년도 경기도남부경찰청(외부청사 4개소) 청소용역,servc,30
R26BK01438617_000,2026년 국립대한민국임시정부기념관 디지털 체험 콘텐츠 구축 용역,servc,36
R26BK01438625_000,2026년 공공데이터 품질관리 및 실태평가 용역사업,servc,28
R26BK01438643_000,서대문서 신축 지정폐기물 처리용역,servc,18
R26BK01438664_000,2026년 AI-반도체 해외실증 지원 사업 성과 관리 용역,servc,32
R26BK01438707_000,2026년 순천시 지하시설물(하수도) 정확도 개선사업,servc,29
R26BK01438711_000,스마트 HACCP 플랫폼 고도화 7단계,servc,21
R26BK01438763_000,2026년 정보공개 종합평가 용역,servc,18
R26BK01438803_000,AI기반 데이터 분석사업,servc,13
R26BK01438815_000,서울인헌초등학교 그린스마트 미래학교 증개축공사 감독권한대행 등 건설사업관리용역(장기계속-총차 및 1차),servc,57
R26BK01438839_000,ICD-11의 국내 적용을 위한 단계적 도입 준비 연구 사업,servc,33
R26BK01438852_000,완도초 그린스마트스쿨 개축공사 감독권한대행 등 건설사업관리용역,servc,34
R26BK01438861_000,2026년 정보시스템 기능개발 통합 사업 감리 용역,servc,28
R26BK01438891_000,경기친환경농업연구센터 건물종합관리 용역,servc,21
R26BK01438913_000,Physical AI 보안 기준 및 산업 확장 보안 모델 개발,servc,34
R26BK01438947_000,2026년 산재예방정보시스템 기능개선 사업,servc,23
R26BK01438968_000,장성 입암산성 진헌지(3차) 발굴조사 용역,servc,23
R26BK01439003_000,2026년 제1·2차 정당원 해외정책연수,servc,22
R26BK01439087_000,청주교육대학교 정보시스템 통합 유지보수 용역,servc,24
R26BK01439154_000,해양산업시설 HNS 배출관리 제도화 방안 연구,servc,25
R26BK01439184_000,2026년 라이시미터 유지보수용역,servc,18
R26BK01439208_000,"2026년 대통령기록물(행정박물, 선물) 상태검사 및 복원처리 위탁사업",servc,39
R26BK01439213_000,"무궁화11호 정기수리(선체,기관) 용역",servc,21
R26BK01439324_000,HNS 확산 실해역 추적을 위한 위성관제 기반 부이 기술 고도화 및 성능 검증 연구,servc,46
R26BK01439374_000,26-N-SHAREM 해역해양 음탐환경 조사용역,servc,26
R26BK01439388_000,친환경 육상양식장 표준모델 개발 및 표준설계 심의 대응,servc,30
R26BK01439401_000,2026년 해양수산 기술이전 지원,servc,18
R26BK01439440_000,피복류 14종/식품류 10종 원가계산 용역,servc,23
R26BK01439488_000,제9회 전국동시지방선거 투표지분류기 기술지원,servc,24
R26BK01439515_000,전북대학교 정보자원(인프라) 통합운영,servc,20
R26BK01439570_000,국내 수출 주력산업 특화 Scope 3 배출량 산정 지원시업,servc,33
R26BK01439635_000,2026년 철도서비스 품질평가,servc,16
R26BK01439679_000,2026년 공공데이터 활용기업 실태조사,servc,21
R26BK01439682_000,인공지능 기반 암모니아 농도 산출 및 저감 방안 연구(I),servc,32
R26BK01439694_000,2026-28년 이종욱펠로우십 프로그램 보건인력교육전문가과정 위탁운영,servc,38
R26BK01439748_000,보건복지상담센터 AX기반 정보전략계획 수립,servc,23
R26BK01439806_000,2026년 베트남 시장개척단 운영 용역,servc,21
R26BK01439810_000,(디지털혁신과) 2026년 중앙영구기록관리시스템 및 기술정보관리시스템 개선 사업,servc,44
R26BK01439840_000,인도양 블루테크놀로지 역량강화 초청연수 위탁연수 용역,servc,29
R26BK01439874_000,KYWA 대표홈페이지 유지보수 용역,servc,19
R26BK01439940_000,염인정 시설 운영 현황 모니터링(분석용역),servc,23
R26BK01440126_000,굴착공사정보지원센터 전산시스템 운영 및 유지보수 위탁용역,servc,31
R26BK01440172_000,생성형 AI 법령검색 시스템 구축,servc,18
R26BK01440270_000,제81주년 광복절 경축식 행사 대행,servc,19
R26BK01440309_000,"2026년 영화교육지원센터(서울) 경비, 미화 용역",servc,28
R26BK01440312_000,해양생물유래 추출물의 주름 및 미백개선 효능 분석,servc,27
R26BK01440340_000,"2026년도 부산대학교 소방시설 정기점검(종합정밀, 작동기능) 용역",servc,37
R26BK01440388_000,교육연구정보원 교육용 클라우드 및 AI 서비스 통합 로그인 시스템 구축 사업,servc,42
R26BK01440441_000,2026년 인터넷․스마트폰 과의존 예방 콘텐츠 개발,servc,28
R26BK01440484_000,2026년 국외 종자 보전 네트워크 구축,servc,22
R26BK01440508_000,2026년 전남콘텐츠코리아랩 콘텐츠 아카데미 운영 용역,servc,30
R26BK01440588_000,2026년 베트남 테스트베드 지원사업 실증 관리.운영,servc,29
R26BK01440609_000,2026년 충청남도 통합급식지원시스템 기능개선 사업,servc,28
R26BK01440618_000,충북 PRIDE 공유대학 학습관리시스템(LMS) 신규 기능 추가 및 고도화 용역,servc,44
R26BK01440639_000,태안해양치유센터 자연생태체험서비스,servc,18
R26BK01440647_000,금광1 소규모 공공하수처리시설 설치사업 기본 및 실시설계 용역,servc,34
R26BK01440652_000,2026년 AI·데이터 문제해결은행 운영 및 기능 개선 용역,servc,33
R26BK01440658_000,개인정보보호 중심 설계 인증 서비스 지원 및 개선방안 연구용역,servc,34
R26BK01440745_000,2026년 연속간행물 목차정보 DB 구축 사업,servc,25
R26BK01440780_000,26년 정보보호 루키 Meet-up 데이 행사,servc,25
R26BK01440792_000,혁신도시별 교통 개선방안 검토 용역,servc,19
R26BK01440805_000,2026년 업무전산 시스템 고도화 사업,servc,21
R26BK01440850_000,2026년 HRDK 온라인 교육과정 위탁운영,servc,24
R26BK01440960_000,"[정책,099] 제2차 감염병 실태조사 연구",servc,24
R26BK01441002_000,2026년 UCI 정보시스템 기능 개선 및 활성화,servc,27
R26BK01441038_000,서울대학교박물관 수장고 유물 포장·운반·격납 위탁 용역,servc,30
R26BK01441074_000,26-N-해군 병영문화프로그램 문화바다 대행용역,servc,26
R26BK01441150_000,운중터널 등 10개소 정밀안전점검용역,servc,20
R26BK01441183_000,갑각류양식시험장 갑각류동 개축공사 설계용역,servc,23
R26BK01441194_000,2026년 국가기후위기대응위원회 넷제로프렌즈 운영,servc,27
R26BK01441204_000,2026년 유아 사교육비 조사,servc,16
R26BK01441207_000,2026년 클라우드서비스 보안점검 지원,servc,21
R26BK01441356_000,국가 AX 도입 지원 및 AX가이드라인 수립,servc,24
R26BK01441357_000,황강 상신지구 하천환경정비사업 건설폐기물(폐콘크리트) 처리용역,servc,34
R26BK01441391_000,2026년 중요 종이기록물 DB구축 사업,servc,22
R26BK01441392_000,2026년도 충북대학교 이차전지 혁신융합대학 사업단 연간 행사 기획·운영 대행 용역,servc,46
R26BK01441405_000,‘26년도 식의약 데이터 플랫폼 구축,servc,20
R26BK01441409_000,지역 배출 및 대기질 평가 체계(L-NEAS) 운영 및 기술지원 체계 개선 연구(2026년),servc,51
R26BK01441424_000,‘2026년 문화PD 영상 크리에이터 운영 및 신기술 활용 콘텐츠 제작,servc,39
R26BK01441451_000,밀양강 중도지구 하천환경정비사업 가연성폐기물 처리용역,servc,29
R26BK01441627_000,2026년 공연예술 자료관리 시스템 운영유지관리,servc,26
R26BK01441668_000,26년 아동장애인 조사기법(NICHD) 교육 사업 발주,servc,30
R26BK01441707_000,2026년 대중문화 구술 영상 편집 및 활용 콘텐츠 제작 사업,servc,34
R26BK01441734_000,2026년 대학청년고용서비스 온·오프라인 홍보 용역,servc,28
R26BK01441738_000,종묘 영녕전 정밀안전진단 용역,servc,16
R26BK01441807_000,센싱기술을 활용한 조류 모니터링 자동화,servc,21
R26BK01441829_000,2026년 강원자치도 AI디지털 배움터 교육 운영 용역,servc,30
R26BK01441895_000,녹조 우심지역 초분광 원격모니터링(26),servc,22
R26BK01441966_000,외자구매 수출입통관 대행 및 국내외운송 용역,servc,24
R26BK01442191_000,2026년 영농창업특성화사업 국외현장실습 프로그램,servc,27
R26BK01442202_000,2026년도 이러닝 콘텐츠 개발(평생직업능력개발2차),servc,29
R26BK01442223_000,생체시료 중 미세플라스틱 분석방법 마련 연구(I),servc,27
R26BK01442311_000,"2026년 해외현지 품종전시포(공동전시포, 미국·멕시코) 조성·운영 용역",servc,40
R26BK01442421_000,2026년도 이러닝 콘텐츠 개발(평생직업능력개발 3차),servc,30
R26BK01442447_000,2026년 아동권리보장원 경영정보시스템 구축,servc,24
R26BK01442504_000,"2026년 해외현지 품종전시포(공동전시포, 베트남·인도) 조성·운영 용역",servc,40
R26BK01442512_000,유전자원 이용 현황 실태조사 및 ABS 이행강화 방안 연구(2026년),servc,39
R26BK01442723_000,AI시대 디지털포용 기술·산업 활용체계 구축,servc,24
R26BK01442736_000,2026년 국가물산업클러스터 시험장비 교정용역,servc,25
R26BK01442758_000,한국소방산업기술원 용인청사 미화용역,servc,19
R26BK01442823_000,아프리카 코끼리(표본) 골격 맞춤 및 보존처리,servc,25
R26BK01442824_000,남해군 지하시설물 전산화 확산사업(남면),servc,22
R26BK01442826_000,보호지역 공간데이터 모니터링 및 OECM 등재대상 조사,servc,30
R26BK01442827_000,탄소중립 이행점검 체계 고도화 및 운영기반 구축,servc,26
R26BK01442833_000,2026년 조달청 혁신제품 전시 · 행사 대행 용역 계약 요청,servc,34
R26BK01442839_000,복합다성분 화학물질의 유해성심사 방안 도입 연구 (2026),servc,33
R26BK01442856_000,2026년 주소기반 주차정보 구축 및 주차내비게이션 실증,servc,31
R26BK01442869_000,영남권 AX지원센터·경북 AX랩 시스템 고도화 용역,servc,28
R26BK01442877_000,2026년 중요기록물 DB구축 및 전수조사 사업,servc,26
R26BK01442896_000,2026년 기후부 물재해종합상황실 유지관리,servc,23
R26BK01442898_000,국립목포대학교 클라우드 기반 전환 사업 용역,servc,24
R26BK01442906_000,대구 RISE Univer-City 플랫폼 구축 용역,servc,29
R26BK01442986_000,해외 생물자원 천연물의 항노화 효능 평가(2026년),servc,29
R26BK01442996_000,차세대 국고보조금통합관리시스템(e나라도움) 구축 BPR ISP 수립,servc,37
R26BK01443005_000,2026~2027년 임업기술실용화센터 청소미화,servc,25
R26BK01443024_000,2026 VICTORY 프로그램(벤처캐피탈리스트 ICT 전문성 강화 교육) 운영 용역,servc,47
R26BK01443025_000,2026년 소셜벤더 운영 용역(성장지원형-광주·전라·제주권역),servc,34
R26BK01443115_000,2026년 석재자원 분포도 석재자원조사,servc,21
R26BK01443120_000,특허심사 효율화를 위한 Agentic AI 적용 연구 용역,servc,32
R26BK01443305_000,2026년 스마트수산업 전문인력 양성과정 개발 및 운영(해상),servc,34
R26BK01443325_000,2026년 중소기업 기술보호 수준 실태조사 용역,servc,26
R26BK01443346_000,수사지원포털(KIAS) 고도화 사업(3차),servc,23
R26BK01443365_000,영산강 등 3개 수계 국가하천 실시간 모니터링 시스템 유지관리용역,servc,36
R26BK01443383_000,부산지방법원 동부지원 청사 별관 증축공사 건설폐기물처리 용역(불연성),servc,38
R26BK01443385_000,AX 기반 국민체감 AI 고용서비스 구축 사업,servc,25
R26BK01443417_000,서대문경찰서 신축공사 건설폐기물처리용역(해체공사),servc,27
R26BK01443469_000,온라인 임치시스템 구조 및 운영체계 개선 사업,servc,25
R26BK01443475_000,양평군 버스정보시스템(BIS) 기능개선 고도화 사업 용역,servc,31
R26BK01443496_000,2026년 경복궁 야간관람 관리위탁 용역,servc,22
R26BK01443506_000,2026년도 이러닝 콘텐츠 개발(디지털·첨단 1차),servc,28
R26BK01443511_000,2026년도 이러닝 콘텐츠 개발(디지털·첨단 2차),servc,28
R26BK01443537_000,부강역~북대전IC 도로건설공사 재해영향평가용역,servc,25
R26BK01443600_000,2026년도 경찰 수사지원AI 고도화 사업,servc,23
R26BK01443700_000,공군 헬기(HH-32) 4대 주요부품 장·탈착 작업,servc,28
R26BK01443706_000,(가칭)남동1초 신축공사 건설사업관리용역,servc,22
R26BK01443736_000,2026년 온라인수출플랫폼 사업(기반조성 분야) 수행용역,servc,31
R26BK01443790_000,옥천군 평생교육원 건립공사 외 1건 감독권한대행 등 통합건설사업관리용역,servc,39
R26BK01444029_000,2026년 우정사업용 전기경형밴(341대) 임차 보급,servc,29
R26BK01444091_000,인천국제공항 등 항공기 소음영향도 조사 용역,servc,24
R26BK01444100_000,2026 제주콘텐츠코리아랩 JEMI 아카데미 운영 용역,servc,30
R26BK01444114_000,김포국제공항 항공기 소음영향도 조사 용역,servc,22
R26BK01444150_000,장계지구 생태탐방길 조성사업 건설사업관리용역,servc,24
R26BK01444192_000,2026년 AI활용 초기상담정보시스템 운영지원 및 유지관리,servc,32
R26BK01444220_000,2025년 스마트농업 실태조사 및 성과분석,servc,23
R26BK01444226_000,2026년 특수학교·초등학교 대상 찾아가는 지진·지진해일 교육사업,servc,36
R26BK01444240_000,2026년 문화비 소득공제 홍보 마케팅 사업,servc,24
R26BK01444280_000,주요 양식어종 성장단계별 수산사료 가소화율 확립 연구,servc,29
R26BK01444292_000,제9회 국방과학기술대제전 행사 용역,servc,19
R26BK01444334_000,2026~2027년 KISTA 정보시스템 통합 운영 및 유지관리,servc,35
R26BK01444391_000,2026년 개인정보보호 및 정보보안 컨설팅 사업,servc,26
R26BK01444459_000,정보통신 회선망 고도화 사업(장기계속),servc,21
R26BK01444480_000,하천·호소 퇴적물 정밀조사 체계 구축을 위한 통합 평가 방법 연구,servc,36
R26BK01444501_000,지역균형발전지원센터 운영,servc,13
R26BK01444542_000,내수면어류 양식 생산 및 사료 사용 실태 조사,servc,25
R26BK01444550_000,제주공공하수처리시설 현대화사업 폐콘크리트 처리용역,servc,27
R26BK01444675_000,2026년 연안 수산자원조사 및 분석(동해 1권역),servc,28
R26BK01444687_000,[긴급] 2026년 디지털튜터 운영 지원  위탁 용역,servc,29
R26BK01444809_000,2026년 연안 수산자원조사 및 분석(동해 2권역),servc,28
R26BK01444812_000,2026년 중요기록물 정리 및 DB구축,servc,21
R26BK01444835_000,2026 서울외교포럼 행사 대행 용역,servc,20
R26BK01444844_000,미래차 환경인증평가 전문가 교육 운영 (Ⅴ),servc,24
R26BK01444859_000,차세대 쇄빙연구선 빙하중모니터링 장비 구축,servc,23
R26BK01444873_000,2026년 클라우드 저장소(G드라이브) SaaS 이용,servc,29
R26BK01444895_000,SW 3자단가(Peach Park Golf V2.0 (커스터마이징) (주)피치파크게임즈),servc,49
R26BK01444910_000,2026년 연안 수산자원조사 및 분석(서해 1권역),servc,28
R26BK01444963_000,2026년 연안 수산자원조사 및 분석(서해 2권역),servc,28
R26BK01444964_000,2026년 축산물품질평가원 통합홍보 용역,servc,22
R26BK01444995_000,2026년 중요기록물 정리 및 DB구축 사업,servc,24
R26BK01445025_000,2025년 기준 스포츠산업조사 용역계약 의뢰,servc,24
R26BK01445074_000,2026년 연안 수산자원조사 및 분석(남해 1권역),servc,28
R26BK01445138_000,26-N-해상근무자 정신전력 집체교육 대행용역,servc,25
R26BK01445219_000,2026년 연안 수산자원조사 및 분석(남해 2권역),servc,28
R26BK01445221_000,토양지하수정보시스템 고도화 사업(2026),servc,23
R26BK01445245_000,2026년 산업기술보호수사 전문화 교육사업,servc,23
R26BK01445290_000,2026년 연안 수산자원조사 및 분석(제주권역),servc,26
R26BK01445346_000,[2026년 동북아 역사교류 활성화 지원 사업] 한일 해외교류활동 및 자문단 운영 위탁 용역,servc,51
R26BK01445408_000,2026년 저작권 기술 성능평가시스템 기능 개선,servc,26
R26BK01445448_000,AI 통합민원플랫폼 구축 BPR/ISP 사업,servc,24
R26BK01445462_000,(가칭)남동1초 신축 전기공사 감리용역,servc,21
R26BK01445585_000,해양경찰 「계약학과 석사과정」 용역 계약,servc,22
R26BK01445799_000,해외 생물자원 천연물의 피부 기능성 효능 평가(2026년),servc,32
R26BK01445990_000,국가유산 영상데이터 실시간 연계 및 개선 용역,servc,25
R26BK01446032_000,계열화사업자 관리 서비스 구축 및 축산정보e음 개선 사업,servc,31
R26BK01446181_000,산림유전자원보호구역 식물분포조사 및 관리효과성 평가(북부지방산림청),servc,37
R26BK01446306_000,2026년 고유식별정보 관리 실태점검,servc,20
R26BK01446309_000,2026년 한국직업정보 재직자조사 및 직업정보 콘텐츠 개발 타당성 검증 설문조사,servc,44
R26BK01446366_000,도시바람길숲 조성사업 기본계획 및 실시설계용역,servc,25
R26BK01446382_000,출입국규제 통합관리시스템 구축 사업,servc,19
R26BK01446404_000,AI 기반 불법조업 탐지 차단 플랫폼 구축,servc,23
R26BK01446438_000,화랑지하차도 등 10개소 정밀안전점검용역,servc,22
R26BK01446439_000,국유재산 정보시스템 개선 용역,servc,16
R26BK01446450_000,2026년 자료보존처리장비 운영사업,servc,19
R26BK01446538_000,국가통합바이오빅데이터구축사업 통합사업관리,servc,22
R26BK01446556_000,2026년 사회적기업 온라인 입점판매 지원 용역,servc,26
R26BK01446567_000,KUSF 클럽챔피언십 2026 대회 운영,servc,22
R26BK01446625_000,2026년 국군모범용사 격려행사 대행용역,servc,22
R26BK01446756_000,차세대 지식재산행정시스템 ISP/BPR 수립 사업,servc,27
R26BK01446770_000,국가유산 방재정보 통합시스템 고도화,servc,19
R26BK01446809_000,2026년 AI디지털튜터 양성 교육 사업,servc,22
R26BK01446810_000,2026년 한국어 학습자 쓰기 자료 수집 및 쓰기 평가 말뭉치 구축 연구,servc,40
R26BK01446838_000,대기질 정보시스템 기능 고도화(II),servc,20
R26BK01446875_000,26-F-우주기상 영향연구,servc,14
R26BK01446951_000,홍천군 지방상수도 시설물 정밀안전점검 용역,servc,23
R26BK01446979_000,가칭 순천정원초등학교 신축공사 감독권한대행 등 건설사업관리용역,servc,34
R26BK01447002_000,2026년 보성군 국토이용정보체계(KLIP) 구축 용역,servc,30
R26BK01447050_000,2026년 북한자료센터 소장자료 디지털화 사업,servc,25
R26BK01447061_000,2026년 평택시 홈페이지망 가상화시스템 고도화 사업 용역,servc,32
R26BK01447066_000,2026년 XaaS 선도 프로젝트 BM컨설팅 용역,servc,27
R26BK01447127_000,2026년 중요기록물 전자화(DB구축) 및 정수점검 용역,servc,31
R26BK01447145_000,부천 성골지구 도시개발사업 단지조성공사 감독권한 대행 등 건설사업관리용역,servc,40
R26BK01447307_000,세종 인공지능 교수학습 플랫폼 특화서비스 구축,servc,25
R26BK01447473_000,"상용SW 제3자단가계약((주)되고시스템, 안전보건관리시스템 v1.1(커스터))",servc,43
R26BK01447520_000,2026년도 지하수측정망 설치 및 시설개선,servc,23
R26BK01447527_000,제3차 인천교육융합통신망 구축 사업,servc,19
R26BK01447554_000,(26G083-B) 범국민 안보의식조사 연구용역,servc,26
R26BK01447579_000,한강권역 홍수예측모형 고도화 및 홍수예보지점 관리체계 개선 연구,servc,35
R26BK01447609_000,2026년 산양삼 통계조사,servc,14
R26BK01447623_000,국제 표준 기반 NABIC 2.0 사용자 친화적 개선,servc,29
R26BK01447650_000,2026년 범정부 데이터분석시스템 운영 및 유지관리,servc,28
R26BK01447730_000,제2회 방위산업의 날 기념행사 시행 용역,servc,22
R26BK01447953_000,26-N-상용 무인수상정 및 표적 활용 전투실험용역,servc,28
R26BK01448068_000,지진관측망 운영관리,servc,10
R26BK01448122_000,2026년 채용동향 조사,servc,13
R26BK01448204_000,토건운영부 업무용 임차차량 1대,servc,17
R26BK01448239_000,2026년 모두의 AI 실험실 온라인 플랫폼 운영 및 유지관리,servc,34
R26BK01448256_000,2026년 영월군 지방상수도 시설개선사업 실시설계 용역,servc,30
R26BK01448316_000,2차 이전 추진 관련 제도개선 방안 용역,servc,22
R26BK01448347_000,2026-30년 이종욱펠로우십 프로그램 학위과정(통합) 위탁운영,servc,35
R26BK01448414_000,2026년 카자흐스탄 테스트베드 지원사업 실증 관리.운영,servc,31
R26BK01448421_000,고병원성 AI 대응을 위한 야생조류 AI 검사 위탁(`26-`27),servc,37
R26BK01448452_000,공공조달관리사 교육과정 교육영상 개선 및 유지관리 용역,servc,30
R26BK01448465_000,26-N-항공사령부 조직문화 혁신 연구,servc,21
R26BK01448483_000,친환경 항로표지선(여명2호) 제조구매 전면책임 감리용역,servc,30
R26BK01448501_000,2026년 발달장애인 등을 위한 읽기쉬운책 제작사업,servc,28
R26BK01448510_000,26-N-육상지휘소 기반 해양무인전력 통제방안 연구,servc,28
R26BK01448527_000,26-N-음탐사 수준측정 및 능력향상 방안 연구,servc,26
R26BK01448581_000,2026 천연기념물 동물 종 정기조사,servc,20
R26BK01448609_000,2026년도 성평등 조직문화 진단 및 분석,servc,23
R26BK01448643_000,2026년 국가문헌의 보존 및 지식정보자원 공유기반 구축 사업 감리,servc,37
R26BK01448684_000,그린버튼 에너지 데이터 마켓플레이스 서비스 개선 및 데이터 활용 지원,servc,38
R26BK01448702_000,함안군 지하시설물 전산화 사업 (1차분),servc,22
R26BK01448737_000,2022 개정 교육과정 일부개정에 따른 초등 1~2학년군 바른 생활･슬기로운 생활･즐거운 생활과 국정도서 편찬,servc,61
R26BK01448803_000,국립국악원 영동 분원 기본계획 수립 연구용역,servc,24
R26BK01448865_000,2026년 사이버수사시스템 유지관리,servc,19
R26BK01449267_000,진천군 광혜원 하수관로정비사업 GIS DB 구축 용역,servc,29
R26BK01449304_000,2026년 임상도 현행화 제작,servc,16
R26BK01449310_000,[정보화/중앙/바이오빅데이터과] 2026년 보건의료연구자원정보센터(CODA) 시스템 통합 운영 및 유지관리,servc,59
R26BK01449336_000,2026년 세종 읍·면지역 우리동네 예술학교,servc,24
R26BK01449382_000,2026년 경상남도 디지털산업 진흥계획 수립 연구용역,servc,29
R26BK01449393_000,2026년 디지털 기업 글로벌 시장개척단 운영 용역,servc,28
R26BK01449421_000,2026년 온라인수출플랫폼 사업(수출성장 분야) 수행용역,servc,31
R26BK01449441_000,2026년 국가데이터처-OECD 공동 워크숍 용역 사업,servc,30
R26BK01449446_000,2026년 국제 사이버범죄대응 심포지엄(ISCR),servc,27
R26BK01449489_000,통합관리 매체별 배출영향분석 고도화 방안 마련 연구 - 수질 배출영향분석 모델 고도화 -,servc,49
R26BK01449494_000,"2026년 한국영화아카데미(부산) 경비, 미화 용역",servc,28
R26BK01449505_000,2026년 국립창원대학교 남해캠퍼스 정보통신시스템 통합유지보수,servc,34
R26BK01449607_000,건설기술용역 사업수행능력 플랫폼구축 용역,servc,22
R26BK01449679_000,2026년 상생결제 종합포털 유지보수 용역,servc,23
R26BK01449773_000,금강·영산강 하구 생태복원 방안 연구,servc,20
R26BK01449816_000,청소년상담사 통합행정업무시스템 재구축 입찰 의뢰,servc,26
R26BK01449825_000,도로와 지하시설물(상·하수도) 전산화 사업,servc,23
R26BK01449831_000,선거관리위원회 3세대 전자인사관리시스템 구축,servc,24
R26BK01449855_000,2026년 제22회 국방일보 전우마라톤 대회 운영 대행사 선정 용역,servc,37
R26BK01449946_000,패류양식시험장 패류양식기술연구동 개축공사 설계용역,servc,27
R26BK01450005_000,항공기상 관측자료 통합활용시스템 구축(II),servc,24
R26BK01450109_000,2026년도 의료기기통합정보시스템 개인정보 영향평가,servc,28
R26BK01450131_000,학생선수/선수출신 대학생 진로탐색 프로그램 2026 KUSF U-스포츠마케팅 러너 운영,servc,48
R26BK01450132_000,김천시청 통신실 환경 현대화 사업 용역,servc,21
R26BK01450166_000,공공데이터 및 데이터기반행정 활성화 컨설팅,servc,23
R26BK01450317_000,2026년 선박 및 보트 보험,servc,16
R26BK01450452_000,KoAT AI챗봇 기반 종자사업관리 플랫폼 고도화 사업,servc,30
R26BK01450541_000,2026년 조지아 차세대 해양정보 인프라 구축,servc,25
R26BK01450543_000,2026년 문화 분야 가명정보처리 컨설팅 및 활용사례 발굴 용역,servc,35
R26BK01450570_000,2026년도 업무용 노후 전산장비 교체 사업(리스),servc,28
R26BK01450607_000,26-N-레이더 상황실 AI 기술 적용방안 연구,servc,26
R26BK01450650_000,대구교육팔공산수련원 안전체험관 구축공사 건설사업관리용역,servc,30
R26BK01450700_000,2026년 소상공인 온라인판로 지원사업 통합홍보 용역,servc,29
R26BK01450718_000,2022 개정 교육과정 일부개정에 따른 초등 1~2학년군 건강한 생활과 국정도서 편찬 계약,servc,50
R26BK01450782_000,바다내비 센터 이전 및 정보통신실 기반시설 구축 용역,servc,29
R26BK01450856_000,생성형 AI 활용 선진 저작권 보호 종합대응시스템 구축 용역,servc,33
R26BK01450871_000,2026년 상반기 ICT 비즈니스 파트너십 운영 용역,servc,29
R26BK01450940_000,가칭 제2다운초등학교 신축공사 감독권한대행 등 건설사업관리용역(계속비),servc,39
R26BK01450982_000,수산사료 위험평가 및 통합관리 기술연구,servc,21
R26BK01450993_000,2026년 웹소설 번역인력 양성 교육과정 개발 및 운영 용역,servc,33
R26BK01451211_000,2026년 풍수해대책상황실 및 모니터링 시스템 유지관리용,servc,31
R26BK01451221_000,주요 양식어종의 성장단계별 수산사료 전환시기 확립 연구,servc,30
R26BK01451249_000,2026년 전자정부서비스 이용실태조사,servc,20
R26BK01451306_000,자동차 온실가스 규제 대응을 위한 중소 부품사 패키지 지원 연구(II),servc,39
R26BK01451311_000,AI 활용 정치망 어업 어획량 추정방법 개발 연구(Ⅱ),servc,30
R26BK01451366_000,통계분야에 특화된 생성형 LLM 구축방안 연구 용역,servc,28
R26BK01451420_000,2026년 제39회 정보문화의 달 행사 기획 및 운영지원,servc,31
R26BK01451472_000,신용보증재단중앙회 교육관리시스템(LMS) 유지보수 용역,servc,30
R26BK01451499_000,여자만 및 진해만 남부 어장수용력 산정인자 조사(Ⅱ) 및 수용력 산정,servc,38
R26BK01451518_000,대학원 학사정보시스템 구축,servc,14
R26BK01451689_000,살생물제 효과·효능 평가 기반마련 및 고도화 연구 - 재료·장비용 및 사체박제용 보존제,servc,48
R26BK01451697_000,26년 유무인복합체계 국방정보화표준 개발,servc,22
R26BK01451729_000,공공 웹·앱 UI/UX 추진,servc,15
R26BK01451745_000,2026년 진천군 중요기록물 디지털화 및 공개재분류 용역,servc,31
R26BK01451791_000,국가 배출 및 대기질 평가체계(NEAS) 증설(Ⅵ),servc,28
R26BK01451904_000,담양동초 그린스마트스쿨 증축 및 리모델링 공사 건설폐기물 처리용역,servc,36
R26BK01451938_000,2026년 AI반도체 사업화 적시 지원 사업 성과관리 용역,servc,32
R26BK01451949_000,국립한국문학관 소장자료 이관 용역 사업,servc,21
R26BK01451978_000,2026년 지방자치단체 재정분석 연구용역,servc,22
R26BK01452084_000,2026년 개인정보 처리실태 모니터링 사업,servc,23
R26BK01452106_000,2026년 생산단계 HACCP 사후관리 기술지원 사업(1권역),servc,34
R26BK01452181_000,종합운동장 정밀안전진단 용역,servc,15
R26BK01452408_000,2025년 영농폐기물조사 용역,servc,16
R26BK01452581_000,의학원 종합정보시스템 고도화 ISP,servc,19
R26BK01452624_000,2026년 한·일 학술문화 및 청소년 교류 일본 교원 방한연수 위탁 용역,servc,40
R26BK01452639_000,2026년 국외 이북도민 고국방문단 초청행사 대행용역,servc,29
R26BK01452711_000,2026년 스마트제조 전략기술로드맵(2027~2029) 수립,servc,33
R26BK01452785_000,2026년 성평등 영상 및 카드뉴스 등 콘텐츠 개발,servc,28
R26BK01452798_000,2026년 공유마당 시스템 개선 및 공유저작물 DB 구축,servc,31
R26BK01452819_000,신정초 증축공사 건설사업관리 용역(감독권한대행_계속비),servc,30
R26BK01452843_000,"2026년 혁신제품 임차 시범사용(2022-131호, 융복합뇌파계)",servc,37
R26BK01452865_000,지역신문 디지털취재장비(기사편집프로그램)임대지원 사업 용역업체 선정,servc,37
R26BK01452889_000,AI 복지서비스 추천 모델 개발을 위한 정보화전략계획(ISP) 수립,servc,37
R26BK01452891_000,선거관리위원회 초과근무관리시스템 재구축 사업,servc,24
R26BK01452896_000,2026년 범정부 서비스 통합창구 클라우드 임차,servc,26
R26BK01452918_000,물환경정보시스템 구축(2026),servc,17
R26BK01452960_000,SW 3자단가(DO SOLUTION 2.0 (커스터마이징) (주)로이드케이),servc,42
R26BK01452969_000,SW 3자단가(에스디큐(SDQ) v3.0 (커스터마이징) (주)비투엔),servc,39
R26BK01452974_000,오픈소스SW 라이선스 종합정보시스템 및 자율검사도구 기능 고도화,servc,35
R26BK01452977_000,SW 3자단가(SMETA V1.0 (커스터마이징) (주)비투엔),servc,35
R26BK01452984_000,SW 3자단가(AMS v1.8 (커스터마이징) (주)코드원),servc,33
R26BK01453110_000,정보통신회선 이원화 선정(메인 회선),servc,20
R26BK01453179_000,해양환경 위기대응 통합지원 시스템 구축 2차,servc,24
R26BK01453203_000,2026년 고위험 범죄피해자 민간경호 지원사업 용역,servc,28
R26BK01453246_000,(26G079-I)사이버최고전문가교육과정,servc,22
R26BK01453330_000,(26G053-A) 26년 군 장병 정신건강 실태조사 용역,servc,32
R26BK01453341_000,2026 아시아(중동 포함) 및 오세아니아 지역 세종문화아카데미 운영 용역,servc,41
R26BK01453351_000,2026년도 도서관업무통합관리시스템 개발사업,servc,24
R26BK01453678_000,2026년 국립야생동물질병관리원 생물안전연구동 관리 운영 용역,servc,34
R26BK01453688_000,구리시 노후하수관로 정비사업 건설사업관리 용역,servc,25
R26BK01453743_000,"상용SW 제3자단가계약(한결정보기술(주), 무디 v1.0(커스터마이징))",servc,40
R26BK01453799_000,2027 스포츠윤리교육 프로그램 개발,servc,20
R26BK01453812_000,중소기업 통합플랫폼 구축 사업(2단계) 감리,servc,24
R26BK01453815_000,2026년 주거실태조사(실사 및 마이크로데이터 생산분야),servc,31
R26BK01453841_000,2026학년도 능력개발교육원 훈련 교강사 이러닝 콘텐츠 개발,servc,33
R26BK01453953_000,2026년 이산가족 생애기록물 수집·디지털화 사업,servc,27
R26BK01453963_000,2026년 임도 타당성평가 위탁사업,servc,19
R26BK01454030_000,가평군 북면 하수관로 정비사업(2단계) 건설폐기물(폐아스콘 및 폐콘크리트) 처리용역,servc,46
R26BK01454082_000,어플리케이션 분산처리체계 구축을 통한 K-에듀파인 현대화 PMO 용역,servc,38
R26BK01454219_000,2026년 한국코드페어 및 대학생프로그래밍 경시대회 운영,servc,31
R26BK01454227_000,2026년 환자안전활동 국민 참여 활성화 온·오프라인 통합 홍보,servc,35
R26BK01454280_000,2026년 재생에너지 기상정보 플랫폼 개선(인프라 도입),servc,31
R26BK01454299_000,2026년도 가상훈련 콘텐츠 API 모듈 업데이트 개발,servc,30
R26BK01454444_000,캠퍼스 노후 네트워크 및 보안장비 교체 사업,servc,24
R26BK01454445_000,복지행정 안내도우미 AI 시범사업,servc,18
R26BK01454532_000,「2026 세계도서관정보대회 계기 국립중앙도서관 국제 행사 개최 및 홍보 사업」 계약 의뢰,servc,50
R26BK01454540_000,해양산업시설 배출 HNS 희석율 및 체류시간 산정 실해역 해상실험 선박임차 및 지원 용역,servc,49
R26BK01454597_000,충일중 비탈면 보수 및 기타공사 감독권한대행 등 건설사업관리 용역,servc,36
R26BK01454761_000,중요기록물 DB구축 및 공개재분류 용역,servc,21
R26BK01454799_000,제6회 난민전문통역인 인증제 위탁사업,servc,20
R26BK01454879_000,(가칭)경상북도교육청 환경교육센터 건립공사 감리용역(계속비),servc,33
R26BK01454987_000,2026년 농식품부문 온실가스 목표관리제 제도 운영지원,servc,30
R26BK01454995_000,26-N-중대재해 예방 부대 안전진단 용역,servc,23
R26BK01455036_000,26-N-해군사관학교 박물관 기획전시 개최 용역,servc,26
R26BK01455046_000,초등 AI교육 담당교원 역량 강화 연수 운영,servc,24
R26BK01455190_000,정부예산 점검·분석 연구용역,servc,15
R26BK01455349_000,성남시 토지적성평가 용역,servc,13
R26BK01455789_000,광명 舊근로청소년복지관부지 도시개발사업 건설사업관리용역(전기분야 제외),servc,39
R26BK01455803_000,2026년 MMEX 개최 용역,servc,16
R26BK01455809_000,Ⅳ그룹 살생물제 제품유형별 인체 노출평가 방법론 마련,servc,29
R26BK01455818_000,2026년 세종학당 교육자료 전시 및 홍보,servc,23
R26BK01455860_000,충주시 토지적성평가 및 재해취약성분석 용역,servc,23
R26BK01455880_000,AI 기반 리스크관리 연구 용역,servc,17
R26BK01455899_000,2026년 산재마루 기능개선 사업,servc,18
R26BK01456051_000,스마트 빅데이터플랫폼 고도화(3차) 사업,servc,22
R26BK01456081_000,공영홈쇼핑 2026-2029년 방송미술 위탁운영 사업자 선정,servc,33
R26BK01456126_000,국회 정보시스템 기능연속성 강화를 위한 정보화전략계획(ISP) 수립 사업,servc,40
R26BK01456153_000,2026년 사회적경제 크라우드펀딩 및 금융정보 용역,servc,28
R26BK01456155_000,저작권 대표 누리집 및 통합회원시스템 기능 개선,servc,26
R26BK01456196_000,데이터기반 산림행정업무시스템(e-푸른샘) 구축(3차),servc,29
R26BK01456245_000,무궁화1호 정기적 수리(선체·기관) 용역,servc,22
R26BK01456441_000,"상용SW 제3자단가계약((주)제이시큐어플랫폼, MISO v2.0(커스터))",servc,41
R26BK01456459_000,경찰대학 제53기 치안정책과정 공무국외연수 위탁 용역,servc,29
R26BK01456461_000,해양경찰 특수기록관 보존장비 환경 구축 용역,servc,24
R26BK01456625_000,국도5호선 신림-판부2 도로건설공사 가연성폐기물 처리용역,servc,31
R26BK01456687_000,26년도 개인정보 오‧남용 예방 대상기관 확대,servc,25
R26BK01456781_000,2026년 화학물질 유해성시험자료 생산(3),servc,24
R26BK01456818_000,2026년 화학물질 유해성시험자료 생산(4),servc,24
R26BK01456829_000,26년 공공부문 목표관리 대상기관 탄소중립 기술지원,servc,28
R26BK01456844_000,2026년 화학물질 유해성시험자료 생산(5),servc,24
R26BK01456957_000,글로벌 ICT 표준 컨퍼런스(GISC) 2026 운영대행 용역,servc,34
R26BK01456964_000,기후시민회의 운영 전과정 평가,servc,16
R26BK01457014_000,해양생물유래 추출물의 비만억제 효능분석,servc,21
R26BK01457029_000,특수교육 AI · 디지털 교육자료 콘텐츠 개발,servc,25
R26BK01457102_000,해외 진출을 위한 전기이륜차 배터리 공유스테이션 관련 단체표준 및 매뉴얼 개발,servc,43
R26BK01457110_000,제5회 APIS 포럼 기획 및 위탁운영,servc,21
R26BK01457123_000,가평통합정수장 증설(2단계) 실시설계 및 수도정비기본계획 부분변경 용역,servc,39
R26BK01457191_000,2026년 국내 다큐멘터리 해외진출 지원사업(K-DOCS) 운영 용역,servc,38
R26BK01457206_000,국민과 함께하는 백제문화유산주간 행사 운영,servc,23
R26BK01457272_000,2026년 전통시장 화재알림시설 작동점검 위탁용역,servc,27
R26BK01457399_000,공단 조직 및 경영 진단 연구용역,servc,18
R26BK01457410_000,2026년 안전교육 전문인력 역량강화 지원사업,servc,25
R26BK01457489_000,26-N-함상토론회 행사대행 용역,servc,18
R26BK01457561_000,26-F-공군 병영문화 프로그램 대행용역(A그룹),servc,27
R26BK01457568_000,디지털의료제품 전주기 관리시스템 구축,servc,20
R26BK01457569_000,(위탁연구용역)인공지능 기반 개체굴 선별관리 시스템 개발,servc,31
R26BK01457570_000,소장품(석조물) 보존처리(충주 정토사지 홍법국사탑 및 탑비),servc,33
R26BK01457601_000,2026년 세종학당 운영평가 및 현장점검 운영,servc,25
R26BK01457636_000,26-F-공군 병영문화프로그램 용역(B그룹),servc,24
R26BK01457667_000,KICCE 소비실태조사_2026,servc,17
R26BK01457693_000,2026년 서남해 3D 물리탐사를 위한 보호감시선 및 교대보급선 임차,servc,38
R26BK01457800_000,2026년 리더십역량교육과정 설계 및 운영 용역,servc,26
R26BK01457876_000,정책자금 사전검증 시스템 Link-up 플랫폼 구축 및 운영 용역,servc,36
R26BK01457978_000,디지털서비스_엘리스그룹_엘리스클라우드 공공기관용,servc,26
R26BK01458007_000,2025년 기준 경제자유구역 입주사업체 실태조사,servc,26
R26BK01458220_000,2026 공교육 모니터링을 위한 학교교육 실태조사(KEMS 2026),servc,38
R26BK01458418_000,그랜드호텔 및 마운틴콘도 환경개선공사 가연성폐기물 처리용역,servc,32
R26BK01458487_000,살생물제품 물리적 위험성에 대한 분류표시 및 시험 가이던스 고도화,servc,36
R26BK01458525_000,사용자 편의기능 개선을 위한 살생물제 환경노출평가툴(BPEAT)의 고도화 연구,servc,43
R26BK01458535_000,충청북도교육청 교육행정기관 누리집 기능고도화 사업 용역,servc,30
R26BK01458564_000,라오스 화학물질 안전 역량 강화 사업 타당성조사,servc,26
R26BK01458565_000,2026년 안산시 악취관리지역 실태조사 용역,servc,24
R26BK01458568_000,소규모대기배출시설 사업장별 맞춤형 업무지원체계 및 행정자료 제공방안 마련,servc,40
R26BK01458574_000,목포시 국토이용정보 통합플랫폼(KLIP) DB 구축용역,servc,30
R26BK01458590_000,2027학년도 나이스 기반 고입전형 프로그램 기능개선 및 GIS 공간정보 현행화 사업(긴급),servc,51
R26BK01458596_000,모두의 한국어 서비스 계정인증 체계 개선,servc,22
R26BK01458613_000,2027년 국가중점데이터 개방 계획 수립,servc,22
R26BK01458625_000,2026년 정보보안 수준 강화 및 취약점 진단 컨설팅 용역,servc,32
R26BK01458641_000,2026 제주콘텐츠코리아랩 후속지원 패키지 지원사업 운영 용역,servc,34
R26BK01458661_000,생산단계 축산물 스마트 HACCP 시스템 3단계 구축,servc,29
R26BK01458662_000,미구축 차집관로 GIS DB구축 용역,servc,20
R26BK01458753_000,2026년 화학안전 사업장 조성 지원사업 사후관리,servc,27
R26BK01458755_000,국도3호선 양주 봉암교A2~봉암교A2+0.644 등 10개소 포장도 보수공사 건설폐기물처리용역,servc,52
R26BK01458770_000,백제역사유적지구 학술대회,servc,13
R26BK01458786_000,국도45호선 남양주 금남IC3교A2~금남IC R-A교A1 등 4개소 포장도 보수공사 건설폐기물처리용역,servc,56
R26BK01458798_000,국도47호선 포천 도평2교A2~도평1교A1 등 6개소 포장도 보수공사 건설폐기물처리용역,servc,48
R26BK01458835_000,26년 한-유럽 방산협력 컨퍼런스 및 공동위원회 행사진행 용역,servc,34
R26BK01458863_000,2026년 삭제지원시스템 기능개선 및 SW 개발,servc,26
R26BK01458933_000,2026년 기계설비산업 발전지원 통합연구,servc,22
R26BK01458944_000,2026년도 신용보증재단중앙회 연간 신규직원 채용 대행 용역,servc,33
R26BK01458975_000,26-N-00부대 정수지 신축 등 6건 설계용역(C006),servc,32
R26BK01459006_000,2026-30년 이종욱펠로우십 프로그램 학위과정(의공학) 위탁운영,servc,36
R26BK01459022_000,2026년도 해로드 앱 기능개선 용역,servc,20
R26BK01459030_000,SW 3자단가(CLIP report V5.0 (커스터마이징) (주)한컴이노스트림),servc,45
R26BK01459036_000,SW 3자단가(CLIP e-Form V5.0 (커스터마이징) (주)한컴이노스트림),servc,45
R26BK01459104_000,백제역사유적지구 미디어 콘텐츠 제작·홍보용역,servc,24
R26BK01459127_000,정보통신산업진흥원 통신서비스 사업자 선정,servc,22
R26BK01459197_000,블루카본 실증연구센터 건립사업 전기설계용역,servc,23
R26BK01459204_000,김해-밀양 고속도로 타당성 조사(평가),servc,21
R26BK01459213_000,태양광 패널 순환체계 활성화 방안마련,servc,20
R26BK01459248_000,2026년도 이러닝 콘텐츠 개발(복합분야),servc,23
R26BK01459306_000,해산어류 양식 생산 및 수산사료 사용 실태 조사,servc,26
R26BK01459362_000,2026년 지역별 통상진흥기관협의회 및 지역기업 통상대응역량 강화교육 운영 용역,servc,44
R26BK01459405_000,"상용SW 제3자단가계약((주)티노, STB Cloud Stream Manager V3.0(유지관리))",servc,56
R26BK01459416_000,비시험방법을 적용한 내분비계교란물질 선별자료 생산,servc,27
R26BK01459438_000,’26년도 방산 사이버 보안 관제체계 위탁운영,servc,25
R26BK01459440_000,"상용SW 제3자단가계약(주)티노, Intelli-Attendance-Manager V3.0(유지관리))",servc,57
R26BK01459484_000,2026년 긴급구조시스템 노후장비 교체 용역,servc,24
R26BK01459503_000,2026년도 이러닝 콘텐츠 개발(기관 협업),servc,24
R26BK01459577_000,2026년 NRICH-ICCROM 국제학술대회 행사 대행 용역,servc,34
R26BK01459656_000,제주 관탈도·신도리·추자도·문섬 등 주변해역 해양보호구역 관리계획 수립 연구용역,servc,44
R26BK01459673_000,대구 AI 혁신센터 인테리어 리모델링 설계용역,servc,25
R26BK01459877_000,육상수조 테스트베드 구축 및 실증연구,servc,20
R26BK01459892_000,2026년 세종학당 문화인턴 파견 사업 운영,servc,24
R26BK01459950_000,정책 소통 디지털 포럼(Korea on Point),servc,28
R26BK01459973_000,부산금정경찰서 청사 신축사업 전기감리용역,servc,22
R26BK01460003_000,"상용SW 제3자단가계약((주)티노, 위컨퍼런스 v3.0(유지관리))",servc,37
R26BK01460014_000,2026년 교육정보서비스 고도화 사업,servc,20
R26BK01460017_000,수질자동측정망 마스터플랜 수립 및 MRO 체계 구축,servc,28
R26BK01460103_000,SW 3자단가(통신망 디지털도면 관리시스템 V1.0 (유지관리) 에스에스브이),servc,43
R26BK01460149_000,2026년 원자력안전위원회 청사 보안경비용역 조달 계약,servc,30
R26BK01460187_000,"상용SW 제3자단가계약((주)티노, XCaster Cms V7.0(유지관리))",servc,43
R26BK01460216_000,2026년 데이터 분석사업,servc,14
R26BK01460247_000,2026년 인공지능 부트캠프 위탁운영 용역,servc,23
R26BK01460337_000,"상용SW 제3자단가계약((주)티노, AI-NURI-VMS v3.0(유지관리))",servc,43
R26BK01460369_000,2026년 청소년비즈쿨 행사 위탁운영 용역,servc,23
R26BK01460427_000,"상용SW 제3자단가계약((주)엔에스, G-Streamer v3.0(유지관리))",servc,43
R26BK01460458_000,하천관리 연계형 수생서식지 적합성 기반 수생태계 조사 개선 및 활용 체계 구축 연구(I),servc,49
R26BK01460467_000,제물포 스마트 Station-J 플랫폼 고도화,servc,25
R26BK01460496_000,국회회의록 한글 DB화 용역,servc,15
R26BK01460504_000,"상용SW 제3자단가계약((주)티노, XCaster Live Cut pro V7.0(유지관리))",servc,52
R26BK01460508_000,첨단혁신장비 기획연구 및 조사분석 용역,servc,21
R26BK01460513_000,2026~2027년도 통합정보자원시스템 유지관리 용역,servc,29
R26BK01460557_000,국민건강보험공단 통영고성지사 사옥 신축공사 건설사업관리용역(감독권한대행),servc,40
R26BK01460604_000,GIS 위치정보시스템 통합 구축,servc,17
R26BK01460609_000,"상용SW 제3자단가계약((주)티노, Intelli-Timer V3.0(유지관리))",servc,45
R26BK01460643_000,국가해양생물적색목록 평가·자료집 발간,servc,20
R26BK01460644_000,기부 대 양여를 위한 기부재산 감정평가 용역,servc,24
R26BK01460683_000,"상용SW 제3자단가계약((주)티노, MGH-Nswitcher v5.0(유지관리))",servc,45
R26BK01460823_000,2026년 스토어 36.5 판매장 활성화 지원 용역,servc,28
R26BK01460850_000,공영홈쇼핑 2026-2029년 방송뷰티 위탁운영 사업자 선정,servc,33
R26BK01460930_000,양자내성암호 전문교육 과정 개발 및 운영,servc,22
R26BK01460974_000,농기계임대사업 운영 평가(2026),servc,19
R26BK01461111_000,2026년 국가 기후변화 표준 시나리오 산출체계 구축,servc,29
R26BK01461241_000,아산서 사무동 증축 및 천안아산 수사분소 신축공사 건설사업관리용역 계약,servc,39
R26BK01461302_000,2026년 이주민 문화다양성 실태조사 및 연구,servc,25
R26BK01461435_000,"상용SW 제3자단가계약((주)토마토시스템, eXSignOn V4.0(커스터마이징))",servc,46
R26BK01461555_000,강원지방조달청 업무용지원 차량 임차,servc,19
R26BK01461578_000,재외공관 인터넷망 노후 정보보호시스템 교체(1차) 사업,servc,30
R26BK01461617_000,담양군 국토정보통합플랫폼(KLIP) 통합 DB구축사업,servc,29
R26BK01461704_000,2026~2028년 데이터자격검정 출판서적 인쇄 및 유통 용역,servc,34
R26BK01461798_000,도심형 관광자원개발사업 건설사업관리용역(총괄 및 1차분),servc,31
R26BK01461972_000,2026년 경상남도교육지원청 농어촌학교 문화예술교육 지원 사업 전문기관 위탁 용역,servc,45
R26BK01462095_000,디지털서비스_SK _SK 지원서비스,servc,19
R26BK01462106_000,2026년 데이터산업 현황조사,servc,16
R26BK01462207_000,음성군 노후하수관로정비사업 건설사업관리용역,servc,23
R26BK01462243_000,2026년 사회적기업 및 창업지원사업 홍보 용역,servc,26
R26BK01462274_000,EBS 자기주도학습센터 운영 사업,servc,18
R26BK01462344_000,"2026년 전국 연안 갯녹음 실태조사(동해, 남해) 및 천연바다숲 탐색",servc,39
R26BK01462417_000,2026년 국민행복 IT 경진대회 문제출제 및 대회운영 사업,servc,33
R26BK01462443_000,상천초 외 1교(춘천초) 증개축공사 감독권한대행 등 건설사업관리용역,servc,37
R26BK01462445_000,2026 국립아시아문화전당 온라인 홍보 용역,servc,24
R26BK01462453_000,2026년 바다숲 효과조사 시료분석,servc,19
R26BK01462533_000,축산물 수급지원 플랫폼 구축(4단계),servc,20
R26BK01462549_000,2026년 하반기 KFN 외주제작(요즘 군대) 사업자 선정,servc,32
R26BK01462612_000,2026년 들락날락 창의배움터 프로그램 운영 용역,servc,27
R26BK01462728_000,2026년 국민 공공외교 온라인 플랫폼 구축 사업,servc,27
R26BK01462913_000,(가칭)미래융합체험교육원 외 1기관[(가칭)꿈꾸는체험교육원] 건립 소방공사 감리용역,servc,46
R26BK01463018_000,가칭 약수고등학교 설립공사 감독권한대행 등 건설사업관리용역(계속비),servc,37
R26BK01463099_000,2026~2027년 임업기술실용화센터 종합시설관리,servc,27
R26BK01463286_000,26-N-3차원 해저지형 DB 최신화,servc,20
R26BK01463406_000,2026년 A I디지털 역량교육 운영지원,servc,22
R26BK01463431_000,2026년 매치업 정보시스템 운영 및 개선,servc,23
R26BK01463467_000,국토이용정보체계(KLIP) 운영사업 수행 용역,servc,25
R26BK01463497_000,수원시 홈페이지 생성형 AI 챗봇 서비스 구축 용역,servc,28
R26BK01463504_000,스토킹 전자장치 통합 연계 시스템 구축 사업,servc,24
R26BK01463664_000,김천1일반산업단지 완충저류시설 설치 사업 기본 및 실시설계용역(총괄 및 1차분),servc,44
R26BK01463797_000,도시공사 통합 회원예약결제시스템 계약,servc,20
R26BK01463871_000,2026년 생성형 AI기반 연구지원 정보서비스 구축 사업,servc,31
R26BK01463895_000,2026년 소셜벤더 운영 용역(성장지원형-세종·충청·대전권역),servc,34
R26BK01463943_000,"상용SW 제3자단가계약((주)토마토시스템, eXSurvey V2.0(커스터마이징))",servc,46
R26BK01464039_000,「2026 역학조사관 교육·훈련 관리」 용역,servc,24
R26BK01464048_000,2026년 사회서비스 공급 실태조사,servc,19
R26BK01464059_000,국가소유 달성 공공폐수처리시설 초고도 수질개선시설 설치타당성 검토 및 마스터플랜 수립 연구용역,servc,52
R26BK01464111_000,2026년 국내외 한국어 교육기관 실태조사,servc,23
R26BK01464164_000,「AI 활용기반 문화유산 조사·연구데이터 구축」사업,servc,28
R26BK01464294_000,재난안전 AI데이터 구축,servc,13
R26BK01464304_000,2026년 수요맞춤형 구매지원 사업 수행 용역,servc,25
R26BK01464431_000,2026년 소셜벤더 운영 용역(성장지원형-부산·울산·경남권역),servc,34
R26BK01464489_000,식품의약품안전처 연구개발사업 종합적 성과분석,servc,24
R26BK01464558_000,2026년 저작권 기술콘퍼런스(ICOTEC) 행사 대행,servc,30
R26BK01464570_000,KISTI 현안해결지원 플랫폼 고도화 및 국가 규모 확장 환경 구축,servc,37
R26BK01464690_000,2026년 저작권 교육 운영 지원 위탁용역,servc,23
R26BK01464704_000,부산콘텐츠아카데미 인재양성 프로그램 운영,servc,22
R26BK01464745_000,에티오피아 2개주 만성질환 관리역량 강화사업 형성조사,servc,29
R26BK01464836_000,기본소득 도입방안 연구,servc,12
R26BK01464847_000,부유식 해상풍력 예상단지 어업현황 조사 용역,servc,24
R26BK01465087_000,"한전 대구경북건설지사 건설지원팀 임차차량 전기차 EV6 1대, 36개월 계약",servc,42
R26BK01465090_000,2026 HACKSIUM 부산 운영,servc,19
R26BK01465343_000,2026년도 이러닝 콘텐츠 개발(평생직업능력개발 1차),servc,30
R26BK01465439_000,중소농 스마트팜 모델 도출 및 사업관리,servc,21
R26BK01465444_000,분당구보건소 신축사업 설계시공 일괄입찰 공사 전기분야 책임감리용역,servc,36
R26BK01465446_000,2026 전라남도 AI디지털배움터 교육운영 용역,servc,26
R26BK01465500_000,중대형차 비배기 미세입자의 표준시험방법 마련 연구(Ⅰ),servc,30
R26BK01465601_000,2026년 가습기살균제 건강모니터링 관리시스템 유지관리,servc,30
R26BK01465639_000,SW 3자단가(iRMS v1.0 (커스터마이징) 캠벨 주식회사),servc,35
R26BK01465678_000,2026년 대한민국 미술축제 운영 및 계기 행사 통합 홍보 대행 용역,servc,38
R26BK01465687_000,공공미술포털 운영 개선 및 재구축 용역(1차),servc,25
R26BK01465729_000,소상공인시장진흥공단 지역본부 및 센터 복합기 임차 사업,servc,30
R26BK01465784_000,26년 맞춤형 석사과정(디지털포렌식학과) 운영 사업 (장기),servc,33
R26BK01465818_000,2026년 시장경영지원사업 회계정산 용역,servc,22
R26BK01465873_000,2026 국립현대미술관 문화행사  2026 MMCA 나잇 행사,servc,34
R26BK01465924_000,2026-30년 이종욱펠로우십 프로그램 학위과정(보건정책학) 위탁운영,servc,38
R26BK01465976_000,찾아가는 에너지복지서비스 관리 기능 개발,servc,22
R26BK01465994_000,청주시 무심천 분류식화 하수관로 정비사업 및 상수도 노후관 개량공사 GIS DB 구축용역,servc,49
R26BK01466112_000,대구센터 민관협력 클라우드 서비스망 분리 구축,servc,25
R26BK01466124_000,배출량 관리제도 개선 추진을 위한 운영기반 연구,servc,26
R26BK01466137_000,2026년 소셜벤더 운영 용역(성장지원형-경기·강원권역),servc,31
R26BK01466254_000,2026 인사처-OECD 아시아 인사행정 네트워크 컨퍼런스 행사운영 대행용역,servc,42
R26BK01466275_000,워크플로우 기반 해사서비스 개발환경 PoC 제작,servc,26
R26BK01466342_000,환경유해인자 위해 저감을 위한 매체통합위해성평가(Ⅱ),servc,29
R26BK01466377_000,글로벌 탄소규제 검증기관 육성 및 역량 강화 지원 사업,servc,30
R26BK01466436_000,2026년 국가 바이오 데이터 스테이션 체계구축(5단계) PMO,servc,35
R26BK01466522_000,2026년 소셜벤더 운영 용역(성장지원형-대구·경북권역),servc,31
R26BK01466552_000,Agentic AI Alliance 운영지원,servc,24
R26BK01466571_000,청약(주택소유) 데이터 정비 및 관리시스템 운영 용역,servc,29
R26BK01466677_000,고유가 피해지원금 전담 콜센터 용역,servc,19
R26BK01466685_000,실험실 특화형 창업선도대학 사업 사전기획 및 비즈니스 스케일업 컨설팅 용역,servc,41
R26BK01466726_000,재난안전통신망 품질관리 기술·운영지원,servc,20
R26BK01466799_000,"2026년 농업부문 배출권거래제 외부사업 방법론 개정, 모니터링 지원 및 감축량 실태조사",servc,49
R26BK01466833_000,광명시 강소형 스마트도시 조성사업 전기이륜차 전환 운영 용역,servc,33
R26BK01466836_000,(26F092-B) 육군 기획홍보 영상 제작 용역,servc,27
R26BK01466891_000,지상파항법시스템 고도화 기술개발 리빙랩 기반 수용성 검증 연구,servc,34
R26BK01467109_000,2026년 중구 어린이 물놀이장 운영 용역,servc,23
R26BK01467137_000,인터넷 통신망 사업자 선정,servc,14
R26BK01467138_000,26-F-AI 초단기 강수예측을 통한 작전지원 강화 연구,servc,31
R26BK01467144_000,장사시설 진입로 포장공사 외 1개소 사업 감독권한대행 등 통합건설사업관리용역,servc,42
R26BK01467186_000,26-F-기상레이다 합성영상 관측영역 확대기술 연구,servc,28
R26BK01467206_000,6주기 교원양성기관 역량진단(전문대학 등) 운영지원 용역,servc,31
R26BK01467220_000,26-F-난류 및 착빙 예측성 향상 및 AI 적용 방안 연구,servc,33
R26BK01467274_000,2026년 영월군 지방상수도 누수탐사 용역,servc,23
R26BK01467284_000,특수교육 실태조사 데이터 활용 시스템 구축,servc,23
R26BK01467335_000,개방형 XR 협업 플랫폼 연계 설계 대안 생성 모듈 및 콘텐츠 개발,servc,37
R26BK01467398_000,경상남도교육청 기록원 기록물 이관 및 공개재분류 사업,servc,29
R26BK01467407_000,수원시 탄소중립 그린도시 감축이행평가 및 탄소회계서비스 구축 용역,servc,36
R26BK01467453_000,하도급계약 적정성 심사제도 실태조사 및 개선방안 연구,servc,29
R26BK01467501_000,근현대문화유산지구 운영·관리 체계구축 심화 연구,servc,26
R26BK01467686_000,공공 매립시설의 효율적 악취관리 방안 마련,servc,23
R26BK01467724_000,등록저작물 관리 강화 및 저작권 등록 서비스 개선,servc,27
R26BK01467738_000,국립공주대 글로컬대학30사업의 지역경제 영향 분석 및 장기 발전 전략 수립 종합연구,servc,46
R26BK01468094_000,중소 제조기업 업종별 DX·AX 가이드라인 연구,servc,26
R26BK01468103_000,2026년 연구 생태계 혁신서비스 개발,servc,21
R26BK01468309_000,2026년 신기술 기반 문화데이터 구축 사업,servc,24
R26BK01468342_000,"임차차량 구매(충북강원건설지사 송변전건설부, 1대)",servc,28
R26BK01468413_000,전자바우처·통계 정보시스템 통합,servc,17
R26BK01468440_000,북부지구 도시재생 식문화체험 및 기술장인교육 운영 용역,servc,30
R26BK01468457_000,영주국토 관내 제연설비 소방감리용역,servc,19
R26BK01468464_000,(26F086-B) FEBA부대 집중정신전력교육 용역,servc,29
R26BK01468543_000,"수소 저장운송 클러스터 구축사업 건설사업관리(건축,통신,소방)",servc,34
R26BK01468658_000,수소 연료전지 발전 클러스터 구축사업 부지 내 수소관로 실시설계 용역,servc,38
R26BK01468668_000,2026년 의료AI 교육 성과 확산·교류·홍보 용역,servc,28
R26BK01468715_000,26년 방위사업청 외국어교실 위탁교육,servc,20
R26BK01468747_000,(용역)에이전틱 AI 산림서비스 요소기술 식별 및 영상품질관리 자동화,servc,38
R26BK01468753_000,2026년 AI상시예찰 검사용역,servc,17
R26BK01468755_000,2026년 국립수목원 인접지 외래식물 모니터링·제거용역,servc,30
R26BK01468780_000,"2026년 경찰청 스토킹,교제폭력 담당 전문화 위탁교육",servc,30
R26BK01468844_000,인재정책 체계화 연구 용역 계약,servc,17
R26BK01468860_000,한국산업인력공단 사내자격 교육훈련 과정 운영 및 평가시행 용역,servc,34
R26BK01468868_000,2026년 국립창원대학교 거창캠퍼스 정보시스템 통합유지보수,servc,32
R26BK01468937_000,(긴급)부산지역 대학 연계 2026 AI·코딩(로봇)교육 학생 역량지원 사업 운영 위탁,servc,48
R26BK01468950_000,긴급구조표준시스템 노후장비 교체 및 고도화 사업,servc,26
R26BK01468961_000,수원화서 창업지원주택 건설공사 시공단계 감독권한대행 등 건설사업관리용역,servc,39
R26BK01468987_000,2026년 에너지관리시스템 인프라 활용 및 사후관리 지원,servc,31
R26BK01468997_000,홍수위험지도 서비스 체계 개선 및 안정화,servc,22
R26BK01469014_000,2026 세계태권도 그랑프리 시리즈 무대설치 및 시스템 운영 용역,servc,36
R26BK01469020_000,2026년 출판사 데이터 활용 마케팅 컨설팅 용역,servc,27
R26BK01469027_000,2026년 소셜벤더 운영 용역(성장지원형-서울·인천권역),servc,31
R26BK01469053_000,26년 고속단정 12대 노후대체 건조 감리용역,servc,25
R26BK01469070_000,중등 AI교육 담당교원 역량 강화 연수 운영,servc,24
R26BK01469095_000,재정경제부 중앙동 이전재배치 용역,servc,18
R26BK01469265_000,콘텐츠 재정지원의 경제적 효과 분석 및 선진화 방안 연구용역,servc,33
R26BK01469294_000,2026년 정보보안 컨설팅 사업,servc,17
R26BK01469306_000,《이대원 회고전》 전시 작품 운송 및 설치 철거,servc,26
R26BK01469323_000,백운산 농촌테마공원 조성공사 건설사업관리용역,servc,24
R26BK01469404_000,SW 3자단가(보행자도로안전시스템 v1.0 (유지관리) (주)서광시스템),servc,40
R26BK01469495_000,2026년 산업계 에너지관리시스템 보급 지원사업 및 전문인력 양성교육 운영지원,servc,43
R26BK01469566_000,국회도서관 융복합서비스 데이터셋 구축 사업(I),servc,26
R26BK01469606_000,2026년 하반기 KFN TV 외주제작(강군 365) 사업자 선정 용역,servc,39
R26BK01469693_000,한반도 평화공존센터 지구단위계획 결정(변경) 용역,servc,27
R26BK01469771_000,26년 소형특수기동정 3척 건조감리 용역,servc,22
R26BK01469792_000,2026년 에너지서포터 운영 지원,servc,18
R26BK01469815_000,SW 3자단가(AstraGo v2.0 (커스터마이징) (주)씨이랩),servc,37
R26BK01469853_000,2026 해외 한류콘텐츠 침해 실태조사 발간 용역,servc,27
R26BK01469928_000,배리어프리 웹툰 제작과 시범 서비스 운영 사업,servc,25
R26BK01469943_000,2040 여수시 중장기 종합발전계획 수정 계획 수립 용역,servc,31
R26BK01469944_000,자동차검사소 배출가스·소음 분야 역량평가 용역,servc,25
R26BK01470102_000,2026년 진주시 도시계획정보시스템 유지·관리 용역,servc,28
R26BK01470135_000,2026년 한국형수치예보모델을 활용한 라오스 지역수치예보시스템 구축사업,servc,39
R26BK01470285_000,2026년 2차 경찰청 사이버 교육콘텐츠 제작,servc,25
R26BK01470411_000,2026년 서울대학교 화학물질 중앙관리센터 구축 및 활동,servc,31
R26BK01470458_000,디지털서비스_엔정보기술_엔정보기술 Dooray for 엔에이치엔두레이,servc,38
R26BK01470460_000,LMO 위해성평가 기술 및 해양생태계 모니터링 기술 개발,servc,31
R26BK01470463_000,「2027년도 제16회 변호사 시험 법전」제작·배송,servc,28
R26BK01470517_000,전기안전 AI플랫폼 구축 용역,servc,16
R26BK01470532_000,2026년도 국회기록물 DB구축 사업,servc,20
R26BK01470592_000,2026년 환경보건포털 콘텐츠 기획 및 운영,servc,24
R26BK01470598_000,2026년 수문조사시설 이설.확장 및 유지보수공사 실시설계용역,servc,34
R26BK01470639_000,2026학년도 평생교육스쿨 개방형 S-MOOC 콘텐츠 개발 용역,servc,35
R26BK01470665_000,26-N-군항별 폭풍해일 및 월파예측 연구용역,servc,25
R26BK01470867_000,2026년도 서울대학교 중앙도서관 기록문화유산 디지털 콘텐츠 구축 사업,servc,39
R26BK01470913_000,저작권 보호 연차보고서 (2026 조사 기준) 발간 용역,servc,31
R26BK01470931_000,26-N-무인수상정을 통한 작전효과 검증 전투실험용역,servc,29
R26BK01470992_000,인도네시아 보고르시 지방상수도(PDAM) 스마트 물관리(SWM) 타당성조사,servc,41
R26BK01471162_000,2026년 한강 상류 제방 정비 예초,servc,20
R26BK01471177_000,2026년 1차 경찰청 사이버교육 콘텐츠 제작,servc,25
R26BK01471268_000,행복도시~공주(3구간)도로건설공사 폐기물처리용역(아스콘),servc,31
R26BK01471394_000,제16차 한-아세안 교통협력포럼 행사 운영 대행,servc,26
R26BK01471446_000,"상용SW 제3자단가계약(주식회사 케이시스, GNi v4.0(유지관리))",servc,39
R26BK01471568_000,2026년 교원 원격교육연수 과정 개발,servc,21
R26BK01471572_000,(가칭) 에코3초등학교 교사신축 전기공사 설계용역(계속비),servc,32
R26BK01471646_000,완주군 토지적성평가 및 재해취약성 분석 용역,servc,24
R26BK01471684_000,수자원 가용성 통합평가 체계구축 및 취약지역 해결책 마련을 위한 기반 정립 연구,servc,44
R26BK01471689_000,갱도 체험 광차(인차) 수리 보수 용역,servc,21
R26BK01471701_000,"(가칭)에코3초등학교 교사신축 정보통신, 소방공사 설계용역(계속비)",servc,37
R26BK01471719_000,"화산, 화남 노후하수시설 정비사업 지하시설물 전산화 용역",servc,31
R26BK01471724_000,개발도상국 폐기물 현황조사 및 역량강화 프로그램 운영,servc,29
R26BK01471762_000,종합실내체육관 및 중리지구 다목적실내체육관 건립 전기감리용역,servc,33
R26BK01471786_000,강원LRS공유대학 교육인프라 유지보수용역,servc,22
R26BK01471809_000,2026년 KAIA 홍보를 위한 뉴미디어 운영,servc,25
R26BK01471816_000,2026년 인천남부교육지원청 농어촌 우리동네 예술학교 전문기관 위탁용역,servc,39
R26BK01471843_000,2026~2027년 국가문화예술지원시스템(NCAS) 유지보수 및 운영,servc,38
R26BK01471844_000,2026년도 자동출입국심사대 교체 및 증설 사업,servc,26
R26BK01471894_000,수질오염 통합방제센터 구축사업 전기 감리용역,servc,24
R26BK01471938_000,사건기록용 고속복합기(개인정보비식별시스템 탑재)임차 사업,servc,31
R26BK01471944_000,한국전력공사 남인천지사 안전관리 업무용 차량 임차용역,servc,29
R26BK01472001_000,우간다 응급의료중심 지역보건의료체계 강화 2차사업 형성조사,servc,32
R26BK01472004_000,도시계획정보체계(UPIS) 도형 속성자료 업데이트 및 유지관리 용역,servc,37
R26BK01472011_000,관광거점도시 육성사업 최종 성과분석 연구,servc,22
R26BK01472037_000,26년도 300톤급 방제정 2척 건조감리용역,servc,24
R26BK01472070_000,2025년도 동반성장지수 체감도조사 및 통계분석 용역,servc,29
R26BK01472228_000,(26F085-I)경계부대집중정신전력교육용역,servc,24
R26BK01472243_000,주변국 핵활동 빅데이터 플랫폼 고도화,servc,20
R26BK01472251_000,26년 친선 국방사절단 방한 행사 용역,servc,21
R26BK01472255_000,정보통신회선 이원화 선정(백업 회선),servc,20
R26BK01472312_000,정보 수집 분석 자동화를 위한 멀티에이전트 개발,servc,26
R26BK01472320_000,2026년 기계설비산업 정보체계 운영관리,servc,22
R26BK01472324_000,포천시 인구정책 통합 플랫폼 구축 용역,servc,21
R26BK01472376_000,경기지방정원 방문자센터 및 정원지원센터 신축 전기감리 용역,servc,32
R26BK01472386_000,(가칭)영종하늘2초등학교 신축 소방공사 설계용역,servc,26
R26BK01472473_000,전략기술 R&D 혁신주체 심층평가 모형 및 거버넌스 설계 연구,servc,34
R26BK01472569_000,"상용SW 제3자단가계약(주식회사 나온소프트, 나온그룹웨어 V7.0(커스터마이징))",servc,45
R26BK01472699_000,2026년 경북 AI·메타버스 영상제 국제교류 및 해외홍보 운영 용역,servc,38
R26BK01472702_000,2026년 변화관리 워크숍 프로그램 위탁사업,servc,24
R26BK01472725_000,국도47호선 포천 장암2교A2~장암1교A1 등 4개소 포장도 보수공사 건설폐기물처리용역,servc,48
R26BK01472766_000,전문서비스용로봇임대서비스,servc,13
R26BK01472789_000,2026년 동해로호 선박수리 실시,servc,18
R26BK01472816_000,국가기후위기대응 전문가 컨퍼런스,servc,17
R26BK01472824_000,전산시스템 운영 안정성 고도화 사업,servc,19
R26BK01472886_000,국내·외 환경규제 대응 및  미래차 산업육성 지원을 위한  미래차특별법 관련 정책적 방향 수립 및 LCA분석,servc,60
R26BK01472927_000,2026년도 충남대학교 영농창업특성화사업 국외현장실습,servc,29
R26BK01472956_000,2026년 강동구 중요기록물 전산화(3차) 사업,servc,26
R26BK01472978_000,26-F-우주영역 인식능력 발전방향 연구,servc,22
R26BK01473002_000,2026년 종합해양정보시스템 전환,servc,18
R26BK01473052_000,[한의약정보화] 한의약 AI추진 기본계획 수립 연구 용역,servc,31
R26BK01473073_000,2026년도 비용추계시스템 및 대량메일발송시스템 기능 개선 사업,servc,35
R26BK01473079_000,제33차 마약류퇴치국제협력회의 기획 및 운영,servc,24
R26BK01473121_000,2026년 국립대한민국임시정부기념관 디지털아카이브 DB구축,servc,32
R26BK01473123_000,2026학년도 대학혁신사업단 실천공학 인재양성 교육 용역,servc,31
R26BK01473127_000,2026년 「청년 공존·공감 네트워크」 기획 및 운영,servc,29
R26BK01473154_000,ERP 연계 및 SNU AI 지능형 연구행정시스템 구축 위탁 감리,servc,36
R26BK01473369_000,[3-1] 스케일업 연계 글로벌 비즈니스 개척단_(Manufacturing World Tokyo) KNU-DAEGU RISE 공동관 구축 및 운영 용역,servc,84
R26BK01473370_000,차세대 금융위 정보시스템 구축 사업(2차),servc,23
R26BK01473372_000,고용노동부 인터넷전화서비스 사업자 선정,servc,21
R26BK01473387_000,국도47호선 포천 도평1교A2~장암3교A1 등 4개소 포장도 보수공사 건설폐기물처리용역,servc,48
R26BK01473420_000,국도47호선 포천 사직2교A2~수입교A1 등 6개소 포장도 보수공사 건설폐기물처리용역,servc,47
R26BK01473472_000,《서도호》 전시 작품운송 및 설치 철거,servc,21
R26BK01473537_000,남양주왕숙2 A-5BL 공동주택 설계용역,servc,22
R26BK01473848_000,2026년 정책 소비자 체감형 콘텐츠 제작 사업,servc,26
R26BK01473874_000,녹색기후기금(GCF) 인증기구 추진 대행,servc,22
R26BK01473891_000,2026년 대학 전공별 경력가이드 개발(10종),servc,26
R26BK01473977_000,고용24 전자지갑 서비스 유지관리 사업,servc,21
R26BK01474147_000,2026년 문경시 지하시설물 정보 수정·갱신사업,servc,26
R26BK01474155_000,2026년 경기아트센터 소셜미디어 운영 및 홍보 콘텐츠 제작 수행 업체 선정 입찰 계획,servc,48
R26BK01474163_000,2026년 세종학당재단 SNS를 활용한 홍보 콘텐츠 제작 및 채널 운영,servc,39
R26BK01474165_000,사회서비스 분야 개별시스템 통합,servc,17
R26BK01474167_000,인터넷 의사중계 위탁운영 및 고화질(FHD) 서비스를 위한 관련장비 증설 사업,servc,43
R26BK01474187_000,2026년 ITS 국제협력 용역,servc,17
R26BK01474213_000,2026 청각장애인용 음성 변환앱 서비스 홍보 및 의견수렴 조사 용역,servc,38
R26BK01474216_000,2026년 법정 통번역인 평가 및 인증제에 관한 용역,servc,29
R26BK01474234_000,구름물리실험챔버 기반의 구름미세물리 평가 및 수치모델 활용,servc,32
R26BK01474246_000,2026년도 자전거보험 가입,servc,15
R26BK01474275_000,블록체인 산업 실태조사 및 법·제도 연구,servc,22
R26BK01474301_000,2026년 수출바우처 민원안내센터 민간위탁운영 용역,servc,28
R26BK01474396_000,2026년 한국수어영상도서 제작사업,servc,19
R26BK01474416_000,26년 정보자산 관리체계 고도화 컨설팅 사업,servc,24
R26BK01474508_000,1MW급 친환경 대체연료 해상테스트베드 선박 종합위탁관리 용역,servc,34
R26BK01474557_000,2026년 대중문화인(영화⋅가요⋅방송) 구술채록 용역 사업,servc,32
R26BK01474605_000,글로컬 통합 플랫폼 정보인프라 고도화 사업,servc,23
R26BK01474668_000,2026년도 메타버스 콘텐츠 개발,servc,18
R26BK01474753_000,자발적 에너지 효율목표제 운영 지원,servc,19
R26BK01474820_000,소방 무선통신시설장비 유지보수 용역,servc,19
R26BK01474828_000,2026년도 메타버스 콘텐츠 운영,servc,18
R26BK01474855_000,삼가 면단위 하수처리장 설치사업 외 1건 전기공사 감리용역,servc,32
R26BK01474867_000,2026 GBGC 경북 게임개발 사관학교 및 게임잼 운영 용역,servc,34
R26BK01474896_000,의료용품평가센터 실험기자재 및 실험실 위생관리 용역 선정,servc,31
R26BK01474923_000,2026 뮤지컬 창제작진 글로벌 역량강화 프로그램 및 해외 행사 운영 대행,servc,41
R26BK01474935_000,산업단지 신재생에너지 통계 개발 및 조사,servc,22
R26BK01474942_000,인터넷망 유선 환경구축 사업,servc,15
R26BK01474965_000,중장기 경영전략 수립 용역,servc,14
R26BK01474968_000,2026년 실시간 빈산소수괴 관측시스템 설치 및 유지보수,servc,31
R26BK01474975_000,VOC 시스템 구축 및 승강기민원24 고도화 사업,servc,27
R26BK01475001_000,BMC 맞춤형 기후적응 NbS 실증 및 가이드 수립 용역,servc,31
R26BK01475087_000,KTL 정보화전략계획(ISP) 및 차세대 통합정보시스템 구축을 위한 ISMP 수립 용역,servc,48
R26BK01475094_000,KERIS 본문용 전용 서체 개발,servc,18
R26BK01475101_000,2026 국민법률생활실태조사 : 공공서비스 및 행정,servc,28
R26BK01475149_000,국립아시아문화전당 AI 기반 아카이브 ISMP 수립,servc,28
R26BK01475181_000,2026년 개인정보 보호수준 진단 컨설팅 및 영향평가,servc,29
R26BK01475189_000,2026년도 AX기반 디지털 트윈 콘텐츠 개발,servc,25
R26BK01475210_000,2026년 직무현장별 성평등교육 및 공무원 성인지 사이버교육 콘텐츠 개발,servc,40
R26BK01475290_000,구성원 선호 반영 교육·연구용 생성형 AI 단일 서비스 도입,servc,33
R26BK01475367_000,2026년 대학정보공시 차세대 통합시스템 구축 전산감리,servc,30
R26BK01475395_000,SW 3자단가(INZENT Document v6 (커스터마이징) (주)인젠트),servc,43
R26BK01475475_000,금융권 확정일자 정보 연계 시스템 3차 구축,servc,24
R26BK01475645_000,2026년도 MMCA 지역동행-명작순회전《이중섭》전시행사용역,servc,33
R26BK01475687_000,2026년 바다숲 탄소거래사업 프로세스 시범운영,servc,26
R26BK01475807_000,2026년도 첨단의료기기개발지원센터 심사평가부 시험장비 교정,servc,33
R26BK01475874_000,부산대학교 의과대학 모듈러 교사 제작·설치 및 임차 용역,servc,31
R26BK01475980_000,보은군 토지적성평가 및 재해취약성분석 용역,servc,23
R26BK01476053_000,2026년 기술임치시스템 운영 및 유지관리 용역,servc,26
R26BK01476196_000,남부 양산단층 단층암 획득을 위한 경사시추 용역,servc,26
R26BK01476242_000,HPC기반 인도네시아 재난 대응 역량 강화를 위한 침수 모델링 고도화 및 재난 모델링 시스템 구축,servc,54
R26BK01476267_000,2026년 출연(연) 심리상담 프로그램(힐링톡) 운영,servc,29
R26BK01476477_000,2026년도 의료기기통합정보시스템 개선,servc,21
R26BK01476540_000,국세청 힐링캠프 등 위탁 운영 용역,servc,19
R26BK01476603_000,’26년 과학수사관 심리역량 강화 워크숍 행사 용역,servc,28
R26BK01476624_000,조달품질원 및 공공조달역량개발원 직원숙소 신축 설계용역,servc,30
R26BK01476638_000,(가야고분)2026년 가야역사문화자원 디지털아카이브 활용 개선,servc,34
R26BK01476672_000,2026학년도 충남대학교 그린바이오 혁신융합대학사업 공유 교과목 콘텐츠 개발 용역,servc,45
R26BK01476697_000,"(가칭)명지6초등학교 교사신축 정보통신, 소방공사 설계용역(계속비)",servc,37
R26BK01476698_000,2026 세계파라태권도 선수권대회 운영대행 용역,servc,26
R26BK01476717_000,환경위성 정보시스템 노후 스토리지 교체,servc,21
R26BK01476726_000,`26년도 국제의장간사활동지원,servc,16
R26BK01476756_000,동물용의약품등의 급성 독성 예측을 위한 인공지능(AI)모델 개발·검증 및 급성독성 대체시험법 개발 연구,servc,57
R26BK01476781_000,(가칭) 명지6초등학교 교사신축 전기공사 설계용역(계속비),servc,32
R26BK01476857_000,중대범죄수사청 형사사법정보시스템 구축 사업,servc,23
R26BK01477037_000,2026년 정밀감정장비 검·교정 용역,servc,20
R26BK01477145_000,국도5호선 함안 칠북 가연지구 병목지점 개선공사 폐기물처리용역(1차),servc,38
R26BK01477159_000,수산연구정보시스템 통합 재구축(3차),servc,20
R26BK01477236_000,2026년 만경강 등 7개 국가하천 실시간 모니터링체계 유지관리용역,servc,37
R26BK01477268_000,2026년 사이버공방전 개최 및 운영 용역,servc,23
R26BK01477275_000,AI시사분석 아르고스 고도화 사업,servc,18
R26BK01477376_000,서울당곡초등학교 그린스마트 미래학교 개축 전기공사 감리용역(장기계속),servc,38
R26BK01477642_000,아산시 공설장사시설 확충사업 전기감리용역,servc,22
R26BK01477682_000,학교 유‧무선망 통합관제시스템 운영,servc,19
R26BK01477691_000,2026년 대구데이터안심구역 서비스 운영 및 유지관리 용역,servc,32
R26BK01477753_000,2026년 청소년비즈쿨 페스티벌 위탁운영 용역,servc,25
R26BK01477799_000,종전부동산 개선방안 용역,servc,13
R26BK01477805_000,신종·불법 마약류 사용행태 조사,servc,17
R26BK01477828_000,임시마약류 의존성 등 유해성 평가,servc,18
R26BK01477891_000,2026년도 국가전략포털 및 입법자료포털 시스템 개발사업,servc,31
R26BK01477952_000,2026년 VR·AR산업 실태조사 및 가상융합산업 실태조사(시범) 용역,servc,39
R26BK01477974_000,AI 및 물리 기반 홍수예측모형 고도화,servc,21
R26BK01478000_000,"인천계양 A-17BL, A-19BL 및 부천역곡 A-1BL 아파트 건설공사 시공단계 감독권한대행 등 (통합) 건설사업관리용역",servc,69
R26BK01478037_000,2026년 전주기 의사과학자 양성 사업 행사 위탁 운영,servc,30
R26BK01478048_000,시청 들락날락 미디어아트전시관 실감형 영상 콘텐츠 제작,servc,30
R26BK01478126_000,"2026년 수산과학조사선 탐구22호 갑판,기관부 정기수리",servc,31
R26BK01478167_000,반도체특성화 대학지원사업 글로벌 반도체 공정실습,servc,26
R26BK01478191_000,2026년 고흥군 국토이용정보 통합플랫폼(KLIP) 운영 용역,servc,34
R26BK01478204_000,친환경선박 사고 방제대응 AI모델 및 AI기반 실시간 시뮬레이터 기술개발,servc,40
R26BK01478340_000,혜택알리미 서비스 구현(3차) 위탁감리,servc,21
R26BK01478353_000,2026년 청성면 농어촌생활용수개발사업 지하시설물 GIS DB구축 용역,servc,39
R26BK01478422_000,2026 세계한국어교육자대회 행사 대행 용역,servc,24
R26BK01478520_000,단양읍 관광연계도로 개설사업 건설사업관리용역,servc,24
R26BK01478555_000,2026년 가명정보 활용 지원 사업,servc,19
R26BK01478912_000,태안경찰서 직원관사 증축 건설업관리용역 계약,servc,24
R26BK01478965_000,2026년도 에너지바우처 통합 상담센터 위탁운영,servc,26
R26BK01479059_000,헌법재판소 주요정보통신기반시설 취약점 점검사업,servc,25
R26BK01479063_000,한국과학기술연구원 전산시스템(IT) 통합유지관리,servc,26
R26BK01479101_000,경북대학교 사회대 시설개선 임대형 민자사업(BTL) 건설사업관리 용역,servc,38
R26BK01479144_000,중소기업 기술침해 손해액 산정 가이드라인 제작 용역,servc,28
R26BK01479237_000,2026년 중요기록물 DB구축 및 공개재분류 사업,servc,27
R26BK01479322_000,남해파출소 연안구조정(S-89정) 양현주기관 총분해수리 계약의뢰,servc,35
R26BK01479330_000,2026년 IHO 업무지원 시스템 유지관리,servc,23
R26BK01479363_000,2026년 기초학력 진단-보정 콘텐츠 개발 합숙 숙식 및 시설 임차 용역,servc,40
R26BK01479370_000,2026년 스마트폰 과의존 실태조사,servc,19
R26BK01479376_000,(26G098-B) 26년 전군 정훈장교 워크숍,servc,26
R26BK01479414_000,재외공관 비상위성통신망 구축 및 운용(2026-2027년),servc,32
R26BK01479537_000,2026년 국방실험사업 지원 용역사업,servc,20
R26BK01479694_000,26-M-해병대 공공갈등 예방 및 해결 관련 효율적 운용방안 수립,servc,36
R26BK01479698_000,2026년 국립해양유산연구소 교육 프로그램 위탁 운영,servc,29
R26BK01479733_000,종합민원실 디지털창구 시스템 운영지원 및 유지관리 사업,servc,30
R26BK01479781_000,2026년 국가대표선수촌 운전·총무 파견용역,servc,24
R26BK01479832_000,"인천계양 A-16BL,  A-18BL 및 부천대장 A-9BL 아파트 건설공사 시공단계 감독권한대행 등 통합 건설사업관리용역",servc,68
R26BK01479840_000,공동 IRB·DRB 통합 운영체계 구축 및 인체유래데이터 활용 기반 마련을 위한 정책 연구,servc,50
R26BK01479845_000,26-N-위성영상 기반 특정해역 지역특성 분석 용역,servc,28
R26BK01479955_000,고감도 마약 검출을 위한 LFA신호 증폭 기술 개발,servc,28
R26BK01479965_000,2026년 청소년활동정보서비스 기능개선 사업,servc,24
R26BK01480006_000,26-M-서측도서 및 경계작전부대 문화예술공연 용역,servc,28
R26BK01480014_000,2026 경기 영유아 공연 페스티벌 엄마랑 아기랑 기획 운영 용역 업체 선정,servc,42
R26BK01480043_000,26-M-서북도서 순회 문화예술공연 용역,servc,22
R26BK01480069_000,26-N-군수데이터 표준화 연구,servc,17
R26BK01480160_000,10·29 이태원참사 추모시설 조성 및 공동체복합시설 연계 방안 연구 용역,servc,41
R26BK01480162_000,2026년 연구자원 통합관리시스템 고도화,servc,22
R26BK01480182_000,한국주택금융공사 전세보증금반환보증 권리조사 및 채권양도통지 업무 용역,servc,38
R26BK01480253_000,2026년도 가상훈련 콘텐츠 개발(산업 안전 분야),servc,28
R26BK01480269_000,중소기업퇴직연금기금제도 주거래은행 선정,servc,21
R26BK01480329_000,완도해경 땅끝파출소 S-115정 양현 주기관 총분해수리 용역,servc,33
R26BK01480384_000,2026년 핵심국악콘텐츠구축,servc,15
R26BK01480483_000,조선해양분야 지능형 ESG MRV 플랫폼 구축 용역,servc,28
R26BK01480650_000,2026년도 강화교육지원청 ‘농어촌 우리동네 예술학교’ 전문기관 위탁 용역,servc,41
R26BK01480671_000,디지털서비스_ 싸이웰시스템_중개서비스 for 엔에이치엔클라우드(IaaS),servc,40
R26BK01480684_000,충청남도 사이버침해대응센터 운영 용역,servc,20
R26BK01480688_000,2026년 개인정보보호 및 정보보안 혁신 기반 마련 컨설팅,servc,32
R26BK01480711_000,2026년 국가유산 디지털 콘텐츠 원천자원 제작 보급,servc,29
R26BK01480717_000,베트남 메콩유역 생활폐기물 분리배출 및 자원순환 촉진 사업 초청연수 운영,servc,40
R26BK01480763_000,통합Ezbaro 성능 향상 및 UI/기능 최적화 사업,servc,29
R26BK01480767_000,2026 제4·5차 차세대동포(청년) 모국 초청연수 기획 및 운영,servc,36
R26BK01480849_000,KEEP30 운영 및 자발적 에너지 효율협약 제도화 지원,servc,31
R26BK01480871_000,2026년도 이용자 수요기반 국가R&D분석서비스 고도화(R&D TAB),servc,39
R26BK01480905_000,세종학당재단 홍보콘텐츠 제작·운영 및 확산,servc,23
R26BK01480941_000,부천시 토지적성평가 및 재해취약성 분석 용역,servc,24
R26BK01480947_000,2026 세종학당 지역별 워크숍 운영,servc,20
R26BK01480972_000,(26F017-I)27 31년도탄약비군사화시설위탁운영용역,servc,31
R26BK01480977_000,소재정보은행 리뉴얼 구축 용역,servc,16
R26BK01480990_000,통합 바이오 데이터 분석·활용 시너지 플랫폼 구축,servc,27
R26BK01481029_000,2026년도 금융공공데이터 개방확대 사업,servc,22
R26BK01481160_000,(26G100-I)한미동맹강화콘서트대행용역,servc,23
R26BK01481194_000,유아 등·하원 정보 서비스 시범 운영,servc,20
R26BK01481223_000,2026년 산림물지도 제작,servc,14
R26BK01481228_000,2026년 라오스 위성자료 기반 조기경보 및 활용시스템 구축사업,servc,35
R26BK01481231_000,2026년 노후 보안장비 교체 및 사이버보안체계 강화사업,servc,31
R26BK01481295_000,지역 주도형 AI 대전환 사업 기업진단 및 전략컨설팅 용역 계약,servc,35
R26BK01481362_000,2026 한국교육종단연구 설문조사,servc,18
R26BK01481408_000,백석동 행정복지센터 신축공사 감독 권한대행 등 건설사업관리용역,servc,34
R26BK01481452_000,국회도서관 융복합서비스 데이터셋 구축 사업(II),servc,27
R26BK01481504_000,산림분야 국제감축사업 운영표준 기반 감축실적 발행 및 ITMOs 전과정 이행체계 구축,servc,47
R26BK01481540_000,2026년 한국어교육 수요 및 만족도 조사,servc,23
R26BK01481565_000,조달평가 표준화 및 혁신·고도화를 통한 평가체계 선진화 방안 연구,servc,36
R26BK01481567_000,아이돌봄사 국가자격 관리시스템 구축 감리 및 개인정보영향평가 사업,servc,36
R26BK01481575_000,온누리상품권 가맹점·소비자 지원 대행용역,servc,22
R26BK01481635_000,2026년도 상생금융지수 시범평가를 위한 지표설계 및 체감도조사 용역,servc,38
R26BK01481642_000,2026년 산림공간정보 품질관리,servc,17
R26BK01481643_000,녹색융합클러스터 환경 및 실험기반시설 위탁관리,servc,25
R26BK01481660_000,지역일자리 통합지원 시스템 ISP 사업,servc,21
R26BK01481666_000,2026년 AI 아동·청소년 온라인 성착취 선제대응 시스템 기능개선,servc,37
R26BK01481682_000,정부행사관리시스템 구축 사업,servc,15
R26BK01481691_000,2026년 주한미군 주변지역 토양지하수 환경오염조사 및 평가,servc,33
R26BK01481694_000,2026년 금강교 정밀안전진단 용역,servc,19
R26BK01481696_000,유전자원정보공유체계(ABSCH) 운영(2026년),servc,27
R26BK01481862_000,등록화학물질 초기 위해성평가(2026),servc,21
R26BK01481873_000,충청남도 자체 클라우드 인프라 2차 구축 사업,servc,25
R26BK01481917_000,국제승인평가 완료물질의 안전성평가 사업(2026)-재료장비용 보존제류,servc,38
R26BK01481955_000,스토킹 전자장치 통합 연계 시스템 구축 감리 용역,servc,27
R26BK01481979_000,(26G080-B) 26년 해외안보현장견학 용역,servc,26
R26BK01482088_000,여권통신망 보안성 강화 및 속도 개선 사업,servc,23
R26BK01482102_000,2026년 소상공인 온라인교육 운영 용역,servc,22
R26BK01482125_000,제9회 전국동시지방선거 등 영업배상책임보험 가입,servc,26
R26BK01482154_000,(26G002-H)전군 사이버인력 전문화 온라인교육,servc,28
R26BK01482183_000,2026년도 AI·디지털기반 교육혁신 직무연수 위탁 용역,servc,31
R26BK01482238_000,국도77호선 파주 낙하IC교A2+1.820~낙하IC교A2+2.320 등 3개소 포장도 보수공사 건설폐기물처리용역,servc,62
R26BK01482304_000,"안성시 노후 하수관로정비공사(2,3차) 기본 및 실시설계 용역",servc,34
R26BK01482386_000,국도45호선 남양주 금남IC R-A교A2~금남IC2교A1 등 4개소 포장도 보수공사 건설폐기물처리용역,servc,56
R26BK01482395_000,치안 ODA 몽골경찰청 마약수사 시스템 개발,servc,24
R26BK01482417_000,2026년도 국회전자도서관시스템 개발사업,servc,22
R26BK01482479_000,국도37호선 포천 선촌교차로+0.718~일동교차로 등2개소 포장도 보수공사 건설폐기물처리용역,servc,51
R26BK01482502_000,제주아트센터 공연예매발권시스템 고도화사업,servc,22
R26BK01482509_000,강원대학교 정보시스템 통합관리체계 구축 및 운영,servc,26
R26BK01482519_000,한류지수 개발 및 실증 연구 용역,servc,18
R26BK01482532_000,"[연구,128] 생물테러 병원체 현장탐지 유전자검출검사 키트 성능 개선",servc,39
R26BK01482604_000,금강 대청지구 하천환경정비사업 문화재 발굴(시굴)조사 용역,servc,32
R26BK01482606_000,독도 울릉도 고유종 서식 현황 조사 및 유전다양성 연구(2026년),servc,37
R26BK01482789_000,국도1호선 파주 월롱교A2~봉암교A1 등 5개소 포장도 보수공사 건설폐기물처리용역,servc,45
R26BK01482885_000,재외동포청년 취업지원사업 기획 및 운영,servc,21
R26BK01482902_000,선거기록관 RFID 장비 도입,servc,16
R26BK01482967_000,2026년 시각장애아동용 점자라벨도서 제작·배포 사업,servc,29
R26BK01482980_000,「2026년도 지역이음 프로젝트」 성과 점검 및 FGD 조사,servc,33
R26BK01483340_000,2025년 기준 콘텐츠산업 조사,servc,17
R26BK01483440_000,의약품안전정보관리시스템 통합 구축(2차),servc,22
R26BK01483451_000,AI 기반 지능형 포트홀 탐지 플랫폼 구축 용역,servc,26
R26BK01483541_000,경북대학교 사회대 시설개선 임대형 민자사업(BTL) 전기감리 용역,servc,36
R26BK01483740_000,건물청소서비스,servc,7
R26BK01483792_000,기관공유데이터 관리시스템 구축 용역,servc,19
R26BK01483798_000,반려동물 생체자원 지원시설 구축 설계용역,servc,22
R26BK01483810_000,2026년 실감형콘텐츠 수정 및 변환,servc,20
R26BK01483909_000,2026년 기반시설 실태조사,servc,15
R26BK01483910_000,2026년도 재난피해 회복수준 실태조사,servc,21
R26BK01483914_000,2026년 글로벌헬스케어 전문인력양성 교육성과 및 AX기반 인력 교육수요 분석,servc,43
R26BK01483932_000,정보화 용역[자동차 배출가스 및 소음 인증시스템 유지관리(26년)] 계약 요청,servc,43
R26BK01483937_000,국통바빅 초급 교육용 데이터셋 및 교육프로그램 개발,servc,28
R26BK01483944_000,울산광역시 스마트도시산업 발전전략 수립 용역,servc,24
R26BK01483992_000,동국대학교 2026년 한국불교문화포털 4차 고도화 사업 용역 구매,servc,36
R26BK01483993_000,2026 KNU 영농창업특성화사업단 국외현장실습,servc,26
R26BK01484013_000,정보보호 공시 가이드라인 고도화 용역,servc,20
R26BK01484035_000,중소기업퇴직연금기금제도 전담운용기관(자산운용사 및 증권사) 선정,servc,35
R26BK01484050_000,제주특별자치도교육청 학내망 고도화 예정학교 대상 실시설계 용역,servc,34
R26BK01484161_000,의정부역 지하도상가 정밀안전진단 용역,servc,20
R26BK01484181_000,차세대 국가인재데이터베이스시스템 구축 감리 및 개인정보영향평가,servc,34
R26BK01484200_000,전통문화 기반 IP 확보 및 우수상품 개발 용역,servc,26
R26BK01484223_000,인천미추홀경찰서 청사 리모델링 설계용역,servc,21
R26BK01484273_000,2026년 데이터바우처 지원사업 공급기업 감리 용역,servc,28
R26BK01484305_000,26년 3D얼굴인식시스템 고도화,servc,17
R26BK01484353_000,2026년 산림토양·물지도 토양시료 분석,servc,22
R26BK01484360_000,2026년 국가유산 원형 정보자원 통합DB 구축 감리,servc,29
R26BK01484400_000,지능형 무역투자 플랫폼 구축,servc,15
R26BK01484495_000,대중문화 아카이브 중장기 수집 전략 연구용역,servc,24
R26BK01484568_000,고성능 GPU 클러스터 및 AI 서비스 인프라 구축 용역,servc,31
R26BK01484609_000,2026년 시험·연구용 LMO정보시스템 재구축,servc,25
R26BK01484610_000,2026년 용인시 도로유지보수 분야 건설사업관리용역,servc,28
R26BK01484615_000,한국폴리텍대학 AI.디지털 기반 평생직업교육 플랫폼 정보화전략 계획(ISP) 수립 사업 용역계약,servc,53
R26BK01484819_000,2026 새마을운동 SNS 콘텐츠 제작 및 온라인 홍보 용역,servc,33
R26BK01485003_000,2026년 개인정보 접속기록 시스템 통합운영 및 유지관리 사업,servc,34
R26BK01485061_000,신규화학물질 신고제도 대응을 위한 QSAR 활용 교육체계 구축 및 시범 운영,servc,42
R26BK01485063_000,2026년 주요정보통신기반시설 취약점 분석 평가 및 웹서비스 진단 사업,servc,39
R26BK01485099_000,2026년 인플루엔자 등 호흡기바이러스 유전체 기반 변이 분석 및 위험도 평가,servc,43
R26BK01485150_000,(가칭)용마루유치원 외 1교((가칭)용현학익2초) 신축 소방공사 설계용역,servc,40
R26BK01485263_000,강원직할 배전건설부 업무용 차량 임차계약,servc,22
R26BK01485336_000,가좌캠퍼스 체육관 리모델링 사업 설계용역,servc,22
R26BK01485357_000,강원대학교 통합관리체계 구축 및 운영 사업,servc,23
R26BK01485366_000,(가칭)에코6초등학교 교사신축  전기공사 감리용역(계속비),servc,32
R26BK01485420_000,2026~2029년 IT서비스 운영 아웃소싱 용역,servc,27
R26BK01485436_000,딥러닝 활용을 위한 검역병해충 분류 기반 데이터셋 구축,servc,30
R26BK01485456_000,26-27-N-출입통제체계 유지보수,servc,19
R26BK01485493_000,26-N-AI 데이터센터 운용 플랫폼 구축 ISP,servc,27
R26BK01485494_000,2026년 개인정보보호 컨설팅 사업,servc,19
R26BK01485586_000,2026년 비전자기록물 디지털화 구축 사업,servc,23
R26BK01485601_000,국립 제천 산림치유원 조성 대상지 선정 및 입지조사,servc,28
R26BK01485611_000,2026 예술기술 융합 협력 프로젝트 운영,servc,23
R26BK01485883_000,재난안전통신망 교육·훈련지원,servc,15
R26BK01485903_000,2026 여름 계절학기 생성형 AI 부트캠프 교육 콘텐츠 제작 및 운영 용역,servc,42
R26BK01485919_000,2026년 찾아가는 발명체험교실 교육운영 용역,servc,25
R26BK01485981_000,피지컬 AI 글로벌 보안규제  지원 시스템 개발,servc,26
R26BK01486014_000,야생조류 조류인플루엔자 발생 조기 대응을 위한 정밀 모니터링(26~27),servc,40
R26BK01486021_000,2026년 특수유형기록물 DB구축 용역,servc,21
R26BK01486059_000,전통조경 실감형 콘텐츠 국외전시,servc,17
R26BK01486119_000,(26F017-G) 26년 행정업무지원체계 유지보수사업,servc,30
R26BK01486295_000,화학사고예방관리계획서 정보 활용 방안 연구 Ⅲ,servc,25
R26BK01486427_000,2026년 지역 디지털 혁신거점 산업 현황 실태조사 및 발전방안 수립 용역,servc,41
R26BK01486457_000,2026년 종자업 실태조사 및 효율적 통계 관리 방안 연구용역,servc,34
R26BK01486489_000,2026년 특별전 (현동(가제)) 전시영상 제작 및 설치,servc,31
R26BK01486584_000,세계기록유산 디지털 플랫폼구축 사업 용역,servc,22
R26BK01486705_000,소하천 홍수 예측 기술 플랫폼 구현 및 예·경보 시범운영(1/3),servc,36
R26BK01486710_000,26년 방위사업정책 발전 컨퍼런스 및 상생협력 등 행사 용역,servc,33
R26BK01486861_000,국가 AI 정책 분석 기반 미래 핵심 성장동력 발굴 및 인재양성 전략 연구,servc,41
R26BK01486880_000,2026년 한방의료이용 실태조사 실사 및 관리 용역,servc,28
R26BK01486894_000,2026년 디지털교육연구실 원격수업 콘텐츠 개발 품질 관리 사업,servc,35
R26BK01486920_000,2026년 사이버 교육 콘텐츠 (재)개발,servc,22
R26BK01486962_000,여순사건 관련 국외(러시아·일본·대만) 인식 조사 연구용역,servc,32
R26BK01487035_000,통합제공체계 AI 데이터 품질 컨설팅 및 품질관리 체계 정립,servc,33
R26BK01487226_000,2026년 한국보건의료정보원 정보시스템 통합 유지관리,servc,29
R26BK01487391_000,2026년 생애주기별 안전교육 콘텐츠 개발 사업,servc,26
R26BK01487535_000,양자기술 산업인력양성 및 생태계 기반조성,servc,22
R26BK01487585_000,전파관리정보 연계시스템 교체 및 연계환경 개선,servc,25
R26BK01487744_000,한계산성탐방인프라 구축사업(관리청사 신축공사) 건설사업관리용역(감독권한대행),servc,42
R26BK01487778_000,외국인 유해화학물질 취급담당자 대상 안전교육 자료 개발,servc,30
R26BK01487825_000,장성군 토지적성평가 및 재해취약성 분석 용역,servc,24
R26BK01487868_000,구서여자중학교 공간재구조화 리모델링 및 기타공사 감리용역(계속비),servc,36
R26BK01487917_000,(26G069-B) 생물안전3등급 운영유지 및 관리 용역,servc,31
R26BK01487942_000,SW 3자단가(CVOS v1.0 (유지관리) (주)알티솔루션),servc,34
R26BK01487948_000,SW 3자단가(CVOS v1.0 (커스터마이징) (주)알티솔루션),servc,36
R26BK01487978_000,2026년 실험동물자원동 밸리데이션 및 시설개선 용역,servc,29
R26BK01488162_000,유해화학물질 사외배관 정보현행화 및 QR표지판 구축,servc,28
R26BK01488334_000,센서기반 연속 수질측정망 도입 시범 연구(2026),servc,28
R26BK01488336_000,국세청 동행캠프 등 위탁 운영 용역,servc,19
R26BK01488392_000,2026년 K-농업기술활용 해외진출모델 확산 연구,servc,27
R26BK01488435_000,2026 세계한인주간 운영 대행 용역,servc,20
R26BK01488504_000,KCA 자격검정 콜센터 위탁운영,servc,17
R26BK01488513_000,2026년도 한국폴리텍대학 개발교재 제작·보급 사업,servc,28
R26BK01488930_000,2026 국제 푸른하늘 컨퍼런스,servc,17
R26BK01488961_000,2026년 성주군 고등학생 해외 교육투어,servc,22
R26BK01488974_000,국도2호선 대산교 등 22개소 건설엔지니어링 사업(정밀안전점검 및 내진성능평가),servc,44
R26BK01489007_000,2026년 한국수중발굴 50주년 특별전 전시연출 및 보조물 제작·설치,servc,38
R26BK01489034_000,A-eLoran DB 및 운영제어시스템 SW 구축,servc,27
R26BK01489044_000,26년도 화학사고 대비·대응·조사 다큐멘터리 제작,servc,27
R26BK01489052_000,2026년 경상북도 기록물 정리 용역,servc,20
R26BK01489080_000,청주시 옥산산업단지 완충저류시설 설치사업 건설폐기물(폐아스콘) 처리용역,servc,39
R26BK01489094_000,2026~2028년 클린룸 시설관리 용역,servc,22
R26BK01489113_000,AI정밀의료 현장 확산을 위한 인공지능(AI) 선도병원 조사·기획 컨설팅 용역,servc,43
R26BK01489118_000,2026년 디지털교육사업 민원 대응 체계 구축 및 운영 통합 지원 사업 용역,servc,42
R26BK01489132_000,국도2호선 화개1육교 등 17개소 건설엔지니어링 사업(정밀안전점검 및 성능평가),servc,44
R26BK01489153_000,한국초등교원종단연구 6차 연도 조사,servc,19
R26BK01489221_000,2026년도 중요기록물 DB구축 및 정리 사업,servc,25
R26BK01489238_000,김천시 표준기록관리시스템 고도화,servc,17
R26BK01489287_000,2026년 경기도 소방공무원 심신 수련원 운영,servc,25
R26BK01489367_000,2026년 항공기 구명뗏목 검사용역(RFD),servc,24
R26BK01489373_000,배출권 거래시장 정보공유 활성화,servc,17
R26BK01489422_000,2026년도 산업진단 및 개선이행 지원사업 운영 및 품질관리,servc,33
R26BK01489462_000,국도2호선 나불천교 등 25개소 건설엔지니어링 사업(정밀안전점검),servc,36
R26BK01489478_000,구 부여박물관 리모델링 및 증축공사 책임감리 용역,servc,27
R26BK01489542_000,2026년 방류품종 유전적 다양성 분석 및 성판별 기술 타당성 검토 용역,servc,40
R26BK01489552_000,국도3호선 생초터널 등 15개소 건설엔지니어링 사업(정밀안전점검 및 성능평가),servc,43
R26BK01489581_000,납세서비스 향상을 위한 행정지원시스템 고도화 ISP 수립,servc,31
R26BK01489589_000,긴급차량 우선신호 서비스 고도화,servc,17
R26BK01489681_000,국도20호선 진등재터널 등 22개소 건설엔지니어링 사업(정밀안전점검 및 성능평가),servc,45
R26BK01489709_000,지능형 외교안보 데이터 플랫폼 구축 2단계 감리,servc,26
R26BK01489733_000,국가조석기준면 연계체계 구축 연구,servc,18
R26BK01489750_000,남해군 신규 생활폐기물 매립시설 조성사업 건설폐기물 처리용역,servc,33
R26BK01489778_000,경상북도개발공사 모바일 업무시스템 통합유지관리,servc,25
R26BK01489797_000,선박해양플랜트연구소 시설관리 용역,servc,18
R26BK01489800_000,동물원 보유동물 건강성 평가 및 질병검사,servc,22
R26BK01489887_000,(가칭)왕숙11초 신축 전기공사 설계용역,servc,22
R26BK01490082_000,보안 환경 기반 행정업무 특화 AI 서비스 도입,servc,26
R26BK01490127_000,국도20호선 일암2교 등 20개소 건설엔지니어링 사업(정밀안전점검),servc,37
R26BK01490219_000,퀀텀코리아 2026 국제협력 행사 및 부대행사 대행 용역,servc,31
R26BK01490277_000,AI 활용기반 문화유산 조사·연구데이터 표준화,servc,25
R26BK01490286_000,2026년 실종경보 문자 송출시스템 기능개선 사업,servc,27
R26BK01490322_000,2026년 은닉재산 국유화 환수소송 수행 위탁용역(법무서비스),servc,34
R26BK01490355_000,2026년 조달청 위험성평가 컨설팅 용역,servc,22
R26BK01490379_000,2026년 해도제작 인프라 개선(학술),servc,21
R26BK01490445_000,디지털의료제품 규제지원센터 SBOM 제작 도구 임차,servc,28
R26BK01490462_000,2026년 인공지능 교육 콘퍼런스(가칭) 운영,servc,25
R26BK01490467_000,2026년 한글학교 교사 초청연수 기획 및 운영 용역,servc,29
R26BK01490522_000,[통합] 부산대학교 교육정보시스템 구축,servc,21
R26BK01490698_000,미세먼지 및 오존 생성원인 파악을 위한 도심 상공 대기오염 원인물질 분포특성 파악(Ⅴ),servc,48
R26BK01490814_000,2026년 직업계고 전문교과 원격수업 콘텐츠 개발 지원 및 교원 연수 사업 용역,servc,44
R26BK01490865_000,영천시 토지적성평가 및 재해취약성분석 용역,servc,23
R26BK01491020_000,광주광역시교육청 학교누리집 고도화 사업(1차) 입찰 공고,servc,31
R26BK01491054_000,2026년도 재난방송온라인시스템 노후장비 교체 등 고도화 개발 용역 사업,servc,40
R26BK01491071_000,26~27년 암호장비 유지보수 용역,servc,19
R26BK01491086_000,26-F-부품단종정보 획득 용역,servc,17
R26BK01491135_000,26년 개인정보 보호 자율규제단체 및 중소･영세기업 기술지원 용역,servc,36
R26BK01491212_000,군산철길숲 2차사업 실시설계용역,servc,17
R26BK01491246_000,2026년 지역보건의료정보시스템(PHIS) 기능개선 사업,servc,31
R26BK01491252_000,"[연구,129] 탄저백신 면역원성 분석 등 효력 평가 시험",servc,32
R26BK01491376_000,제4회 사기방지 국제 컨퍼런스,servc,16
R26BK01491399_000,가축분뇨 현황 및 환경오염 영향조사(Ⅵ),servc,22
R26BK01491417_000,차세대 지능형 EcoAS 시스템 구축(1단계),servc,25
R26BK01491433_000,의약품 허가정책 발전연구,servc,13
R26BK01491567_000,2026년 전력산업기반조성 사업비 위탁정산 용역,servc,26
R26BK01491585_000,2026년도 학생맞춤통합지원 실태조사 위탁 용역 계약,servc,29
R26BK01491610_000,기작기반-인공지능 융합 하천수질모델 개발 연구(II),servc,29
R26BK01491959_000,2026년 문학나눔 작가 지원 행사 운영 용역,servc,25
R26BK01491989_000,2026년 대학재정지원사업 사업비 위탁정산,servc,23
R26BK01492028_000,임도 다년차 시범사업지 타당성평가 및 기본구상 용역,servc,28
R26BK01492047_000,2026년 공연영상화사업 고도화,servc,17
R26BK01492082_000,건축유산 상시모니터링 유지관리 및 안정화,servc,22
R26BK01492097_000,2026년도 지하수 오염우려지역 조사 및 평가,servc,25
R26BK01492102_000,2026년 통신서비스 품질측정 환경구축 및 커버리지 점검지원,servc,33
R26BK01492144_000,등록화학물질의 노출실태조사(2026),servc,20
R26BK01492156_000,위해성평가 수행을 위한 국내 노출계수 최신화(2026),servc,30
R26BK01492214_000,무궁화16호 정기적 수리(선체·기관) 용역,servc,23
R26BK01492219_000,2026년 세계유산 관련 국제세미나(가제) 개최,servc,26
R26BK01492226_000,2026 인천광역시 제61회 전국기능경기대회 열린경기장 구축 시설용역,servc,38
R26BK01492320_000,SW 3자단가(Tarzan DB v1 (유지관리) (주)엔텔스),servc,35
R26BK01492325_000,SW 3자단가(Tarzan DB v1 (커스터마이징) (주)엔텔스),servc,37
R26BK01492344_000,26-F-00부대 활주로 진입등 개선 전기공사 감리용역(D003),servc,36
R26BK01492373_000,경영정보시스템 UI/UX 개편 및 신규 기능 구축,servc,27
R26BK01492383_000,"[연구,135] 국내 발생 호흡기바이러스 단백질 구조 정보 생산",servc,35
R26BK01492449_000,2026년 통계데이터센터 민간데이터 구매,servc,22
R26BK01492458_000,스마트마을방송시스템 구축,servc,13
R26BK01492472_000,2026 페스티벌 시월 통합 홍보마케팅 용역사 선정 중앙조달 의뢰,servc,36
R26BK01492571_000,국도37호선 파주 답곡천교A2+1.023~답곡천교A2+4.946 등 2개소 포장도 보수공사 건설폐기물처리용역,servc,60
R26BK01492582_000,2026년 사회서비스 바우처 시스템 기능개선,servc,24
R26BK01492623_000,국도6호선 양평 국수교A2+0.720~국수교A2+1.020 등 7개소 포장도 보수공사 건설폐기물처리용역,servc,57
R26BK01492627_000,26-D-00부대 노후 승강기 교체 등 8건 설계용역(B007),servc,35
R26BK01492729_000,대학 정보보호 및 개인정보보호 관리체계(ISMS-P) 컨설팅,servc,33
R26BK01492751_000,"원통웰컴센터 조성사업 감독권한대행 등 건설사업관리용역(전체분, 1차분)",servc,39
R26BK01492887_000,밀양시 토지적성평가 및 재해취약성분석용역(협상에의한계약),servc,31
R26BK01492906_000,2026 세계의회도서관총회 행사 대행 용역,servc,23
R26BK01492927_000,2026년도 가축매몰지 등 주변 환경조사 및 평가,servc,27
R26BK01493101_000,지역 거점 미술관 건립 타당성 연구 및 중장기계획 수립 용역,servc,33
R26BK01493139_000,2026 지역대표 예술단체 지원사업 비평 및 교육 운영,servc,30
R26BK01493217_000,2026 유성 독서대전 행사대행 용역,servc,20
R26BK01493228_000,인천효성남초 다목적강당 및 급식소 증축공사 감독권한대행 건설사업관리용역,servc,39
R26BK01493380_000,가덕도 공항복합도시 투자유치 활성화 방안 수립 및 사업성 분석 용역,servc,37
R26BK01493409_000,식품안전담보사업 연계 스마트안전관리 구축지원 사업,servc,27
R26BK01493446_000,2026/27 하이원리조트 상설 콘텐츠 위탁운영 용역,servc,29
R26BK01493466_000,국토이용정보 통합플랫폼(KLIP) 운영 용역,servc,24
R26BK01493615_000,2026년 지방자치단체 조직 분석 및 진단 연구용역,servc,28
R26BK01493630_000,살생물제의 현장 적용성 및 저항성 연구(Ⅲ),servc,24
R26BK01493839_000,2026년 강원권역 사회적기업 창업·경영지원 전문기관 운영 용역,servc,35
R26BK01493851_000,AI-데이터 중심의 경기교육 디지털플랫폼 운영 및 유지관리,servc,32
R26BK01493927_000,2026년 제1차 정보자원 통합구축 HW3,servc,23
R26BK01493981_000,2026년 정부세종청사 기계설비 성능점검 용역,servc,25
R26BK01494074_000,서해청 소속 VTS 노후 레이더 개량 실시설계 용역(여수연안VTS 3개소),servc,41
R26BK01494162_000,"안산신길2 A-1,3BL 아파트 건설공사 시공단계 감독권한대행 등 건설사업관리용역",servc,45
R26BK01494210_000,2026년 한국인터넷진흥원 직원 역량강화 교육 운영,servc,28
R26BK01494310_000,2026년 휴양시설 운영,servc,13
R26BK01494409_000,2026년 기상관측선 선박(선체) 보험 가입,servc,24
R26BK01494547_000,2026년 경북 국제 AI·메타버스 영상제 GAMFF 상영회 운영,servc,36
R26BK01494564_000,"2026년 기후변화 대응 실증시험포(진안, 김제) 조성·운영 용역",servc,36
R26BK01494580_000,국가배터리순환클러스터 사용후배터리 전문 교육 과정 개발 용역,servc,33
R26BK01494912_000,병원 기반 의료기기 기술고도화 연구 협력 체계 구축(부처 고유임무에 따른 프로그램형 신규사업) 기획 연구,servc,58
R26BK01495059_000,과의존 청소년 대상 디지털 디톡스 기획 및 운영,servc,26
R26BK01495077_000,생활환경 주변 미세플라스틱 연구(I) - 시험방법 마련을 중심으로,servc,36
R26BK01495089_000,화학물질 관리를 위한 사회경제성분석 표준화 연구(V),servc,29
R26BK01495157_000,대기오염물질의 연직 분포 특성 파악 연구(III),servc,27
R26BK01495160_000,AI기반 공간정보 데이터 검증 플랫폼 구축사업,servc,25
R26BK01495167_000,2026년 학부모On누리 플랫폼 운영 및 유지관리,servc,27
R26BK01495179_000,2026년 국가통합바이오빅데이터 활용 활성화를 위한 데이터 개방 사전 학술행사 등 용역,servc,48
R26BK01495188_000,사회복지시설 종사자 보수수준 및 근로여건 등 실태조사,servc,29
R26BK01495211_000,비점오염저감시설 사후관리 강화를 위한 관리제도 개선(안) 마련 연구,servc,37
R26BK01495279_000,2026-28년 이종욱펠로우십 프로그램 초청연수 운영·관리 대행 용역,servc,38
R26BK01495290_000,2026년 과정평가형 국가기술자격  온라인 홍보용역,servc,28
R26BK01495311_000,2026년도 STEP 학습 로드맵(SLR) 및  신규 과목 도출 연구,servc,38
R26BK01495352_000,2026년 배움누리터 CDN 서비스 임차 사업(2차),servc,29
R26BK01495355_000,글로벌 제조혁신 대응 중소제조 특화 AI 자율제조 기술 연구,servc,33
R26BK01495548_000,입찰자격 사실조사 자본금심사 용역 계약 요청,servc,24
R26BK01495556_000,탄소제로 화학공정 혁신센터 구축공사 건설사업관리 용역,servc,29
R26BK01495580_000,2026년 기상기후데이터허브 개선(SW 개발),servc,25
R26BK01495669_000,장평초등학교 미래학교 공간재구조화 본관동 개축 설계용역,servc,30
R26BK01495674_000,경기도교육청 중장기 정보화 전략 계획 수립 용역,servc,26
R26BK01495692_000,2026년도 인천광역시교육청교육연수원 원격연수 디지털콘텐츠 개발용역,servc,37
R26BK01495694_000,(26F091-I)경계부대집중정신전력교육용역,servc,24
R26BK01495708_000,화진포 관광지 경관 명소화 사업 실시설계 용역,servc,25
R26BK01495746_000,건강 취약성 항목 개선을 위한 기후변화유발물질 전망 분석연구(2026),servc,39
R26BK01495748_000,(26G103-I)한미연합정책포럼행사용역,servc,22
R26BK01495873_000,미세먼지-건강영향평가를 위한 모델링 기반 노출특성 평가(2026),servc,36
R26BK01495922_000,26년~28년 상용정보통신장비 통합 유지보수 용역,servc,27
R26BK01496290_000,시험분야 데이터 분석을 위한 AI 적용 방안 개념연구,servc,29
R26BK01496344_000,완충저류시설 설치 확대를 위한 제도 이행 방안 마련,servc,28
R26BK01496354_000,2026년 에너지절약계획서 통합 콜센터 위탁운영,servc,26
R26BK01496418_000,정보보호 대학 동아리 지원 프로그램 운영,servc,22
R26BK01496443_000,2026년도 의안비용추계시스템 DB 구축 사업,servc,25
R26BK01496450_000,(가칭)고덕3초 외 1교(고덕6고) 신축공사 통합건설사업관리용역,servc,35
R26BK01496465_000,2026년 거리로 나온 예술 운영용역업체 선정,servc,25
R26BK01496533_000,우간다 보건의료 개발협력사업 종료평가,servc,20
R26BK01496552_000,2026년 건물부문 배출권거래제 외부사업 운영지원,servc,27
R26BK01496559_000,기업인력애로센터 일자리매칭플랫폼 운영·유지보수 용역,servc,28
R26BK01496591_000,유망 신기술 기업 발굴 및 수출기업화 지원사업,servc,25
R26BK01496634_000,평택해양경찰서 종합상황실 고도화 사업,servc,20
R26BK01496702_000,2026 예술 일자리 박람회 운영 대행,servc,21
R26BK01496772_000,수도권 남부권·동부권 광역교통체계 연구,servc,21
R26BK01496806_000,2026년 건물부문 배출권거래제 외부사업 발굴 및 활성화,servc,31
R26BK01496839_000,CN-235 엔진ㆍ프로펠러 정비 제작사 교육,servc,24
R26BK01496877_000,2026년도 국회 의정활동기록물 기록화 사업,servc,24
R26BK01496933_000,2026년 TIPA 역량강화 교육 운영,servc,21
R26BK01496974_000,2026년 용어 총괄 관리 시스템 개선 및 운영,servc,26
R26BK01497012_000,2026 부산국제마케팅광고제 행사 운영 용역,servc,24
R26BK01497015_000,2026년 인사관리시스템 고도화 사업,servc,20
R26BK01497024_000,2026년 권역별 선도서점 컨설팅 용역,servc,21
R26BK01497036_000,2026년 단체상해보험,servc,12
R26BK01497332_000,"(가칭)에코3유치원 교사신축 전기, 정보통신, 소방공사 설계용역",servc,35
R26BK01497339_000,국립창원대학교 2026년 정보시스템 통합유지보수 용역,servc,29
R26BK01497380_000,2026 세계신안보포럼 운영 및 홍보 대행,servc,23
R26BK01497429_000,2026-2027년 국가대표선수촌 관리용역(시설),servc,27
R26BK01497518_000,2026년 김해시 중요기록물 DB구축 사업 용역,servc,26
R26BK01497528_000,국립중앙도서관 지능형 검색 서비스 구축,servc,21
R26BK01497586_000,서천군 지하시설물 전산화(한산면 2차) 사업,servc,24
R26BK01497611_000,2026년 중앙행정기관 등의 공공언어 진단,servc,23
R26BK01497661_000,2026년 지역특화 스타상품 판로지원 용역,servc,23
R26BK01497674_000,김천 자동차 주행시험장 조성사업 건설폐기물 처리 용역,servc,29
R26BK01497705_000,리츠정보시스템 유지관리 및 투자보고서 기능 고도화,servc,27
R26BK01497784_000,경북형재난대응시스템(GDRS) 3차 고도화,servc,23
R26BK01497825_000,2026년 희망리턴패키지 집행점검 및 회계정산검증 용역,servc,30
R26BK01497969_000,미세먼지(PM2.5 등) 노출에 의한 중장기 건강영향평가(2026),servc,37
R26BK01497974_000,2026년 소상공인24 서비스 고도화 용역(1차),servc,27
R26BK01498042_000,K-헬스케어 통합 허브 구축 ISP,servc,19
R26BK01498146_000,2026 경상남도 국제관광 투자유치 설명회 용역,servc,26
R26BK01498169_000,2026년 기상청 네트워크(망 영역) 세분화 구축 사업,servc,30
R26BK01498196_000,온라인 웹서비스기반 통합결제시스템 구축,servc,21
R26BK01498199_000,건축물카드대장 DB구축 용역,servc,15
R26BK01498260_000,국민연금공단 본부 노후 통신장비 교체 및 통신망 고도화 사업,servc,33
R26BK01498262_000,2026년 항공안전감독시스템 기능개선 및 유지보수,servc,27
R26BK01498269_000,광주 AI 실증도시 실현 기획용역,servc,18
R26BK01498288_000,여순사건 관련 미국자료 수집 및 번역 연구용역,servc,25
R26BK01498310_000,2026년 SW융합실태조사용역,servc,16
R26BK01498317_000,국가배터리순환클러스터 입주기업 지원프로그램 위탁운영 용역,servc,31
R26BK01498319_000,SW 3자단가(AUD플랫폼 7 (커스터마이징) (주)비아이매트릭스),servc,37
R26BK01498366_000,26년 대학입학전형 종합지원시스템 추가개발 사업,servc,26
R26BK01498378_000,2026년 건물부문 목표관리 제도운영 지원,servc,23
R26BK01498388_000,2026년 수산과학조사선 5척 선박보험,servc,21
R26BK01498407_000,2026년 기상관측종합관리시스템 기능 개선사업 제안요청서,servc,31
R26BK01498480_000,2026년 영암군 국토이용정보통합플랫폼(KLIP) 운영사업 용역,servc,35
R26BK01498505_000,2026년 건물부문 목표관리업체 제도이행 지원,servc,25
R26BK01498533_000,26년 부동산거래관리시스템 기능고도화,servc,20
R26BK01498580_000,2026년 보증이용기업 금융실태 및 신용보증 지원 효과 조사 용역,servc,36
R26BK01498600_000,[중개] 재활로봇중개연구사업의 종합적 성과 관리 및 분석,servc,31
R26BK01498656_000,2026년 근로자 지원 프로그램(EAP) 운영,servc,25
R26BK01498761_000,2026년 교육관리통합시스템 고도화 사업,servc,22
R26BK01498838_000,2026년 대체자료 제작사업(5식) 감리,servc,22
R26BK01498867_000,지역특화 프로젝트 성과조사분석 및 향후 정책과제 연구,servc,29
R26BK01498963_000,실내라돈 고농도 건물 저감관리 사업,servc,19
R26BK01499019_000,2026 갑천썸머뮤직페스티벌(가칭) 행사 대행용역,servc,27
R26BK01499043_000,과기정통부 데이터 품질관리 및 이용활성화 컨설팅 사업,servc,29
R26BK01499118_000,김천1일반산업단지(4단계)용수공급시설 설치사업 건설폐기물 처리 용역,servc,37
R26BK01499248_000,2026년 해양수산업 통계조사,servc,16
R26BK01499290_000,2026년 지역 AX 브릿지@KOREA 운영 용역,servc,27
R26BK01499361_000,과학기술정보 통합 구축 시스템 개발,servc,19
R26BK01499372_000,26년 경제·금융분야 국내 석사과정 위탁교육(장기-신규),servc,31
R26BK01499380_000,2026년 전수교육관 활성화 모니터링 및 실태조사 용역 계약요청,servc,35
R26BK01499634_000,조마 대평 농어촌마을하수도 설치사업 폐기물 처리 용역(총괄 및 1차분),servc,39
R26BK01499660_000,옛전남도청 복원콘텐츠 통합DB관리시스템 유지관리(홈페이지 포함) 용역,servc,38
R26BK01499749_000,2026년 맞춤형 마케팅 지원단 운영 용역,servc,23
R26BK01499812_000,법원사자료통합관리시스템 구축 사업,servc,18
R26BK01499855_000,26~27-N-종합전술훈련체계(ASTT) 유지보수,servc,27
R26BK01499959_000,제품안전관리 통합정보시스템 구축,servc,17
R26BK01499994_000,2026년 SW산업실태조사 용역,servc,17
R26BK01500008_000,(부산분원) 국가기록원 부산분원 노후 항온항습 설비 교체 실시설계 용역,servc,39
R26BK01500141_000,2026년 소상공인 금융 동향 분석,servc,19
R26BK01500257_000,‘국제 교육·문화 교류 포럼’ 기획 및 운영,servc,24
R26BK01500548_000,영세사업장 자율점검,servc,10
R26BK01501009_000,사회적약자 보호 종합플랫폼시스템 구축 사업,servc,23
R26BK01501010_000,2026년 공무용 차량 보험 통합가입 요청,servc,23
R26BK01501017_000,WMO 수문·수자원 연구(5단계),servc,18
R26BK01501019_000,2026년 하반기 국외 파견 한국어 교원 선발 대행 용역,servc,31
R26BK01501023_000,국립장애인도서관 정보시스템 서비스 고도화,servc,22
R26BK01501040_000,2026년 합법목재 교역촉진제도 수입신고 통계 분석,servc,28
R26BK01501041_000,재외공관 통합업무관리시스템 개선(웹표준 및 개방형 확산 3차),servc,34
R26BK01501042_000,2026년 국립대학육성사업 AI 기반 학생경력개발관리 통합플랫폼 구축 용역,servc,41
R26BK01501045_000,보건의료 ODA 사업의 디지털·AI 기술 적용 기준 및 활용 전략 연구 용역,servc,42
R26BK01501046_000,산림습원의 생물 · 비생물현황 모니터링 및 기능평가(2026),servc,34
R26BK01501047_000,2026년 영상콘텐츠 소스데이터 아카이브 구축 사업,servc,28
R26BK01501052_000,스마트빌리지 사업 성과분석 및 서비스 모델 연구,servc,26
R26BK01501064_000,2026년 법정통역센터 통역인 위탁고용에 관한 용역,servc,28
R26BK01501068_000,서특단 종합상황실 노후개선 고도화사업,servc,20
R26BK01501074_000,(공공요금)2026년 농림축산검역본부 공용차량 자동차보험 가입,servc,34
R26BK01501075_000,2026 G-Lab 기반 지역문제해결을 위한 RIS-ING 동아리 운영 및 의제 실행 지원,servc,50
R26BK01501190_000,2026 국립농업박물관 하반기 기획전 연출 및 설치 용역,servc,31
R26BK01501200_000,2026년 발암성정보DB 고도화,servc,17
R26BK01501210_000,부산오페라하우스 야외오페라 행사 용역,servc,20
R26BK01501224_000,충청북도 자연환경보전실천계획 및 생물다양성 전략 수립 용역,servc,32
R26BK01501228_000,2026 부산관광 디지털마케팅 중앙조달 의뢰,servc,24
R26BK01501234_000,제10회 부산글로벌웹툰페스티벌 운영 용역,servc,22
R26BK01501277_000,국립공원 재해문자전광판 유지관리 용역(장기),servc,24
R26BK01501290_000,2026 K-ICT WEEK in BUSAN  운영 용역,servc,31
R26BK01501328_000,2026 월드 크리에이터 페스티벌 운영,servc,21
R26BK01501402_000,2026년 공공데이터 이용 활성화 기업지원 및 민관협력 운영,servc,33
R26BK01501446_000,해외 기술규제 현지대응 지원 강화,servc,18
R26BK01501448_000,외국인 계절근로 통합관리플랫폼 구축 사업(2차년도),servc,28
R26BK01501469_000,관광도로 제도 및 운영 개선 방안 연구,servc,21
R26BK01501525_000,2026년도 IITP 내부직원 역량향상 교육진행,servc,26
R26BK01501563_000,KTV 네트워크제작시스템(NPS) 인프라 장비 구매 설치,servc,31
R26BK01501604_000,2026년 효율향상 투자사업 실적검증 및 절감량 산정 방법론 고도화,servc,37
R26BK01501681_000,2026년 소방청 주관 스트레스 회복력 강화 프로그램,servc,29
R26BK01501782_000,2026년도 가상훈련 콘텐츠 개발(전기전자 외 기타 분야),servc,32
R26BK01501827_000,2026 유성 여름 문화페스타 행사대행 용역,servc,24
R26BK01501831_000,2026년 NCS 누리집 고도화 사업,servc,20
R26BK01501841_000,2026년도 가상훈련 콘텐츠 개발(환경 분야),servc,25
R26BK01502036_000,산업통상부 비R&D사업 장비 도입 타당성 검토,servc,25
R26BK01502063_000,2026 자원순환 실천 플랫폼 콘텐츠 제작 및 홍보,servc,28
R26BK01502085_000,자연재해 석면건축물 관리체계 및 석면건축물 안전관리인 관리범위 기준연구,servc,39
R26BK01502132_000,2026년 특별교통안전교육 영상물 제작,servc,21
R26BK01502181_000,에너지사용계획협의 등 전자민원서비스 기능 개발,servc,25
R26BK01502189_000,비축물자 부대작업 용역계약 요청,servc,17
R26BK01502220_000,AI 기반 과기정통부 특화 행정서비스(AI-NEXT) 구축 감리,servc,35
R26BK01502281_000,2026. 농어촌 우리동네 예술학교 지원 사업 전문기관 위탁 용역,servc,36
R26BK01502303_000,2026 대전 서구 아트페스티벌 행사 대행용역,servc,25
R26BK01502361_000,"한전 대구경북건설지사 토건부 EV6 1대 임차계약(롱레인지 어스, 36개월) (No.1)",servc,49
R26BK01502408_000,보령시 생활폐기물 매립시설 증설공사 건설사업관리용역,servc,28
R26BK01502411_000,"한전 대구경북건설지사 토건부 EV6 1대 임차계약(롱레인지 어스, 36개월)(No.2)",servc,48
R26BK01502454_000,온나라2.0 설치 및 자료이관,servc,16
R26BK01502642_000,인제읍 덕산지구 군계획도로 개설공사 외 2개소 통합건설사업관리용역,servc,36
R26BK01502729_000,식품안전 디지털 유통망 구축(3차),servc,19
R26BK01503015_000,로봇산업 규제혁신 과제 발굴을 위한 2026 민관협의체 운영 용역,servc,36
R26BK01503029_000,경기도청소년수련원 붕괴사면 보수·보강공사 건설사업관리용역(감독권한대행 제외),servc,42
R26BK01503296_000,(글로컬_IR센터) KNU통합성과관리시스템 구축 사업,servc,29
R26BK01503479_000,홍보물품 기획 및 제작(가죽소재),servc,18
R26BK01503612_000,기술원 성과관리시스템 재구축 사업 용역,servc,21
R26BK01503620_000,산업부문 열에너지 관리 체계 제도화 연구,servc,22
R26BK01503622_000,2026년 국립목포대학교 담양캠퍼스 정보시스템 통합 유지관리사업 용역,servc,38
R26BK01503659_000,도시부문 열에너지 관리 체계 제도화 연구,servc,22
R26BK01503675_000,공간정보 기반 AI 재난 분석 및 통합 모니터링 체계 구축,servc,32
R26BK01503743_000,랜섬웨어 암호기능 상세 분석,servc,15
R26BK01503774_000,시흥거모 A-6BL 아파트 건설공사 시공단계 감독권한대행 등 건설사업관리용역,servc,42
R26BK01503813_000,강원직할 배전건설부 업무용 차량 임차계약(유찰 재공고),servc,30
R26BK01503911_000,교정본부 2040 조직 발전전략 수립 연구,servc,23
R26BK01504034_000,2026년 예산군 지하시설물 전산화사업 용역,servc,24
R26BK01504049_000,2026년 송수관로 정밀안전점검 용역,servc,20
R26BK01504053_000,메이크올 누리집 유지관리 용역,servc,16
R26BK01504092_000,아프리카 지역 보건의료 개발협력사업 종료평가,servc,24
R26BK01504346_000,2026년도 국가통합바이오빅데이터구축사업 디지털 홍보 채널 및 서포터즈 운영,servc,42
R26BK01504375_000,AI기반 스마트 도로점용허가 플랫폼 구축 사업,servc,25
R26BK01504412_000,AI 기반 암호모듈검증 시험평가 분석 모델 개발,servc,26
R26BK01504467_000,AI 기반 과기정통부 특화 행정서비스(AI-NEXT) 구축,servc,32
R26BK01504477_000,여순사건 타임라인 데이터 분석 및 정리 사업,servc,24
R26BK01504494_000,방산품 설계·유지보수 데이터 자산화 및 지능형 분석·설계 지원 기술 개발 용역,servc,43
R26BK01504535_000,"상용SW 제3자단가계약(주식회사 투라인클라우드, MSAP.ai v1.0(커스터마이징))",servc,48
R26BK01504682_000,2026년 중요 비전자기록물 DB 구축 사업,servc,24
R26BK01504756_000,(26G097-I)외국군졸업생홈커밍초청행사용역,servc,25
R26BK01504759_000,다출처영상융합체계 2차 유지보수(기능개선) 용역,servc,26
R26BK01504773_000,배터리 재생원료 생산 인증제도 현장 적용 검증을 위한 시범사업,servc,34
R26BK01504786_000,인천항 항만출입관리시스템 유지보수,servc,18
R26BK01504803_000,연구중심병원 통합관리시스템 고도화,servc,18
R26BK01504836_000,홍천군 서면 농어촌생활용수 개발사업(3단계) 건설폐기물(폐아스콘) 처리용역,servc,41
R26BK01504898_000,과학수사 기초자료 통합시스템 구축사업(3자년도),servc,26
R26BK01504904_000,(26F111-I)생도국토순례용역,servc,18
R26BK01504952_000,청주시 마을만들기 사업 지역역량강화 용역,servc,22
R26BK01504997_000,국립태안해양유물전시관 개방형 수장고 건립공사(폐기물처리),servc,31
R26BK01505008_000,2026년 정부24 운영 및 유지관리 감리용역,servc,25
R26BK01505050_000,사회서비스원 통합지원시스템 구축 4단계,servc,21
R26BK01505068_000,2026년 경찰청 도시교통정보센터 시스템 보강사업,servc,27
R26BK01505076_000,청주시 공간정보시스템 통합운영 유지보수,servc,21
R26BK01505171_000,2026년 환경정보 융합 공유포털 기능개선,servc,23
R26BK01505312_000,2026 하이원리조트 시즌 이벤트 위탁운영 용역,servc,26
R26BK01505313_000,2026년 충남대학교 연구활동종사자 보험 가입 용역,servc,28
R26BK01505352_000,2026년도 대학청년고용서비스 실무자 역량강화교육 운영,servc,30
R26BK01505366_000,금강홍수통제소 홈페이지 개선 사업,servc,18
R26BK01505367_000,2026년 무형유산 디지털체험관 전시영상 제작 용역,servc,28
R26BK01505372_000,2026 Youth Camp for ASEAN & Friends’ Engagement (YCAFE),servc,55
R26BK01505382_000,2026년 재난안전산업 실태조사 및 공공부문 제품·기술 수요조사,servc,35
R26BK01505554_000,전자장치 부착 잠정조치 법무부-경찰청 시스템 연계,servc,27
R26BK01505565_000,돼지 거래가격 조사기능 개선 사업,servc,18
R26BK01505587_000,에코3중학교 등 교사신축공사 감독권한대행 등 통합건설사업관리용역(계속비),servc,40
R26BK01505664_000,부산사하경찰서 신평파출소 신축 공사 폐기물처리용역,servc,27
R26BK01505673_000,(정보화용역)가축전염병 위험도 및 KAHIS 고도화 사업,servc,31
R26BK01505691_000,26년 경비함정 배상보험 가입,servc,16
R26BK01505877_000,"상용SW 제3자단가계약(쿠도커뮤니케이션(주), CUVIA-M v1.0(커스터마이징))",servc,47
R26BK01505890_000,ICT이노베이션스퀘어 교육 프로그램 성과관리 용역,servc,27
R26BK01505968_000,2040년 천안 공원녹지기본계획 수립용역,servc,22
R26BK01505969_000,"상용SW 제3자단가계약(쿠도커뮤니케이션(주), CUVIA-M v1.0(유지관리))",servc,45
R26BK01506057_000,대전 본원 배터리 교체 및 전산실 복구 공사 전기감리용역,servc,31
R26BK01506078_000,진해파출소 연안구조정(S-131정) 양현 주기관 총분해 수리,servc,33
R26BK01506095_000,정보시스템 차세대 인프라 구축,servc,16
R26BK01506243_000,2026년 사회적기업·사회적협동조합 공공구매 활성화 지원 용역,servc,34
R26BK01506352_000,2026년도 데이터 표준화 및 품질개선 컨설팅,servc,25
R26BK01506385_000,외국인 유학생 취업매칭플랫폼(K-Work) 운영·유지보수 용역,servc,34
R26BK01506428_000,2026년 가정폭력·학대 담당 전문화 위탁교육,servc,25
R26BK01506450_000,코리아그랜드세일 기획 및 운영,servc,16
R26BK01506521_000,지식재산정보 분석플랫폼 서비스 아키텍처 설계 및 연계구축 사업,servc,34
R26BK01506720_000,2026년 영동군 상하수관망도 활용한 지하시설물 DB 구축 용역,servc,35
R26BK01506837_000,2026년 월성 개방 행사 대행 용역,servc,20
R26BK01506871_000,2026년 포항시 빅데이터 분석 사업,servc,20
R26BK01506908_000,2026년 WFK IT봉사단 사무국 운영지원,servc,24
R26BK01506967_000,대항 향천(방하치) 상하수관로 정비사업 폐기물 처리 용역(총괄 및 1차분),servc,41
R26BK01506968_000,농‧축산계 비점오염 관리 마스터플랜 수립 연구(Ⅰ),servc,28
R26BK01507003_000,박물관 타당성 종합계획 연구 용역,servc,18
R26BK01507109_000,2026년 글로벌 출판전문인력 양성 교육 운영 용역,servc,28
R26BK01507135_000,AI기반 빅데이터 통계시스템 구축 및 체인포털 서비스 개선 사업,servc,35
R26BK01507158_000,동북아평화자료원(가칭) 정보시스템 구축 1차 사업 감리 및 개인정보영향평가 계약 의뢰,servc,47
R26BK01507208_000,국립서울현충원 미디어월 송출 영상 제작 용역,servc,24
R26BK01507210_000,그린스마트스쿨 여수서초 임대형 민자사업(BTL) 감독권한대행 등 건설사업관리용역,servc,44
R26BK01507213_000,지역 침해사고 피해기업 탐지 및 취약점 진단,servc,24
R26BK01507244_000,2026년도 한국고전종합DB구축사업,servc,19
R26BK01507246_000,(긴급)지능형 캠퍼스를 위한 차세대 네트워크망 설계용역,servc,30
R26BK01507289_000,"2026년 기업가형 소상공인 육성(교육,AI) 회계정산 용역",servc,33
R26BK01507314_000,통합Ezbaro 재해복구센터 고도화 사업,servc,22
R26BK01507326_000,AI기반 문화생활지원 통합서비스 플랫폼 구축사업 감리용역,servc,31
R26BK01507357_000,[일반용역](중앙/협상) 인수공통감염 세균성 병원체 전장 유전체 분석,servc,38
R26BK01507426_000,미래 기술혁신 대응을 위한 ICT R&D 기획분야 탐색 연구,servc,33
R26BK01507430_000,공공데이터 제공 및 데이터기반행정 컨설팅 용역,servc,25
R26BK01507493_000,AI 기반의 X-ray 고도화 및 HPAI 의심축 부검이미지 판독 시스템 구축 사업,servc,46
R26BK01507632_000,2026년 새만금 그린인프라 유지관리 용역,servc,23
R26BK01507656_000,4.19생태호수 조성 기본 및 실시설계 용역,servc,24
R26BK01507732_000,2026년 국민 공공외교 포럼,servc,16
R26BK01508038_000,2026~2027년 교통단속장비 검사 위험지점 차단팀(사인카) 배치 용역,servc,40
R26BK01508053_000,2026년 소상공인 경영데이터 분석,servc,19
R26BK01508128_000,2026 공직박람회 행사대행,servc,15
R26BK01508177_000,공인재난관리사 자격제도 시행기반 구축 용역,servc,23
R26BK01508286_000,국립창원대학교-정부출연연구소 협력 기반 DNA+ 특성화 교육-연구 프로그램 운영,servc,44
R26BK01508536_000,2026 한글주간 행사 대행,servc,15
R26BK01508568_000,2026년 에너지효율시장 조성사업 운영지원,servc,23
R26BK01508613_000,실시간 도로 위험정보 관리시스템 구축,servc,20
R26BK01508673_000,2026년 인공지능(AI)산업실태조사 용역,servc,23
R26BK01508700_000,2026년 MG 도농상생 아동 영양 지원사업 운영 용역,servc,30
R26BK01508736_000,독립유공자 바로 봄 캠페인 기획 및  운영 용역,servc,26
R26BK01508750_000,2026년 중복장애 아동·청소년 도서관자료 제작사업,servc,28
R26BK01508804_000,2026 영유아 사교육 인식 개선을 위한 대국민 캠페인(학부모 토크 콘서트 기획 및 추진),servc,50
R26BK01508837_000,기반암 방사성핵종 특성 분석 용역,servc,18
R26BK01508938_000,국방기술진흥연구소 AI전환 정보화전략계획(ISP) 수립,servc,30
R26BK01508966_000,긴급차량 우선신호 서비스 고도화 감리용역,servc,22
R26BK01509012_000,26-F-위성 수명연장용 다목적 위성체계 구축방안 연구,servc,30
R26BK01509155_000,스톡홀름협약 대응 잠재적 후보물질의 환경 중 거동 특성 연구(Ⅲ),servc,36
R26BK01509204_000,복합 재해에 따른 기후 리스크 평가 연구(2026),servc,28
R26BK01509266_000,2026년 연안부이(2m) 유지보수·관리용역,servc,24
R26BK01509315_000,부산서중학교 교사개축 전기공사 감리용역(긴급)(계속비),servc,30
R26BK01509318_000,댐-보 연계운영에 따른 생태계 정밀 모니터링 연구,servc,27
R26BK01509493_000,2026년 국립항공박물관 상설전시실 2층 전시 환경 조성,servc,31
R26BK01509538_000,2026년 국립항공박물관 상설전시실 2층 전시 영상 제작 및 설치,servc,36
R26BK01509540_000,중장기 AI 전환 전략 수립 연구용역,servc,20
R26BK01509680_000,정책세미나 실시간 전달시스템 및 정책영상플랫폼 위탁운영·유지관리 3개년 사업,servc,42
R26BK01509816_000,대기질 장기예측모델의 고도화 및 장기예보 연구(Ⅳ),servc,28
R26BK01509818_000,2026년 기능시험 위성정보기반 전자채점시스템 확대 설치,servc,31
R26BK01509835_000,세종도서 온라인시스템 고도화 용역,servc,18
R26BK01509848_000,미세먼지-건강영향조사를 위한 환경보건 취약지역 모니터링(2026),servc,36
R26BK01510051_000,2026년도 충청남도교육청기록원 정보화전략계획(ISP)수립 용역 중앙조달계약 의뢰,servc,45
R26BK01510053_000,26년 비강 내 조류독소 조사·분석,servc,19
R26BK01510166_000,상인 조직 고도화 및 모니터링 사업 운영,servc,22
R26BK01510205_000,재판소원 관련 정보시스템 개편 사업,servc,19
R26BK01510276_000,국립대학자원관리시스템(KORUS) 통합 유지관리 사업,servc,29
R26BK01510296_000,2026년 충남도립대학교 차세대종합정보시스템 유지보수 용역,servc,32
R26BK01510399_000,사이버범죄예방 VR 교육 콘텐츠 제작,servc,20
R26BK01510531_000,2026 정보접근성 실태조사,servc,15
R26BK01510547_000,유해성미확인물질 현장 안전관리 실태조사,servc,21
R26BK01510646_000,창원시 도시기후변화 재해취약성분석 용역,servc,21
R26BK01510681_000,(가칭) 명지6유치원 교사신축 전기공사 설계용역(계속비),servc,31
R26BK01510773_000,2026 K-GEO Festa 행사 대행,servc,22
R26BK01510791_000,도정 현안 정책지원 빅데이터 분석,servc,18
R26BK01510802_000,5단계 부산 스쿨넷서비스 제공 사업,servc,19
R26BK01510812_000,희망리턴패키지 사업관리시스템 기능고도화(2차),servc,25
R26BK01510883_000,목포시 토지적성평가 및 재해취약성분석 용역,servc,23
R26BK01510972_000,2026년도 피해구제시스템 통합 유지관리,servc,22
R26BK01511039_000,2026 체육인 인권침해·비리 통합 실태조사 운영,servc,27
R26BK01511049_000,2026년 부산광역시 제43회 전국장애인기능경기대회 및 제11회 국제장애인기능올릭핌대회 국가대표선수 선발전 행사대행 용역,servc,67
R26BK01511091_000,공영홈쇼핑 캠페인 솔루션 구축,servc,16
R26BK01511252_000,AI 데이터 통합 품질검증,servc,14
R26BK01511276_000,2026 세계 바이오 서밋 행사 대행,servc,20
R26BK01511404_000,2026년 대전 본원 스토리지 DR 통합구축 사업,servc,27
R26BK01511407_000,2026년 가상융합산업 법‧제도 운영 지원 용역,servc,26
R26BK01511423_000,스마트도시 특화단지 관제 플랫폼 구축 용역,servc,23
R26BK01511478_000,살생물제 효과효능 시험방법 적용성 확인 및 제품 분석,servc,29
R26BK01511622_000,그린스마트스쿨  목포동초 외 1교(목상고) 임대형 민자사업(BTL) 감독권한대행 등 건설사업관리용역,servc,55
R26BK01511648_000,농식품 분야 AI 응용제품 신속상용화 지원사업 운영지원,servc,30
R26BK01511689_000,2026년 국립박물관 소장품 고화질 사진촬영 및 스캔,servc,29
R26BK01511690_000,2026년 제1차 정보자원 통합구축 HW2,servc,23
R26BK01511810_000,양평군 대표 누리집(홈페이지) 고도화 사업,servc,23
R26BK01511852_000,2026년 IP금융관리시스템 편의기능 개발,servc,23
R26BK01511992_000,26년 국방정보화표준 현행화 용역,servc,18
R26BK01512007_000,산림빅데이터거래소 등 시스템 이관 및 유지관리,servc,25
R26BK01512093_000,배터리 안전성 평가 수행 환경 조성을 위한 운용 시스템 구축,servc,33
R26BK01512136_000,건설근로자공제회 메인 전산센터 이전,servc,19
R26BK01512251_000,한국국제보건의료재단 창립 20주년 기념식 및 포럼 행사 대행 용역,servc,36
R26BK01512522_000,차세대 상하수도 요금관리시스템 구축 정보화전략계획(ISP) 수립 용역,servc,38
R26BK01512526_000,"국도59호선 정선 남 유평1,3구간 위험도로 개선공사 건설폐기물처리용역",servc,39
R26BK01512538_000,명예의전당/영상박물관 통합운영 기본계획 수립 연구용역,servc,29
R26BK01512546_000,지역어 종합 정보 시스템 기능 개발,servc,19
R26BK01512551_000,2026년 대한민국 사회서비스 박람회 운영 대행 용역,servc,29
R26BK01512559_000,2026 공연예술 시장 활성화 기반구축(K-뮤지컬) 사업 회계정산 컨설팅 운영,servc,43
R26BK01512566_000,IBS 예미랩 기계설비 유지보수 및 점검 용역,servc,25
R26BK01512572_000,2026년 노동감독관 가치내재화 및 현장역량강화 교육개발 사업 용역,servc,37
R26BK01512574_000,외국인종합안내센터(1345) 시스템 고도화사업,servc,25
R26BK01512618_000,「야탑3동 행정복지센터 신축 건립공사」감독 권한대행 등 건설사업관리 용역,servc,40
R26BK01512667_000,2026년도 경북 게임페스티벌 용역,servc,19
R26BK01512679_000,26년 사이버사기대응시스템 기능개선 및 보안강화,servc,26
R26BK01512680_000,지능형 네트워크(SDN) 구축 사업,servc,19
R26BK01512681_000,KUCH-1 헬기(FPA502) PM-2(500시간) 구간검사 등 위탁정비,servc,41
R26BK01512690_000,2026년 해도제작 인프라 개선(SW),servc,21
R26BK01512793_000,2026년 제1차 정보자원 통합구축 감리용역,servc,24
R26BK01512876_000,공공 마이데이터 모바일 서비스 구축 등 온크레딧 개편,servc,29
R26BK01512938_000,김천소년교도소 내진성능평가용역,servc,16
R26BK01512947_000,「2026년 진료정보교류시스템 기능개선 및 확산」 감리·개인정보영향평가,servc,39
R26BK01512970_000,(용역)굴참나무와 졸참나무 입목중량표 개발 현지조사 및 중량 측정,servc,36
R26BK01513095_000,(원산지)2026년 지리적표시품 온라인 플랫폼 판매지원 사업,servc,33
R26BK01513167_000,아산서 사무동 증축 및 천안아산 수사분소 신축공사 전기감리용역 계약,servc,37
R26BK01513268_000,긴급차량 우선신호시스템 고도화,servc,16
R26BK01513441_000,유사도 비교분석 감정도구 기능 개선,servc,19
R26BK01513468_000,2026년 정보보안컨설팅,servc,13
R26BK01513514_000,청풍초중 비탈면보수공사 감독권한대행 등 건설사업관리용역,servc,30
R26BK01513587_000,2026년 법정언행 컨설팅 실시 용역,servc,20
R26BK01513647_000,국립중앙박물관 지능형 큐레이션 플랫폼 유지관리 용역,servc,28
R26BK01513795_000,2026년 도로 이용자 만족도 조사,servc,19
R26BK01513810_000,AI 기반 구급상황관리 플랫폼 구축,servc,19
R26BK01513821_000,2026년 범정부 디지털 정책소통 효과 측정 및 분석,servc,29
R26BK01513864_000,`26년도 중소기업기술지킴센터 통합유지관리,servc,23
R26BK01513880_000,26-A-00부대 설계용역(A084),servc,20
R26BK01513927_000,KICS(마약사범 조회·추적) 시스템 고도화 사업 계약 의뢰,servc,33
R26BK01513931_000,사업장 사회보험료 지원 고시 개정에 따른 정보시스템 보완개발,servc,33
R26BK01514065_000,CMS2.0 구축을 위한 ISMP 수립 용역,servc,24
R26BK01514069_000,2026년 화학안전 홍보 및 소통 운영,servc,21
R26BK01514143_000,2026년 희망리턴패키지 사업정리컨설팅 사업 분석 연구용역,servc,32
R26BK01514155_000,2026 세종학당 우수학습자 초청 연수 운영 용역,servc,27
R26BK01514190_000,2026년 제1차 정보자원 통합구축 HW4,servc,23
R26BK01514203_000,바이오의약품인재양성부트캠프사업 몰입형 교육 위탁 용역,servc,29
R26BK01514238_000,2026년 제대군인 주간 대행용역,servc,18
R26BK01514302_000,비상대비정보시스템 노후장비 교체 및 기능개선 사업,servc,27
R26BK01514324_000,2026년 직업교육 글로벌 협력 및 성과확산을 위한 행사 용역,servc,34
R26BK01514343_000,2026년도 시민사회단체 해외정책연수,servc,20
R26BK01514365_000,국회부산도서관 전용회선 운영서비스 장기계약사업,servc,25
R26BK01514458_000,아르코예술기록원 통합 디지털아카이브 구축 용역,servc,25
R26BK01514475_000,2026년 한국마사회 국제경주 행사대행 용역,servc,24
R26BK01514476_000,2026년 공공갈등 숙의공론화 기구 운영 사업,servc,25
R26BK01514630_000,’26년~’27년 KICS 터치형모니터 유지관리 사업(장기신규),servc,35
R26BK01514662_000,"옥계,단전,가선 농어촌 마을하수도 설치사업 기본 및 실시설계용역",servc,35
R26BK01514691_000,영동군 노후하수관로 정비사업 기본 및 실시설계용역 집행의뢰,servc,32
R26BK01514926_000,2026년 음주폐해예방 홍보 운영,servc,18
R26BK01515014_000,2026년 사천시 국가정보통신서비스 사업자 선정,servc,26
R26BK01515102_000,2026년 합법목재 고객관리 통합서비스 운영 및 고도화,servc,30
R26BK01515224_000,2026년 지역상권 육성사업 정산 검증 및 회계·법률 자문 용역,servc,35
R26BK01515312_000,포천시 생활자원회수센터 현대화사업 감독권한대행 등 건설사업관리용역,servc,36
R26BK01515418_000,2026년 어린이 환경보건 출생코호트 시스템 기능개선,servc,29
R26BK01515537_000,2026년 임도 타당성평가 용역사업,servc,19
R26BK01515600_000,AI 감사시스템 구축,servc,11
R26BK01515873_000,제7차 전국폐기물통계조사 용역,servc,16
R26BK01515964_000,동해선(삼척~강릉) 고속화 사업 타당성평가 및 기본계획,servc,30
R26BK01515973_000,SW 3자단가(WISE iRAG V2 (유지관리) (주)와이즈넛),servc,36
R26BK01515974_000,SW 3자단가(Search Formula-1 V7 (유지관리) (주)와이즈넛),servc,43
R26BK01515982_000,차세대 올바로(Allbaro) 시스템 구축(3차),servc,27
R26BK01515988_000,감시정(부산313호 경남314호) 기관 총분해 수리(장비관리과-3637),servc,40
R26BK01516019_000,2026 해외 바이어 초청 수출상담회 운영 대행 용역,servc,29
R26BK01516040_000,2026년 신재생에너지 설비 설치확인 위탁,servc,23
R26BK01516112_000,국가DNS 운영 인프라 고도화(4차),servc,20
R26BK01516120_000,2026년 주택연금 수요실태조사,servc,17
R26BK01516146_000,건설기계 통합안전·사고관리시스템 구축,servc,20
R26BK01516210_000,2026년도 새울본부 출퇴근 및 셔틀버스 임차용역,servc,27
R26BK01516241_000,2026년 국립울진해양과학관 기획전시,servc,20
R26BK01516338_000,원예특작 디지털 바이오 융합 센터 구축 건축설계 공모 용역,servc,32
R26BK01516366_000,아동·청소년 생활안전 실태조사 2025,servc,21
R26BK01516419_000,동남 버그바운티 대회 운영,servc,14
R26BK01516492_000,2026년 제1차 정보자원 통합구축 HW1,servc,23
R26BK01516597_000,2026-28년 이종욱펠로우십 프로그램 보건정책과정 위탁운영,servc,33
R26BK01516666_000,(가칭)지북초등학교 신축 소방공사 설계용역,servc,23
R26BK01516912_000,해양수산바이오 데이터센터 통합인프라 유지보수,servc,24
R26BK01516936_000,2026년 1인 가구 실태조사,servc,16
R26BK01517078_000,"2026년 대한민국 과학, 수학, 정보 교사 컨퍼런스(가칭) 운영 용역",servc,39
R26BK01517082_000,수출 강소기업화 프로그램 컨설팅 용역,servc,20
R26BK01517120_000,2026년도 소방시설 안전관리 용역,servc,19
R26BK01517156_000,2026년 선박자동식별시스템(AIS) 기능개선,servc,25
R26BK01517176_000,제5차 성인문해능력조사,servc,12
R26BK01517290_000,2026년 한-뉴질랜드 FTA 수산협력사업 운영 및 안전관리,servc,33
R26BK01517394_000,2026년 제1차 정보자원 통합구축 HW5,servc,23
R26BK01517533_000,제2차 국가지식정보 기본계획(27년~29년) 및 실행계획 수립 지원,servc,37
R26BK01517571_000,26년 총포화약류 정밀 안전진단 위탁사업,servc,22
R26BK01517596_000,2026년 청소용역 입찰공고_자동차융합기술원,servc,24
R26BK01517683_000,밀 핵심집단 300계통 염기서열분석 및 변이정보 DB 구축,servc,32
R26BK01517722_000,2026년 고흥군 토지적성평가 및 재해취약성분석 용역,servc,29
R26BK01517723_000,2026년 새만금유역통합환경관리시스템 유지관리 용역,servc,28
R26BK01517752_000,"I, II 그룹 살생물제 제품유형별 인체 노출평가  방법론 개선 연구",servc,38
R26BK01517776_000,체인포털 정보 인프라 이중화 구축 용역,servc,21
R26BK01517810_000,2026년 축산물 온라인경매 플랫폼 통합운영 및 유지관리 사업,servc,34
R26BK01517812_000,2026년 인사관리시스템 고도화 사업 감리 용역,servc,26
R26BK01518197_000,2026년 이러닝 및 마이크로러닝 콘텐츠 개발,servc,25
R26BK01518212_000,2026년 휴·폐업 의료기관 진료기록보관시스템 기능개선,servc,30
R26BK01518307_000,2026 아시아무용커뮤니티 협력사업 운영 용역,servc,25
R26BK01518399_000,피레스로이드계 살생물제품의 인체독성 상승효과 및 검증,servc,29
R26BK01518458_000,외국인환자 유치 정보시스템 기능개선,servc,19
R26BK01518512_000,국립무형유산원 상설전시1(부분 개편) 전시연출 및 보조물 제작 설치 용역,servc,40
R26BK01518570_000,데이터허브 기능 개선 용역,servc,14
R26BK01518582_000,경북지역 중소기업 정보보호 서비스 및 전문교육 지원 용역,servc,31
R26BK01518597_000,"반도체 아카데미 구축사업 반도체 후공정(패키지,평가) 이론 및 실습 교육 용역",servc,43
R26BK01518633_000,제4358주년 개천절 경축식 행사 대행,servc,21
R26BK01518650_000,580돌 한글날 경축식 행사 대행,servc,18
R26BK01518688_000,2026 대한민국 거창 정원치유박람회 기획운영 대행용역,servc,30
R26BK01518703_000,동북아역사재단 역사자료 AI 데이터 가공 및 지능형 서비스 개발사업,servc,37
R26BK01518740_000,정보시스템 통합유지관리,servc,12
R26BK01518750_000,2026년 스마트시티 규제샌드박스 웹기반 법률컨설팅,servc,28
R26BK01518756_000,왕실문화유산 아카이브 구축을 위한 데이터 정비,servc,25
R26BK01518791_000,2026년 수산자원 통합 관리시스템 유지관리,servc,24
R26BK01518811_000,2026년 인구정책국민참여단 운영,servc,18
R26BK01518876_000,소상공인 에너지효율향상 지원사업 운영지원,servc,22
R26BK01518912_000,제32회 통계의 날 기념행사 용역 계약,servc,21
R26BK01518917_000,2026년 SW마이스터고 해외연수 운영,servc,21
R26BK01518965_000,제주영지학교 교실 증축공사 건설사업관리용역,servc,23
R26BK01518979_000,2026년도 방송통신중·고등학교 학예경연대회 운영 행사대행 용역,servc,35
R26BK01518994_000,2026년 지역 디지털 기초체력 지원 사업 성과조사 및 분석 용역,servc,36
R26BK01519029_000,제7차 비점오염원 배출량 조사 및 결과 분석,servc,24
R26BK01519037_000,제8차 여성과 함께하는 평화 국제회의,servc,20
R26BK01519053_000,중수도의 합리적인 설치·운영을 위한 제도 개선 마련 연구,servc,31
R26BK01519066_000,차량용 요소 비축창고 임차 및 보관관리용역,servc,23
R26BK01519079_000,김천1일반산업단지(4단계) 조성사업 건설폐기물 처리 용역(총괄 및 1차분),servc,41
R26BK01519104_000,국립민속박물관 북한민속 특별전 전시연출 설계.제작. 설치,servc,31
R26BK01519134_000,"(가칭)명지6유치원 교사신축 정보통신, 소방공사 설계용역(계속비)",servc,36
R26BK01519141_000,정보시스템 운영환경 고도화 용역 사업,servc,20
R26BK01519149_000,함정 MRO 통합 공급망 플랫폼 구축사업(장기계속),servc,28
R26BK01519174_000,2026년 일학습병행 보급형 실감형콘텐츠 개발 용역,servc,28
R26BK01519261_000,"법제교육시스템 보안, 기능 강화 사업",servc,20
R26BK01519265_000,26년 클라우드 네이티브 전환 사업(고향사랑e음),servc,27
R26BK01519392_000,26년 단가가이드라인 제작을 위한 MAS가격 사전관리물품 원가계산 및 지원용역,servc,43
R26BK01519410_000,임업분야 국제감축사업 이행 모니터링 체계 구축,servc,25
R26BK01519684_000,국방부 청사 사무실 등 이사,servc,15
R26BK01519752_000,2026년 문화여가생활 관측소 운영 및 이용확대 사업,servc,29
R26BK01519795_000,2026년 동해어업관리단 국가어업지도선(16척) 선박보험 가입,servc,34
R26BK01519860_000,공공SW AI 책임형 발주관리 플랫폼,servc,20
R26BK01519941_000,대기질모델개발시스템의 AI 인프라 구축(Ⅰ),servc,24
R26BK01519970_000,2026년도 인증노동감독관 전문과정 위탁 운영 용역,servc,28
R26BK01520053_000,도박중독 유병률 조사방식 개선 방안 연구용역,servc,24
R26BK01520058_000,대기질모델개발시스템의 AI 인프라 구축(Ⅱ),servc,24
R26BK01520082_000,현도일반산업단지 진입도로 건설공사 건설폐기물처리용역,servc,28
R26BK01520150_000,2026 경기온라인학교 자기주도학습 콘텐츠 개발 용역,servc,29
R26BK01520168_000,데이터센터 전문인력양성 교육운영 용역,servc,20
R26BK01520259_000,2026년 정보시스템 유지관리용역,servc,18
R26BK01520329_000,동북아역사재단 2026년 시도교육청 독도체험관 전시연출 및 제작·설치 용역,servc,41
R26BK01520362_000,AI·IoT 멀티모달 제주 도로안전 통합관리 체계 구축,servc,30
R26BK01520386_000,(가칭)에코1초등학교 등 2교[(가칭)에코1유치원] 교사신축공사 감독권한대행 등 통합건설사업관리용역(계속비),servc,60
R26BK01520404_000,한국전력공사 부평전력지사 안전업무용 차량 임차용역,servc,27
R26BK01520448_000,정보시스템 통합유지관리사업,servc,14
R26BK01520495_000,2026년 KLID 정보시스템 보안취약점 진단,servc,25
R26BK01520671_000,26~28 재외동포 사이버 안전센터 위탁운영,servc,24
R26BK01520723_000,인체적용제품의 노출계수 DB 활용 연구,servc,21
R26BK01520892_000,AI·빅데이터 분석기반 보훈심사 지원시스템 구축,servc,26
R26BK01520936_000,260514_업무용차량 임차(EV6)_대구본부 송전운영부,servc,31
R26BK01520946_000,2026 뮤지컬 창작진 글로벌 아카데미 기획 및 운영,servc,29
R26BK01520959_000,인공지능(AI) 기반 교육환경 구축 사업,servc,22
R26BK01521021_000,마약류 의료쇼핑방지정보망 확대 인프라 증설 사업,servc,26
R26BK01521102_000,2026년 국가어업지도선(12척) 선체보험 가입,servc,26
R26BK01521204_000,소상공인 생태적가치(경제·사회·문화) 평가 및 측정 고도화 연구,servc,35
R26BK01521277_000,2026년 의약품 수급분석 시스템 운영,servc,21
R26BK01521290_000,26년 핵더챌린지 분석플랫폼 운영기능 고도화,servc,24
R26BK01521341_000,IRIS 연계 고도화 및  R&D 통계 시스템 구축 사업,servc,31
R26BK01521486_000,양천서 목1지구대 신축 건설사업관리용역,servc,21
R26BK01521567_000,2026년 정원분야 실습·보육공간 조성사업 운영(세종·양평권역),servc,35
R26BK01521579_000,2026년 공유재산 실태조사 사업(호남권역),servc,24
R26BK01521586_000,사회복지시설 및 문화체육시설 석면조사,servc,20
R26BK01521587_000,2026년 국립목포대학교 정보시스템 통합 유지관리사업 용역,servc,32
R26BK01521616_000,2026년 햇빛소득마을 선정평가 운영·관리 용역계약,servc,28
R26BK01521620_000,2026년 세계 기업가정신 주간 한국행사(GEW KOREA 2026) 운영 용역,servc,44
R26BK01521625_000,2026년 부여군 지하시설물 전산화 사업 용역,servc,25
R26BK01521666_000,2026년 휴·폐업 의료기관 비전자 진료기록 이관 사업,servc,30
R26BK01521679_000,탄소중립 설비투자 프로젝트 경매사업 활성화 및 운영 고도화,servc,32
R26BK01521684_000,한-SIDS 세계유산 보존 협력 대화(가제)(제48차 세계유산위원회 부대행사),servc,43
R26BK01521690_000,예술의전당 모바일 앱 및 관리시스템 유지보수 용역,servc,27
R26BK01521722_000,울산온산산단 디지털트윈 기반 관제플랫폼 확장구축(3차),servc,30
R26BK01521744_000,과학기술 연구 자동화 지원을 위한 AI 에이전트 툴킷 시범 제작,servc,35
R26BK01521779_000,서대문경찰서 청사 신축공사 안전점검 수행기관 지정 공고,servc,30
R26BK01521803_000,2026년 탄소중립 설비투자 프로젝트 경매사업 수행지원,servc,30
R26BK01522019_000,2026년도 한국기업혁신조사(제조업 부문)를 위한 조사용역,servc,32
R26BK01522037_000,3GPP RAN 산하 작업반 국제회의 운영대행 용역,servc,28
R26BK01522178_000,2026년 원격교육 콘텐츠 개발 용역,servc,20
R26BK01522179_000,(가칭)고덕8초 신축 전기공사 설계용역,servc,21
R26BK01522253_000,2026년 정원분야 실습·보육공간 조성사업 운영(제주권역),servc,32
R26BK01522293_000,범죄통계원표 입력작업체계 개선 사업,servc,19
R26BK01522313_000,신라왕경 디지털 재현사업 감리,servc,16
R26BK01522340_000,보증드림 시스템 고도화 용역,servc,15
R26BK01522396_000,공주교육대학교 도서관 증축공사 설계용역(제안공모),servc,27
R26BK01522410_000,버스 공공와이파이 서비스 제공 및 이용지원 사업,servc,26
R26BK01522535_000,2026년 사무이양정보시스템 3차 구축,servc,21
R26BK01522586_000,2026년 영업관리시스템 및 웹사이트 운영·유지관리 용역,servc,31
R26BK01522731_000,지능형 이민행정 분석 데이터베이스 구축 사업,servc,24
R26BK01522768_000,동남권 정보보호 고도화 전략 수립 용역,servc,21
R26BK01522828_000,2026년 사법부 정보시스템 보안컨설팅 사업,servc,24
R26BK01523009_000,2026년 독자 AI 파운데이션 모델 프로젝트 데이터 가공 용역,servc,35
R26BK01523078_000,천연물중앙은행 데이터·분석 파이프라인 고도화 및 AI 기반 정보활용 기능 확장,servc,43
R26BK01523089_000,(가칭)동곡초등학교 교사 신축공사 감리용역,servc,23
R26BK01523102_000,26-F-중앙복지시설 미래사업모델 구상 및 발전연구,servc,28
R26BK01523125_000,충남권 AX대전환 전략사업 기획 및 타당성 검증 지원,servc,29
R26BK01523132_000,국립창원대학교-정부출연연구소 협력 기반 DNA+ 특성화 교육 프로그램 운영,servc,41
R26BK01523159_000,수도권매립지 내 파크골프장 조성사업 건설사업관리 용역,servc,29
R26BK01523176_000,26-N-DDH-2 탄약 승강기 제어장치 및 프로그램 연구,servc,32
R26BK01523182_000,2026년 한국폴리텍대학 꿈드림공작소용 피지컬AI 요소기술 XR콘텐츠 제작,servc,41
R26BK01523247_000,해상가두리 스마트장비 설치 후보지 발굴 및 실증사업 운영,servc,31
R26BK01523248_000,(26F117-A) 26년 모범간부 제주도 견학 대행용역,servc,31
R26BK01523279_000,코로나 세대(Covid-Generation) 아동의  발달 추적 연구(Ⅲ),servc,41
R26BK01523302_000,2026년 한국폴리텍대학 꿈드림공작소용 피지컬AI 디지털트윈 XR콘텐츠 제작,servc,42
R26BK01523457_000,"2026년 정원분야 실습 보육공간 조성사업 운영(거창, 울산)",servc,34
R26BK01523539_000,홍천군 서면 농어촌생활용수 개발사업(3단계) 건설폐기물(폐콘크리트) 처리용역,servc,42
R26BK01523612_000,스마트팜 청년창업 보육센터 후속지원 및 성과관리 지원,servc,29
R26BK01523676_000,AI기반 학력진단시스템ㆍ국가기초학력지원포털 구축 2차 사업 감리,servc,35
R26BK01523686_000,2026년 청산면 농어촌생활용수개발사업 지하시설물 GIS DB구축 용역,servc,39
R26BK01523782_000,대원천 복개구조물 정밀안전진단용역,servc,18
R26BK01523968_000,인천-서울 지하고속도로 전략환경영향평가,servc,21
R26BK01524024_000,2026년 수출 One-Stop 지원 프로그램 운영 용역,servc,31
R26BK01524142_000,용인-서울 지하고속도로 전략환경영향평가,servc,21
R26BK01524225_000,제13회 나노융합산업전 행사 대행 용역,servc,21
R26BK01524274_000,2026년 노후 아파트 단독경보형 감지기 보급지원 용역,servc,30
R26BK01524468_000,서부동 도시재생 뉴딜사업(일반근린형) 통합 전기 감리 용역,servc,32
R26BK01524524_000,금호이웃사촌마을 조성사업 통합 전기 감리 용역,servc,25
R26BK01524556_000,보증드림 시스템 고도화 감리 용역,servc,18
R26BK01524563_000,2026년 국가유산 스토리텔링 영상 콘텐츠 제작 용역,servc,29
R26BK01524569_000,AI 기반 스마트 감사행정 지원시스템 구축,servc,23
R26BK01524573_000,기초과학연구원 UNIST 캠퍼스 건립사업 건설사업관리용역,servc,31
R26BK01524603_000,2026년 공공조달길잡이 컨설팅 시스템 유지보수 계약,servc,29
R26BK01524613_000,제주 ‘AI Connect 행정·서비스 표준 플랫폼 구축,servc,31
R26BK01524667_000,[당진] 2026~2028년도 출퇴근버스 운행 용역,servc,28
R26BK01524694_000,핵심광물 순환원료 확보를 위한 실태조사 및 통계 구축방안 마련,servc,34
R26BK01524735_000,RAG 기반 치안 현장 AI 어시스턴트 시스템,servc,25
R26BK01524828_000,2026 K-뮤지컬 지원사업 통합 홍보 대행,servc,24
R26BK01524903_000,지능형 AI 규제정보 분석시스템(국무조정실) 구축,servc,27
R26BK01525071_000,2026년 주안부평 통합관제센터 구축사업 산단 커뮤니티 서비스 개발,servc,37
R26BK01525194_000,대평초등학교 공간재구조화 교사개축공사 감독권한대행 등 건설사업관리용역,servc,38
R26BK01525313_000,2026 화학사고대응정보시스템 사고상황공유 메신저 기능 개선,servc,33
R26BK01525469_000,인공지능(AI) Agent 기반의 범정부『심사·심의·검토』업무 지원 시스템 개발,servc,44
R26BK01525482_000,사회서비스 분야 개별시스템 통합 감리,servc,20
R26BK01525506_000,천안개방교도소 내진성능평가 용역,servc,17
R26BK01525616_000,26-F-MnS 메타데이터 수집관리 체계개발 및 발전연구,servc,31
R26BK01525626_000,[긴급] 2026학년도 학교 실내환경 및 공기질 측정 용역,servc,32
R26BK01525662_000,26-D-LED조도 기반 간편 설계도 및 설계기준 연구용역,servc,32
R26BK01525744_000,KISTEP-GEN 생성형 인공지능 플랫폼 및 서비스 고도화,servc,33
R26BK01525855_000,혁신제품 사전상담 통합홈페이지 구축,servc,19
R26BK01525962_000,수질TMS AI 도입 PoC 실증 추진,servc,21
R26BK01525971_000,국립익산박물관 브랜드 체험전시 콘텐츠 구축,servc,23
R26BK01526111_000,2026-28년 이종욱펠로우십 프로그램 임상과정(심화수술) 위탁운영,servc,37
R26BK01526115_000,2026년 울산옹기박물관 특별전 연출 용역,servc,23
R26BK01526219_000,"자생식물의 효능 분석(항산화, 항염, 면역증진, 항알레르기)",servc,33
R26BK01526221_000,스마트 교육공유재산 관리시스템 구축 ISP 수립 용역,servc,29
R26BK01526300_000,2026년 진료정보교류시스템 기능개선 및 확산 사업,servc,28
R26BK01526375_000,경상북도 지방소멸 위기 극복을 위한 주민케어 AI 서비스,servc,31
R26BK01526397_000,26년 차세대 군사법정보시스템 유지보수 사업,servc,24
R26BK01526503_000,아시아 지역 꿈나무 도핑방지 캠프 운영,servc,21
R26BK01526944_000,2026년 정원분야 실습·보육공간 조성사업 운영(청주권역),servc,32
R26BK01526950_000,인공지능 기반 등급분류 데이터 활용체계 마련 및 정보화전략계획(ISP)수립,servc,41
R26BK01526952_000,고객센터 전산인프라 개선 사업,servc,16
R26BK01526957_000,2026년도 해양수산정보 공동활용체계 구축,servc,23
R26BK01526971_000,2026년도 연안관리정보시스템 개선,servc,19
R26BK01526999_000,항로표지선(등대랑1호) 친환경선박 대체건조 감리용역,servc,28
R26BK01527050_000,고정형·이동형 공동 활용 화학사고 가상훈련 콘텐츠 개발,servc,30
R26BK01527053_000,중장년내일센터 업무시스템 고용24행정포털 통합 재구축 사업,servc,32
R26BK01527054_000,2026년 디지털교육시스템 재구축 및 유지관리 사업,servc,28
R26BK01527088_000,2026년 「도서 보급 나눔사업」 국내 및 해외 보급 용역,servc,32
R26BK01527135_000,「2026학년도 지역사회 문제해결을 위한 시민 공감형 혁신 milieu 구축」 학생-시민 공모전 운영 용역,servc,59
R26BK01527152_000,산청군 비시가화지역 토지적성평가 용역,servc,20
R26BK01527180_000,창원시설공단 통합경영정보시스템 구축 용역,servc,22
R26BK01527247_000,2026년 전통시장 육성사업 회계정산 용역,servc,23
R26BK01527248_000,데이터 기반 자살 원인·경로 분석을 통한 정책 사각지대 발굴 및 대응 전략 연구,servc,44
R26BK01527309_000,클라우드기반 인터넷PC(DaaS) 서비스 사업자 선정,servc,29
R26BK01527320_000,분당구청사 공공와이파이 임차운영 사업,servc,20
R26BK01527337_000,26-A-00부대 설계용역(A098),servc,20
R26BK01527368_000,국가산불위험예보시스템 고도화(2차),servc,19
R26BK01527424_000,소상공인 AI 학습 데이터셋 및 서비스 구축 사업 감리,servc,30
R26BK01527431_000,2026년 중국 한국어과 전공 대학생 방한연수 운영 위탁,servc,31
R26BK01527469_000,공공기관 K-RE100 이행 지원을 위한 이행 전략 수립 컨설팅,servc,35
R26BK01527513_000,[중앙행정기관 통합 전화상담 조직설계 및 대표번호 콜센터 통합 시범운영 결과 분석] 정책연구용역,servc,53
R26BK01527514_000,화학물질정보 공동활용 플랫폼 구축(2단계),servc,23
R26BK01527583_000,2026년 버추얼 프로덕션 디지털 에셋 제작 위탁용역,servc,29
R26BK01527590_000,천안시 통합인허가지원시스템(IPSS) DB구축 용역,servc,28
R26BK01527612_000,2026년 지역 자율형 디지털 실증지원 성과조사분석 기반 사업 고도화 지원 용역,servc,44
R26BK01527635_000,「국립생태원 중장기 전시·마케팅 활성화 전략 수립」용역,servc,30
R26BK01527674_000,방파제 연계형 파력발전 실증플랜트 적지 해양환경 계측/분석 및 인허가 지원 용역,servc,44
R26BK01527703_000,26-A-00부대 설계용역(A097),servc,20
R26BK01527719_000,2026년 제로에너지건축물 전문인력양성 교육사업 기획 및 운영,servc,34
R26BK01527798_000,AI 학습데이터 가치평가모델 연구 용역,servc,21
R26BK01527838_000,2026년도 공공기관 개인정보 보호수준 평가 지원,servc,27
R26BK01527845_000,익산시 국가정보통신서비스 회선 사업자 선정,servc,23
R26BK01527847_000,2026 한-카리브 고위급 포럼,servc,17
R26BK01527869_000,부산형 15분 도시 지표 고도화 지원 및 국제협력 운영 용역,servc,33
R26BK01527908_000,국토연구원 민원분석·예측 기술 구현을 위한 화성시 문제해결형 도시데이터플랫폼 구축,servc,45
R26BK01527927_000,지상파항법시스템(eLoran) 항법·시각 수신모듈 연동 항법단말기 제작 및 해상항법·통신환경 실증 연구,servc,57
R26BK01528023_000,강원 AI 소상공인 안심경영 지원 서비스,servc,22
R26BK01528093_000,대구형 서논술형 평가 답안지 손글씨 추출 디지털화 용역 사업,servc,33
R26BK01528103_000,2026/27년도 경제협력기획(KSP 및 EIPP),servc,28
R26BK01528162_000,2026년 전자인계관리시스템 기능개선 및 정보자원 증설,servc,30
R26BK01528381_000,2026년 사무자동화기기 유지관리용역,servc,20
R26BK01528410_000,법원실무제요(소년) 발간(2026년도),servc,21
R26BK01528452_000,국도3호선대체우회도로(민락2지구) 소음저감시설 설치공사 건설폐기물(폐아스콘) 위탁처리용역,servc,49
R26BK01528538_000,도로교통안전정보관리체계(TAAS) 고도화,servc,22
R26BK01528675_000,국립중앙박물관 기능강화 및 공간개편 연구,servc,22
R26BK01528712_000,2026년도 물 공급 취약지역 안심지하수 지원,servc,25
R26BK01528761_000,한강 창릉지구 배수영향구간 하천정비사업 건설폐기물처리용역,servc,31
R26BK01528765_000,철도건설현장 실효적 안전관리체계 구축 연구,servc,23
R26BK01528776_000,김천1일반산업단지(4단계) 조성사업 가연성 폐기물 처리 용역(총괄 및 1차분),servc,43
R26BK01528826_000,아시아 지역 보건의료 개발협력사업 종료평가,servc,23
R26BK01528884_000,국립법무병원 차세대 통합의료정보시스템 구축 감리 및 개인정보영향평가 용역,servc,40
R26BK01528886_000,2026년 신용보증재단중앙회 자체 홍보 용역,servc,24
R26BK01528892_000,양돈시설 한국형 가변형 악취배출량 산출 모델 개발,servc,27
R26BK01529001_000,광역 긴급차량 우선신호시스템 구축 기본계획 수립 연구,servc,29
R26BK01529018_000,2026년 교통약자 인식개선 캠페인,servc,19
R26BK01529108_000,2026년 한국사회적기업진흥원 데이터 컨설팅,servc,24
R26BK01529172_000,사회적약자 보호 종합플랫폼 시스템 구축 감리사업,servc,26
R26BK01529190_000,인체적용제품 중 유해물질 함량 실태조사,servc,21
R26BK01529203_000,단양 시멘트공장 주변 주민 건강영향조사(Ⅱ),servc,24
R26BK01529734_000,실내공기질 관리 종합정보망 시스템 기능개선,servc,23
R26BK01529745_000,광주광역시교육청 학교누리집 고도화 사업(1차) 감리용역,servc,30
R26BK01529956_000,홍천군 서면 농어촌생활용수 개발사업(3단계) GIS DB 구축용역,servc,36
R26BK01530105_000,표준화 기반 교육환경데이터 구축 및 정비 1차,servc,25
R26BK01530121_000,2022 개정 교육과정과 연계한 사회정서교육 교육자료 개발,servc,32
R26BK01530125_000,2026년 정원분야 실습·보육공간 조성사업 운영(당진권역),servc,32
R26BK01530263_000,지질자원정보시스템 운영 유지관리 및 기능 개선,servc,25
R26BK01530280_000,네팔 법령정보 파일럿 시스템 개발 용역 및 기자재 공급,servc,30
R26BK01530422_000,기록물 및 부서 비전자기록물 정리사업,servc,20
R26BK01530457_000,2026년 주요정보통신기반시설 보안 컨설팅,servc,23
R26BK01530528_000,AI기반 디지털 함정체계 구축,servc,16
R26BK01530543_000,제로에너지건축물 온실가스감축 성과분석 및 인증제 고도화 방안 연구,servc,36
R26BK01530556_000,생산자책임재활용제도시스템 기능 개선,servc,19
R26BK01530595_000,창원시설공단 통합회원관리시스템 구축 용역,servc,22
R26BK01530608_000,서창도가 활성화를 위한 역량강화 지원 사업 용역,servc,26
R26BK01530627_000,(가칭)고덕1중 신축 전기공사 설계용역,servc,21
R26BK01530643_000,2026년 기업가정신 실태조사(기업편) 조사 용역,servc,27
R26BK01530645_000,국제감축사업 선순환 생태계 구축 연구 및 사업 선정 지원,servc,31
R26BK01530669_000,국제항공 탄소 배출량 관리 시스템 구축,servc,21
R26BK01530677_000,2026 방송미디어통신위원회 방송대상 시상행사 용역,servc,28
R26BK01530762_000,2026년 통상 산학연 네트워크 사업,servc,20
R26BK01530810_000,DSC 공유대학 공동교육 통합관리시스템 유지보수 용역,servc,29
R26BK01530815_000,26-M-인천상륙작전 76주년 정기연주회,servc,22
R26BK01530840_000,전주미산초 및 (가칭)삼봉중 이전 신축공사 감독권한대행 등 건설사업관리용역,servc,41
R26BK01530848_000,(가칭)운정3중 신축 전기공사 설계용역,servc,21
R26BK01530967_000,2026년 임도 타당성평가 용역(1차),servc,21
R26BK01530989_000,SW 3자단가(루시아온 v1.1 (커스터마이징) (주)솔트룩스),servc,35
R26BK01531012_000,2026년 방송취재편집장비 임대지원 사업,servc,22
R26BK01531014_000,SW 3자단가(Luxia A.RAG v3.0 (커스터마이징) (주)솔트룩스),servc,42
R26BK01531043_000,26년 국방부 공드럼 정비용역(2지역),servc,21
R26BK01531060_000,서부권 광역급행철도 건설사업 전략환경영향평가,servc,24
R26BK01531079_000,2026년 경남 코디세이 캠퍼스 교육 운영지원 용역,servc,28
R26BK01531237_000,2026년 국가 바이오 데이터 스테이션 체계구축(5단계),servc,31
R26BK01531417_000,「관광권 프로젝트 계획 수립」연구용역,servc,20
R26BK01531509_000,(26F102-A) 국방 인사관련 업무체계 통합전략 연구용역,servc,33
R26BK01531564_000,재난희생자 신원확인시스템 구축 사업(SCAS고도화),servc,28
R26BK01531628_000,건축물 안전해체 통합시스템 고도화(2차) 용역,servc,25
R26BK01531737_000,2026 해양수산과학기술주간(Ocean Inno Week) 행사 대행 용역,servc,41
R26BK01531747_000,2026년 임도 타당성평가 용역(2차),servc,21
R26BK01531827_000,2026년도 적합업종 제도개선 연구용역,servc,21
R26BK01531931_000,부산 웹툰(만화) 작품 전시 기획 및 큐레이션 용역,servc,28
R26BK01531955_000,경영정보시스템 UI/UX 개편 및 신규 기능 구축  감리,servc,31
R26BK01531969_000,2026년도 충청권 영농폐비닐 운송용역 2차,servc,24
R26BK01531987_000,2026년 정부초청 외국인 대학원 장학생 오리엔테이션 행사 운영 용역,servc,38
R26BK01532004_000,송탄시장 제2공영주차장 신축공사 감독권한대행 등 건설사업관리용역,servc,35
R26BK01532012_000,공공데이터 제공 및 데이터기반행정 활성화 컨설팅,servc,26
R26BK01532050_000,관세청 공급망 조기경보시스템 구축,servc,18
R26BK01532065_000,2026년 경기도교육청미래과학교육원 AI.디지털 기반 교육혁신 교원연수 용역,servc,42
R26BK01532216_000,2026년 노동감독관 수사역량 강화 교육체계 구축 및 매뉴얼 개발 사업 용역,servc,42
R26BK01532245_000,2026년 축산물 온라인경매 플랫폼 기능개선 사업,servc,27
R26BK01532353_000,"디지털서비스_아이스크림미디어,_아이스크림미디어 AIDT 교육자료",servc,35
R26BK01532461_000,우즈베키스탄 현지 맞춤형 DX 진단 모델 개발 및 수준별 디지털 전환(DX) 컨설팅 운영,servc,49
R26BK01532573_000,수소충전소 모니터링시스템 S/W 유지보수 용역,servc,25
R26BK01532671_000,2026년도 2학기 원격강좌 수강료 지원사업 운영 위탁,servc,30
R26BK01532756_000,디지털서비스_휴스테이션_페어리,servc,16
R26BK01532947_000,농식품 분야 AI 응용제품 신속상용화 지원사업 성과확대 분석,servc,33
R26BK01532997_000,하이원리조트 브랜드필름 영상콘텐츠 제작 용역,servc,24
R26BK01533212_000,DataON 개발 및 AI 활용 기반 환경 구축,servc,26
R26BK01533242_000,오염원별 현장조사 및 산정지원(2026),servc,22
R26BK01533269_000,2026년 환경측정분석정보관리시스템 기능개선,servc,24
R26BK01533302_000,K-인문 경북 헤리티지 활성화 사업 기획 및 연구 용역,servc,30
R26BK01533344_000,한국해양수산연수원 용당캠퍼스 경비·보안 용역,servc,24
R26BK01533348_000,2026 대한민국 국토대전 행사 기획 및 대행,servc,25
R26BK01533354_000,문막앞뜰 도시개발 개발계획 및 기본·실시계획 수립 용역,servc,30
R26BK01533402_000,2026년 제4기 단층 확인을 위한 물리탐사 및 트렌치조사 용역,servc,35
R26BK01533432_000,한국폴리텍대학 화성캠퍼스 기숙사 리모델링 공사 건설폐기물처리 용역,servc,36
R26BK01533485_000,중특단 잠수설비 안전도 검사 및 정비,servc,20
R26BK01533493_000,2026년 공연안전지원센터 홈페이지 유지보수 및 위탁운영 용역,servc,34
R26BK01533530_000,2026학년도 국립부경대학교 소방시설 법적점검 용역,servc,28
R26BK01533563_000,2026년 3기 경찰 AI 융합정보화 석사과정 위탁교육,servc,30
R26BK01533565_000,2026년도 가정용 보일러 안전관리 사업,servc,22
R26BK01533585_000,서울경찰청 26년 지문 등 사전등록 현장방문 용역,servc,27
R26BK01533601_000,2026년 장애인 독서활동 실태조사,servc,19
R26BK01533640_000,이차전지 등 재활용가능자원 비축시설 구축사업 타당성 조사연구 용역,servc,36
R26BK01533651_000,제12회 청소년  나Be 한마당 대행용역,servc,22
R26BK01533694_000,2026년 국토교통 웹사이트 공공앱 품질진단 용역,servc,27
R26BK01533729_000,2026년 울산항 CCTV 및 항만출입관리 유지관리 용역,servc,31
R26BK01533766_000,(가칭)계양학교 신축 소방공사 설계용역,servc,21
R26BK01533947_000,(가칭)용현학익중학교 외 1교(검삼고) 신축 소방공사 설계용역,servc,34
R26BK01534319_000,26-D-00부대 설계용역(B535),servc,20
R26BK01534348_000,2026년 제4회 국제박물관포럼 행사 운영 용역,servc,26
R26BK01534424_000,제11회 해양법 국제학술회의 운영,servc,18
R26BK01534470_000,「야탑3동 행정복지센터 신축 건립공사」전기감리 용역,servc,28
R26BK01534519_000,신용보증재단 및 신보중앙회 정보시스템 통합유지보수 사업,servc,30
R26BK01534532_000,2026년 석면관리 종합정보망 기능 개선,servc,22
R26BK01534564_000,2026 국회 입법박람회 대행 용역,servc,19
R26BK01534577_000,의료 AX 분야 산업 현황 조사·분석 용역,servc,23
R26BK01534593_000,부산 AI 페스티벌 운영,servc,13
R26BK01534651_000,건설기술용역 사업수행능력 플랫폼구축 감리용역,servc,24
R26BK01534652_000,26년 배출량 조사자료 검증 지원,servc,18
R26BK01534672_000,2026년 한국폴리텍대학 꿈드림공작소용 스마트공장 자격실습 XR콘텐츠 제작,servc,41
R26BK01534776_000,공단 하수관로 공동조사(GPR탐사) 용역,servc,22
R26BK01534783_000,임차차량 [전략경영부_1호차],servc,16
R26BK01534933_000,2026년도 첨단 공공서비스 촉진사업 운영현황 조사 및 성과관리 등,servc,37
R26BK01534957_000,자생식물의 효능 분석(항바이러스),servc,18
R26BK01534963_000,2026년 독서보조기기 지원 사업,servc,18
R26BK01534985_000,(가칭)도일3초(송탄초 신설대체이전) 신축 전기공사 설계용역,servc,33
R26BK01535038_000,금강권역 수해복구 하천정비사업 소규모 환경영향평가,servc,27
R26BK01535099_000,26년 모바일 전자정부(공통기반) 운영 및 유지관리,servc,28
R26BK01535100_000,2026년 기록관리부 운영 및 유지관리 사업 통합 감리용역,servc,32
R26BK01535135_000,올해의 K-스타트업 2026 행사 운영 대행 용역,servc,27
R26BK01535142_000,2026년도 국가연구개발성과 활용 및 확산 플랫폼 구축,servc,30
R26BK01535170_000,국립민속박물관 전산시스템 이전 구축 ISP 수립 사업,servc,29
R26BK01535220_000,항만물류통합플랫폼(체인포털) AI 전환 사업,servc,24
R26BK01535256_000,위성정보 체계 개선을 위한 기술 개발,servc,20
R26BK01535355_000,차량위험도 고도화 및 비래해충 예측 시스템 구축 사업,servc,29
R26BK01535427_000,「경찰민원24」빅데이터 분석 모델 수립 및 기능개선,servc,28
R26BK01535682_000,2025년 기준 일·가정양립 실태조사,servc,20
R26BK01535949_000,2026년 AI·디지털 도구 활용 우수 수업 사례 및 영상 제작,servc,35
R26BK01536008_000,대구교육망 고도화 사업,servc,12
R26BK01536070_000,26-F-블랙이글스 체코 NATO Days 참가지원 용역,servc,31
R26BK01536134_000,인공지능 사회적 영향 조사 및 분석,servc,19
R26BK01536138_000,야생동물 연구 로드맵 수립(2026년),servc,21
R26BK01536238_000,2026년 제로에너지건축물 실태조사 및 건축물에너지관리시스템 사후관리 운영지원,servc,43
R26BK01536239_000,교통 과태료 모바일 전자고지 시스템 도입 사업(장기계속 1차),servc,34
R26BK01536319_000,평창동계훈련센터 조리운전 관리용역,servc,18
R26BK01536434_000,2026년 한국폴리텍대학 꿈드림공작소용 산업설비분야 XR콘텐츠 제작,servc,37
R26BK01536437_000,2026년 빅데이터 신규 분석 추진 사업,servc,22
R26BK01536503_000,국립중앙인체자원은행 정보시스템 자동화장비 연계 유지관리,servc,30
R26BK01536582_000,기초과학연구원 UNIST 캠퍼스 건립사업 전기감리 용역,servc,30
R26BK01536585_000,(가칭)천안호수고등학교 외 1원 신축공사 건설사업관리 용역,servc,32
R26BK01536611_000,함양도서관 이전 신축공사 감독권한대행 등 건설사업관리용역,servc,31
R26BK01536618_000,2026년 한국폴리텍대학 꿈드림공작소용 달탐사 XR콘텐츠 제작,servc,34
R26BK01536631_000,부여 관북리유적 악기와 목간 국제학술대회 대행 용역,servc,28
R26BK01536645_000,디스플레이혁신공정센터 폐수 위탁처리 용역,servc,22
R26BK01536649_000,2026년 제로에너지건축물 브랜드 인지도 제고 사업,servc,28
R26BK01536667_000,의왕 미래교육센터 신축공사 전기 감리용역,servc,22
R26BK01536757_000,2026년 한-아세안 AI 개발 창업 경진대회 액셀러레이팅 프로그램 운영 용역,servc,43
R26BK01536834_000,2026년 국립서울현충원 미디어아트 공모전 대행 용역,servc,29
R26BK01537039_000,26년 범죄수익추적수사팀 회계법인 위탁교육,servc,23
R26BK01537131_000,국립해양생물자원관 기획전 독도강치(가제) 제작·설치,servc,28
R26BK01537318_000,천안천 배수영향구간(합류부개선) 소규모 환경영향평가용역,servc,30
R26BK01537367_000,참다랑어 입식용 가두리 구조 개설 설계·제작 및 현장 실증,servc,32
R26BK01537419_000,K-Dialogue 모두의 평화 용역,servc,20
R26BK01537486_000,26-28-N-00사 R-CBT체계 통합유지보수,servc,26
R26BK01537501_000,비접촉 영상 기반 개체·군집 계측 및 행동 분석 기술 개발,servc,32
R26BK01537553_000,2026년도「출연(연) 해외 공동채용설명회」기획·운영,servc,29
R26BK01537692_000,2026년 직업계고 국외 현장학습 용역,servc,21
R26BK01537767_000,(가칭)송담고 신축 전기공사 감리용역,servc,20
R26BK01537796_000,"임차차량 구매[EV6롱레인지(4룬구동)-어스,안전재난부]",servc,31
R26BK01537803_000,비산배출 전산관리 시스템 운영(IV),servc,20
R26BK01537818_000,(26F118-I)생도주변국전사적지탐방용역,servc,23
R26BK01537876_000,2026년 독서교육 교수학습자료 및 연수 콘텐츠 개발,servc,29
R26BK01538049_000,2026년~2031년 감사원 국가정보통신망 서비스 사업자 선정,servc,34
R26BK01538116_000,항만대민정보서비스 기능개선 및 유지관리 용역,servc,24
R26BK01538213_000,2026년 지자체 탄소중립 컨퍼런스 및 선진사례 현장조사 기획운영,servc,36
R26BK01538245_000,2026-2027년 국가대표선수촌 관리용역(경비),servc,27
R26BK01538251_000,국립금오공과대학교 통합정보시스템 유지관리 사업,servc,25
R26BK01538287_000,2026년도 직업능력의 달 행사 용역,servc,20
R26BK01538384_000,보건의료데이터 표준 적용 EMR 인증기준(안) 시범사업,servc,30
R26BK01538438_000,"2026년 혁신제품 임차 시범구매(2024-068, 수경재배장치)",servc,36
R26BK01538523_000,2026년 학교전담경찰관 전문화과정 위탁교육 용역,servc,27
R26BK01538633_000,"디지털서비스_ 클러쉬, 클러쉬 중개서비스 for 네이버클라우드(IaaS)",servc,40
R26BK01538648_000,디지털서비스_클러쉬_클러쉬 Naver Works for 네이버클라우드(SaaS),servc,44
R26BK01538680_000,소상공인 정책자금 평가모형 개발 및 융자성과분석·리스크체계 고도화 용역,servc,39
R26BK01538767_000,충주 관광 특화 자율주행 셔틀 실증 서비스 운영 용역,servc,29
R26BK01538827_000,"2026년 혁신제품 임차 시범구매(2022-297, 가습기)",servc,33
R26BK01538848_000,2026년 정부광고 통합지원시스템 고도화 사업,servc,25
R26BK01538850_000,"2026년 혁신제품 임차 시범구매(2025-034, 의료용소프트웨어)",servc,38
R26BK01538857_000,4대보험 고객센터 노후장비 교체 및 인프라 고도화,servc,27
R26BK01538865_000,"2026년 혁신제품 임차 시범구매(2023-036, 위치추적장치)",servc,36
R26BK01538911_000,2026년도 서울대학교 K-MOOC 공개강좌 콘텐츠 개발,servc,31
R26BK01538948_000,[ACT 페스티벌 2026] 운영 및 홍보 용역,servc,26
R26BK01538964_000,2026년~2028년 (재)충남테크노파크 통근버스 임차 운행,servc,33
R26BK01539104_000,옥외광고 효과분석 솔루션 고도화,servc,17
R26BK01539121_000,거제시 지능형 통합 누리집 전면개편,servc,19
R26BK01539122_000,2026년 행정안전분야 정책현안 데이터 분석,servc,24
R26BK01539133_000,2026년 한-아세안 AI 개발/창업 경진대회 개최·운영 대행 용역,servc,37
R26BK01539319_000,2026년 청소년활동 안전문화 확산 사업 국민 참여형 사업운영 용역,servc,37
R26BK01539325_000,"2026년 혁신제품 임차 시범구매(2025-020, 재활용품자동회수기)",servc,39
R26BK01539435_000,2026년 디지털기반 노후위험시설 안전관리 플랫폼 유지관리 용역,servc,35
R26BK01539442_000,2026년 공공 모바일 품질관리 수준진단 및 UI/UX 국민평가,servc,35
R26BK01539446_000,2026년 기후변화과학교육사 양성·관리 시스템 개발 사업 조달계약 요청,servc,39
R26BK01539673_000,한국생명공학연구원 대전본원 직원 출퇴근버스 임차운행 용역,servc,31
R26BK01539695_000,안동 초염기성암체 장심도 탐광 시추 및 시추코어 초분광이미징 용역,servc,36
R26BK01539723_000,2026년 온라인 교육 콘텐츠 개발 및 품질관리,servc,26
R26BK01539728_000,OpenVlab  AI활용교육 콘텐츠 제작 용역,servc,26
R26BK01539764_000,안전확인대상생활화학제품의 안전기준 설정물질 시험분석법 개발,servc,32
R26BK01539886_000,충청남도교육청 학교통합누리집 재구축 용역 감리 사업,servc,28
R26BK01539950_000,제6회 조달의 날 기념행사 대행용역,servc,19
R26BK01539955_000,고흥군 통합인허가지원시스템(IPSS) DB구축 용역,servc,28
R26BK01539962_000,제17차 환경위성 국제워크숍 행사 운영,servc,21
R26BK01540006_000,첨단산업 인재혁신센터 홈페이지 구축 용역,servc,22
R26BK01540107_000,배출권거래중개회사 등 배출권 거래시장 참여자 감독 체계 마련,servc,33
R26BK01540174_000,(26F029-G) 육군 데이터 수집체계 ISP,servc,26
R26BK01540184_000,상권 활성화 홍보·마케팅 사업 운영 용역,servc,22
R26BK01540194_000,"한전 대구경북건설지사 차량 임차 계약 (아이오닉 5, 1대)(송전건설부 No.1)",servc,45
R26BK01540208_000,중소기업 전략기술로드맵(2027~2029) 수립,servc,26
R26BK01540236_000,2026년 하반기 국외 파견 한국어 교원 파견 전 교육 대행 용역,servc,36
R26BK01540242_000,"한전 대구경북건설지사 차량 임차 계약(아이오닉 5, 1대)(송전건설부 No.2)",servc,44
R26BK01540276_000,"한전 대구경북건설지사 차량 임차 계약(아이오닉 5, 1대)(송전건설부 No.3)",servc,44
R26BK01540295_000,"한전 대구경북건설지사 차량 임차 계약(EV5, 1대)(송전건설부 No.5)",servc,41
R26BK01540295_001,"한전 대구경북건설지사 차량 임차 계약(EV5, 1대)(송전건설부 No.4)",servc,41
R26BK01540313_000,"한전 남부건설본부 차량 임차 계약(쏘렌토 하이브리드, 1대)(건축부)",servc,38
R26BK01540435_000,2026년 글로벌 게임 성장지원 프로그램(소프트론칭) 운영 용역,servc,35
R26BK01540783_000,국내체류 원폭피해자 위령제 방문사업 운영 용역,servc,25
R26BK01540922_000,국산 AI반도체 성능 평가 체계화 시범검증 용역,servc,26
R26BK01540923_000,한-중국 FTA 이행상황평가,servc,15
R26BK01540959_000,국립 부산 치유의 숲 조성 타당성 평가 및 기본계획 수립 용역,servc,34
R26BK01540971_000,국립 영양 치유의숲 조성 타당성 평가 및 기본계획 수립 용역,servc,33
R26BK01541024_000,고객센터 전산시스템 개선 사업 감리,servc,19
R26BK01541083_000,해양수산 스마트 업무 환경 구축,servc,17
R26BK01541096_000,26년 사이버 위협정보 공유 시스템 분석공유 기능 강화,servc,30
R26BK01541106_000,26년 클라우드 네이티브 전환 사업(대한무역투자진흥공사),servc,31
R26BK01541118_000,고용노동 데이터분석 서비스 개선 사업,servc,20
R26BK01541125_000,(정보화용역) AI기반 국가식물병해충통합 정보시스템 구축BPR/ISP사업,servc,40
R26BK01541143_000,지방세 AI 상담 서비스,servc,13
R26BK01541160_000,만화마을 테마공간 조성 디자인 제작·설치 용역,servc,25
R26BK01541175_000,망분리 이중화 및 홈페이지 보안 강화,servc,20
R26BK01541180_000,2026년 디지털서비스본부 운영 및 유지관리 사업 통합 감리용역,servc,35
R26BK01541197_000,해양문화도시 기반의 에이지테크 전시체험관 조성·운영 및 대시민 브랜드 활성화 행사,servc,45
R26BK01541206_000,게임콘텐츠 멀티부스팅 지원사업 운영 용역,servc,22
R26BK01541210_000,데이터안심구역 통합관리포털 구축 및 안정화 지원,servc,26
R26BK01541221_000,26년 클라우드 네이티브 전환 사업(행정안전부 자치단체통합인터넷원서접수시스템),servc,43
R26BK01541234_000,해안선조사(고흥 동부),servc,12
R26BK01541254_000,세계기록유산 새마을운동 기록물 순회전시,servc,21
R26BK01541331_000,동부지역 여성복지회관 건립사업 전기 감리용역,servc,24
R26BK01541343_000,용문~홍천 광역철도 건설사업 타당성평가 및 기본계획,servc,28
R26BK01541348_000,의창중학교 교사 신축공사 건설사업관리용역,servc,22
R26BK01541378_000,배출권거래제 감축설비 지원사업 활성화 및 운영 고도화,servc,29
R26BK01541466_000,2026년 충청남도교육청기록원 전시 행사 기획 및 운영,servc,30
R26BK01541610_000,2026년도 악취실태조사 지역 악취영향 조사 및 시료분석 용역,servc,34
R26BK01541633_000,국고보조금 부정수급 근절 대책 현장점검 지원,servc,24
R26BK01541643_000,2026년 기업직업훈련 홍보용역,servc,17
R26BK01541647_000,"영천댐 상류 2단계(용화,신방) 하수도 정비사업 GIS DB구축 용역",servc,38
R26BK01541669_000,아시아 환경위성 기반 대기질 공동 조사(Ⅱ),servc,24
R26BK01541676_000,「아프리카·인도태평양 옵서버 인증지원 연수  프로그램」 항공권 발권 및 부대 업무 대행 용역,servc,51
R26BK01541683_000,부산해운대경찰서 신축공사 건설폐기물 처리 용역,servc,25
R26BK01541689_000,2026년 지식재산정보 분석플랫폼 구축 통합감리 사업,servc,29
R26BK01541726_000,농림축산검역본부 중부지역본부 국제표준실험실 증축 공사 건설사업관리(감독권한대행),servc,44
R26BK01541729_000,야생동물검역시스템(관세청 유니패스 연계) 구축 및 운영,servc,30
R26BK01541749_000,"2026년 중남미(ODA)사업 비자, 항공권 구매 용역",servc,30
R26BK01541753_000,2026년 주택금융 및 보금자리론 실태조사 추진,servc,26
R26BK01541780_000,조달평가 운영체계 고도화 및 발전전략 수립 연구,servc,26
R26BK01541850_000,사전투표 운용장비(투표용지발급기 등) 전수점검 사업,servc,28
R26BK01541880_000,도심항공교통 기본계획 연구,servc,14
R26BK01541952_000,2026년 첨단 공공서비스 촉진 감리용역,servc,22
R26BK01542016_000,재보증제도 성과분석 및 개선방안 연구용역,servc,22
R26BK01542158_000,차세대 통합복권시스템 정보화 종합계획 수립 및 제안요청서 작성,servc,34
R26BK01542390_000,"(가칭)합강1유 외 2건(합강1초, 합강1중)신축 전기공사 감리용역",servc,37
R26BK01542431_000,국세·국세외수입 체납관리단 기간제근로자 노무·근태 관리 용역,servc,33
R26BK01542658_000,2026년 국립생물자원관 소장 식물표본 고화질 디지털화,servc,30
R26BK01542677_000,2026년 교육용 국악 콘텐츠(영상) 제작,servc,23
R26BK01542792_000,탄소제로 화학공정 혁신센터 구축공사 전기감리 용역,servc,27
R26BK01542864_000,숲가꾸기와 산불 상관관계 민관협동 모니터링,servc,23
R26BK01542950_000,(26F019-G) 26년 지능형 스마트부대(1-1~3단계) 유지보수사업,servc,40
R26BK01543055_000,AI기반 글로벌 기술사업화 분석 플랫폼 (SmartK2C) 개발,servc,35
R26BK01543210_000,26-D-국방 건설프로젝트 WBS/CBS 표준모델 구성 연구용역,servc,35
R26BK01543215_000,2026년 온실가스 목표관리업체 탄소중립 기술지원,servc,27
R26BK01543219_000,3세대 전자인사관리시스템 전환 구축 사업 등 통합감리용역,servc,31
R26BK01543231_000,SW 3자단가(NS-WACMS v1.0 (커스터마이징) (주)인정보기술),servc,40
R26BK01543269_000,의료기관 평가인증시스템 기능 개선 사업,servc,21
R26BK01543389_000,2026년 스마트 해양교통안전 빅데이터 플랫폼 고도화,servc,29
R26BK01543533_000,의료급여 정보시스템 유지보수 용역사업,servc,20
R26BK01543567_000,가덕도 신공항철도 연결선 건설사업 타당성평가 및 기본계획,servc,31
R26BK01543786_000,재해복구시스템 3차 구축사업,servc,15
R26BK01543806_000,공주시 스마트 경로당 구축 확산 사업(5차),servc,24
R26BK01543811_000,2026년 온누리상품권 운영 및 사용 조사,servc,23
R26BK01544029_000,2026년 교육자료 및 전통문화용품 해외배송 용역,servc,27
R26BK01544297_000,국제탄소규제 대응 전문인력 교육,servc,17
R26BK01544371_000,특수교량 안전점검 및 관리데이터 개방,servc,20
R26BK01544400_000,한의약 및 고문헌 종합 데이터 개방,servc,19
R26BK01544413_000,이륜자동차 공공데이터 개방,servc,14
R26BK01544425_000,법조문 연계 판례 데이터 구축,servc,16
R26BK01544579_000,충청남도교육청 신재생에너지 통합관리시스템 구축,servc,25
R26BK01544588_000,스마트시티 부산국가시범도시 스마트 IoT 구축 지원 위탁감리,servc,33
R26BK01544626_000,서울대학교 약학대학 의료폐기물 위탁처리 용역,servc,24
R26BK01544662_000,2026년 AI 복지상담 및 위기감지 시범사업 감리 및 개인정보영향평가,servc,39
R26BK01544731_000,대평초등학교 공간재구조화 교사개축공사 건설폐기물처리용역,servc,30
R26BK01544741_000,무균실험실 및 미생물한도실험실 유지관리,servc,21
R26BK01544790_000,기후위기적응플랫폼 활용을 위한 미래 사회경제 전망 분석(2026),servc,36
R26BK01544840_000,(가칭)풍무역중 신축 전기공사 설계용역,servc,21
R26BK01544890_000,구서여자중학교 공간재구조화 리모델링 및 기타공사 건설폐기물처리용역(계속비),servc,41
R26BK01544982_000,환경분야 AX-Sprint 사업 성과확산 프로그램 운영,servc,30
R26BK01544992_000,농식품인재개발원 홈페이지 G클라우드 전환,servc,22
R26BK01545060_000,2026년도 강원 LRS공유대학본부 교과목 원격수업 콘텐츠 세대 전환형 고도화 사업 [1그룹],servc,52
R26BK01545079_000,동포 청소년 멘토링 및 심리·진로 교육 프로그램 개발·시범운영,servc,34
R26BK01545093_000,유성온천 관광활성화 프로그램 운영 용역,servc,21
R26BK01545153_000,제로에너지건축물 온라인 최적화 컨설팅 고도화 연구,servc,27
R26BK01545171_000,무궁화26호 긴급 간이수리(축계) 용역,servc,21
R26BK01545250_000,2026년 지역 AX 거점 사업 성과조사 분석 및 성과확산 용역,servc,35
R26BK01545270_000,2026년 사업주 직업훈련 성과평가 연구용역,servc,24
R26BK01545361_000,스마트팜 교육훈련 지원사업 체계구축,servc,19
R26BK01545754_000,지역별 교통안전지표 조사 측정 용역,servc,19
R26BK01545756_000,제8차 국가공간정보정책 기본계획 마련,servc,20
R26BK01545800_000,자연과학대학 1호관 개축에 따른 물품이전 용역,servc,25
R26BK01545969_000,국가기후위기적응정보통합플랫폼 부문별 적응정보 연계·활용체계 개선 연구(2026),servc,44
R26BK01545976_000,김천 자동차튜닝 일반산업단지 조성사업 건설폐기물 처리 용역(총괄 및 1차분),servc,42
R26BK01545979_000,2026년 AI기반 현안해결형 데이터 분석모델 개발 사업,servc,31
R26BK01545994_000,SW 3자단가(AI 화재예보경보 프로그램 v1.0 (커스터마이징) (주)로제에이아이코리아),servc,50
R26BK01546154_000,반도체공동연구소 신축공사 건설사업관리용역,servc,22
R26BK01546259_000,2026년 무선국 검사 업무용 태블릿PC 임차,servc,25
R26BK01546404_000,2026년 전통시장･상점가 내수활성화 캠페인 운영대행 용역,servc,32
R26BK01546494_000,발전사업 인허가 통합관리시스템 2차 기능 개발,servc,25
R26BK01546532_000,26~27-F-전자정보 제원 분석 및 가시화체계 개발 구축,servc,32
R26BK01546533_000,(26F125-B) 경계부대 맞춤형 집중정신전력교육 용역,servc,31
R26BK01546590_000,삼봉지구 풍수해생활권 종합정비사업 폐기물처리 용역,servc,27
R26BK01546749_000,가축전염병 위험도 및 KAHIS 고도화 사업,servc,24
R26BK01546759_000,AI 레드팀 테스트베드 환경조성 및 구축,servc,22
R26BK01546846_000,사회연대경제 사례확산 및 사업관리 용역,servc,21
R26BK01547218_000,사전투표 운용장비(본인확인기) 전수점검 사업,servc,24
R26BK01547226_000,"석면함유가능제품 및 물질, 자연발생석면 실태조사 및 연구",servc,31
R26BK01547248_000,2026년 하반기 KTV 외주프로그램 제작 용역(관광문화),servc,32
R26BK01547251_000,2026년 사회서비스정보시스템서비스 확대 및 기능개선,servc,29
R26BK01547271_000,해양경찰 통합건강관리시스템 구축(3차) 용역,servc,24
R26BK01547397_000,KA-32 헬기 기체 2년 연장검사 등 위탁정비(6대),servc,30
R26BK01547562_000,디지털서비스_케이티디에스_KT ds CloudPack 매니지드(패키지),servc,39
R26BK01547668_000,2026년 서남해 3D 물리탐사 취득자료 전산처리 용역,servc,30
R26BK01547679_000,전자바우처·통계 정보시스템 통합 감리 및 개인정보영향평가,servc,31
R26BK01547701_000,도서관 홈페이지 전면 개편,servc,14
R26BK01547733_000,2026년 브랜드 소상공인 점프업 사업 운영 용역,servc,27
R26BK01547736_000,2026년 HRD4U 정보시스템 고도화 사업,servc,24
R26BK01547769_000,"상용SW 제3자단가계약(주식회사 펜타게이트, InGuard-Eye v1.0(커스터마이징))",servc,50
R26BK01547780_000,2026년 살생물제 유해성 시험자료 생산(1),servc,25
R26BK01547819_000,2026년 선정사 뉴스콘텐츠 공용인프라 유지관리 및 위탁운영,servc,33
R26BK01547836_000,2026년도 적합업종 실태조사 연구용역,servc,21
R26BK01547838_000,국내·외 공공 정책정보 종합데이터 구축,servc,21
R26BK01547877_000,2026년 배출권거래제 감축설비 지원사업 수행지원,servc,27
R26BK01547888_000,2026년 K-디지털그랜드챔피언십 우수기업 해외진출 지원 용역,servc,34
R26BK01547940_000,2026년 제로에너지건축물 인증기관 교육 기획 및 운영,servc,30
R26BK01547987_000,2026년도 훈련참여자 중심 K-디지털 트레이닝 실태조사 및 분석 용역,servc,39
R26BK01547990_000,2026년 제로에너지건축물 인증기관 및 성능평가 관리 지원,servc,32
R26BK01548015_000,환경분야 AX-Sprint 사업 성과홍보 행사 운영,servc,28
R26BK01548021_000,2026~2027년 건축물생애이력 관리시스템 유지관리 사업,servc,32
R26BK01548036_000,2026년도 강원 LRS공유대학본부 교과목 원격수업 콘텐츠 세대 전환형 고도화 사업 [2그룹],servc,52
R26BK01548068_000,축구역사박물관 건립사업 설계용역 (설계공모),servc,24
R26BK01548109_000,2026년 한국과학기술연구원(본원) 재산종합보험 용역,servc,29
R26BK01548146_000,2026년 온라인 브랜드 소상공인 육성사업(TOPS) 홍보 용역,servc,35
R26BK01548238_000,(26F130-A) XR기반 실감형 콘텐츠 제작 용역,servc,29
R26BK01548298_000,2026년 한국인의 의식 및 가치관 조사,servc,22
R26BK01548383_000,2026 한국건축문화대상 행사 기획 및 대행,servc,24
R26BK01548459_000,감곡중 교실 증축 및 기타공사 감독 권한대행 등 건설사업관리용역,servc,35
R26BK01548591_000,2027학년도 자기주도학습전형 입학전형위원 신규(집합) 연수 위탁 운영 용역,servc,42
R26BK01548597_000,국가 위기대응 민관협력 생태계 활성화 지원 용역,servc,26
R26BK01548609_000,2026년 AI 사이버공격 대응 플랫폼 구축(1단계),servc,29
R26BK01548673_000,2026년 대한민국 산림박람회 행사 대행,servc,22
R26BK01548776_000,국가유산 인공지능 학습데이터 융합 체계 구축,servc,24
R26BK01548844_000,통합 레이더정보 플랫폼 시스템 신규장비 이전 및 최적화,servc,30
R26BK01548855_000,2026년 대전교육정보원 ICT활용 교수학습용 콘텐츠 개발,servc,32
R26BK01548943_000,완도해경 노화파출소 S-86정 양현 주기관 총분해수리 용역,servc,32
R26BK01548997_000,침해사고 위협헌팅을 위한 악성코드 분석 채널 운영,servc,27
R26BK01549042_000,TOC 맞춤형 총량제 도입 연구(V),servc,20
R26BK01549045_000,귀농·귀촌통합플랫폼 구축사업 시공단계 건설사업관리 용역,servc,30
R26BK01549201_000,(26F129-B) 26년 FEBA부대 집중정신전력교육 용역,servc,33
R26BK01549221_000,공공언어 평가 기준 개선 연구,servc,16
R26BK01549225_000,2026년 가상자산 추적 전문 교육,servc,19
R26BK01549226_000,투표지분류기 전수점검 사업,servc,14
R26BK01549322_000,창업진흥원 대전팁스타운 미화·경비용역,servc,20
R26BK01549449_000,JDC 통근버스 운행용역(2026),servc,19
R26BK01549477_000,2026년 스마트 제조혁신 기술수준 조사·분석 연구,servc,28
R26BK01549487_000,2026년 교육부 정보시스템 기능강화 사업 계약,servc,26
R26BK01549554_000,원격탐사기반 정밀 산림공간정보 지능화 시범,servc,23
R26BK01549675_000,2026 발달장애인용 신규 맞춤형 콘텐츠 제작 용역,servc,28
R26BK01549762_000,2026년 골재자원조사 시추조사 및 물리탐사 용역,servc,27
R26BK01549808_000,2026년 디지털예산회계시스템 전산장비 도입 사업,servc,27
R26BK01549815_000,2026년도 서울대학교 연구활동종사자 상해보험 가입,servc,28
R26BK01549882_000,KISTEP 연구사업 위탁정산 회계법인 선정(2026년~2028년),servc,37
R26BK01550053_000,비철금속 및 기타 기초 유기화학물질 제조업에 대한 비산배출 저감을 위한 시설관리기준 마련 연구,servc,52
R26BK01550322_000,다중이용시설 실내공기 중 미생물 분포 특성 연구(Ⅰ),servc,29
R26BK01550407_000,국립춘천박물관 상설전시실 개선 강원의 통일신라 전시 연출,servc,31
R26BK01550442_000,영주시 지적도 기반의 용도지역(지구) 정비 사업,servc,26
R26BK01550469_000,서창도가 활성화를 위한 양조장 통합운영 지원 사업,servc,27
R26BK01550527_000,국가출하승인시설 밸리데이션 용역(생물안전 2·3등급 연구시설 및 무균실험실),servc,42
R26BK01550681_000,2026년도 정보통신기획평가원 통근버스 운영 용역,servc,27
R26BK01550692_000,세종 공간정보 통합플랫폼 유지관리 용역,servc,21
R26BK01550786_000,AI 스마트 IoT 계측센서 관리시스템 구축 용역 시행,servc,30
R26BK01550796_000,26년 국방부 공드럼 정비용역(3지역),servc,21
R26BK01550801_000,사법연수원 법관연수관리시스템 구축을 위한 BPR/ISP 사업,servc,33
R26BK01550838_000,정보시스템 업무연속성관리체계 수립 용역,servc,21
R26BK01550841_000,한국고전번역원 정보 플랫폼 개선 ISMP,servc,22
R26BK01550888_000,2026년 한국고용노동교육원 온라인 콘텐츠 개발 용역,servc,29
R26BK01550911_000,2026년 오픈소스 실태조사 용역,servc,18
R26BK01550961_000,국립공주박물관 어린이박물관 건립공사 설계용역,servc,24
R26BK01550966_000,해양경찰청 비전자 기록물 이전 사업,servc,19
R26BK01551009_000,베트남 중부 재난관리 역량강화 1차 사업,servc,22
R26BK01551053_000,차세대 보상관리시스템 고도화 구축 사업(1단계),servc,26
R26BK01551094_000,완전자율 네트워크 R&D 사전기획 연구용역,servc,23
R26BK01551149_000,수도권 AI 선도지구 발굴 용역,servc,17
R26BK01551183_000,서울신용보증재단 AI 종합전략 고도화 컨설팅,servc,24
R26BK01551191_000,한국천문연구원 차세대 통합정보시스템 구축 ISP 수립,servc,29
R26BK01551230_000,2026년 영주시 지하시설물(상·하수도)정보 수정·갱신 사업,servc,33
R26BK01551450_000,위험도로 및 병목지점 개선사업(8단계) 기본계획 연구용역,servc,31
R26BK01551534_000,2026년 사업장(1~3종) 대기배출원조사,servc,23
R26BK01551591_000,2026년 공유재산 실태조사 사업(수도권역),servc,24
R26BK01551601_000,2026년 국가정보통신망 개선사업,servc,18
R26BK01551651_000,국도4호선 경산 하양~금호 단구간 확장공사 건설폐기물(폐콘크리트)처리 용역,servc,41
R26BK01551688_000,마이데이터 지원 플랫폼 구축(3차),servc,19
R26BK01551690_000,2026년 공유재산 실태조사 사업(중부권역),servc,24
R26BK01551692_000,부산공유대학 미래모빌리티전공 동영상 강의콘텐츠 개발,servc,28
R26BK01551981_000,경찰청 온나라 2.0 전환 사업(1차),servc,21
R26BK01552191_000,국립한국교통대·충북대 통합에 따른 교육·연구·산학협력 등 경쟁력 진단 및 외부 환경 변화에 대비한 발전방향 재구조화 컨설팅 용역,servc,71
R26BK01552200_000,유효 특허 DB 자동생성 모델 개발,servc,19
R26BK01552229_000,재단 디지털 창구 고도화,servc,13
R26BK01552479_000,발굴유물 역사문화공간 조성사업(수도권) 건설사업관리 용역,servc,31
R26BK01552573_000,서창도가 활성화를 위한 마케팅 실행지원 사업 용역,servc,27
R26BK01552632_000,AI 공통기반 LLM을 활용한 AI Agent 구축,servc,28
R26BK01552700_000,"SMR 추진 15,000TEU급(Neo-Panamax) 컨테이너선 선형 최적설계 및 안전해석 도면 작성 및 HAZID 용역",servc,68
R26BK01552702_000,2026 지식재산 주간 행사 대행용역,servc,20
R26BK01552705_000,2026년 K-콘텐츠 활용 한국어 교육 콘텐츠 개발,servc,28
R26BK01552706_000,ICT이노베이션스퀘어 확산 사업 기업협력 프로젝트 추진 용역,servc,33
R26BK01552712_000,"[정책,157] 심장정지 발생원인 및 위험요인 규명 추적조사",servc,33
R26BK01552716_000,자활지원사업 통합정보전산망 2차 구축 및 운영 유지보수,servc,30
R26BK01552726_000,중소기업제품전용 팝업 스토어 기획운영 용역,servc,23
R26BK01552753_000,포항흥해공업고등학교 생활관 증축공사 감리용역(계속비),servc,29
R26BK01552791_000,‘26년 주요정보통신기반시설 취약점 분석 및 정보보안 컨설팅 사업,servc,36
R26BK01552797_000,2026년 영구보존 지적기록물 전산화 사업,servc,23
R26BK01552801_000,BIFC2 신축 사무공간 등 네트워크 인프라 구축,servc,27
R26BK01552804_000,체인포털 클라우드 기반 이중화 구축 감리용역,servc,24
R26BK01552806_000,AI기반 빅데이터 통계시스템 구축 및 체인포털 서비스 개선사업 감리 용역,servc,40
R26BK01552850_000,2026년 정밀안전점검 용역(상대원교 등 6개소),servc,27
R26BK01552882_000,피지 비감염성질환 전략이행 지역보건 의료체계 강화사업 PMC 용역,servc,36
R26BK01552919_000,산림유량 실시간 관측데이터 개방,servc,17
R26BK01552943_000,국방품질종합정보체계(DQIS) 2차 구축사업,servc,24
R26BK01552947_000,26년 클라우드 네이티브 전환 사업(한국농수산식품유통공사),servc,32
R26BK01553019_000,2026~2029년도 공영주차장 등 무인경비시스템 운영관리 용역,servc,35
R26BK01553028_000,2026~2029년도 체육시설 등 무인경비시스템 운영 관리 용역,servc,35
R26BK01553064_000,기획예산처 업무포털 고도화 사업,servc,17
R26BK01553071_000,2026년 개도국 재정정보시스템 개선 컨설팅,servc,24
R26BK01553130_000,2026 국립중앙박물관 문화다양성 모두! ABCD 콘텐츠 확장,servc,34
R26BK01553188_000,2026년 순창군 스마트 경로당 구축 시범사업,servc,25
R26BK01553215_000,(가칭)장안1초등학교 교사신축공사 감독권한대행 등 건설사업관리용역(계속비),servc,41
R26BK01553272_000,고흥군 상수도 통합운영시스템 유지관리 용역,servc,23
R26BK01553334_000,2026 인터넷이용실태조사,servc,14
R26BK01553420_000,2026년 경찰청 노후 최루탄 폐기 용역,servc,22
R26BK01553427_000,e경남몰 시스템 고도화 용역,servc,15
R26BK01553452_000,국도4호선 경산 하양~금호 단구간 확장공사 건설폐기물(폐아스콘)처리 용역,servc,40
R26BK01553487_000,대곡고등학교 교사 이전 신축공사 건설사업관리용역,servc,26
R26BK01553504_000,2026년 통합인증관리시스템 고도화,servc,19
R26BK01553518_000,교육발전특구사업 K-인문 페스타,servc,17
R26BK01553521_000,온실가스 관측 초소형 위성 관제·수신 기술 개발 사업 감리,servc,32
R26BK01553542_000,유해화학물질 함량 확인 시험법 마련 및 적용성 평가(Ⅰ),servc,31
R26BK01553596_000,창원단감 농촌융복합산업 통합행사 용역,servc,20
R26BK01553617_000,국립경국대학교 통합정보시스템 인프라 고도화 사업,servc,26
R26BK01553687_000,2026년 한-페루 디지털정부협력센터 공동협력과제,servc,27
R26BK01553825_000,2026년 교육행정데이터통합관리시스템 지능형 분석 활용 고도화 사업,servc,37
R26BK01553940_000,2026년 도시교통정보센터 SW 고도화,servc,21
R26BK01553963_000,국립생태원 정보통신회선 사업자 선정,servc,19
R26BK01553966_000,2026년도 수입식품통합정보시스템 고도화,servc,22
R26BK01554021_000,2026년 세종 예술온(ON)학교 사업 전문기관 위탁 용역,servc,32
R26BK01554081_000,범부처 연구비통합관리시스템 운영 및 유지관리,servc,24
R26BK01554089_000,2026년 공유재산 실태조사 사업(영남권역),servc,24
R26BK01554109_000,"2026-28년 이종욱펠로우십 프로그램 임상과정(필수수술, 건강증진) 위탁운영",servc,43
R26BK01554208_000,2026년 디지털정보격차 실태조사 운영,servc,21
R26BK01554226_000,청주시 정보시스템 통합유지보수 용역,servc,19
R26BK01554235_000,K-온라인수출 전략품목 맞춤지원 시스템 구축,servc,24
R26BK01554245_000,2026년 국토교통 스타트업·벤처기업 글로벌 진출 지원,servc,30
R26BK01554246_000,행정정보 공동이용 구축·운영 감리 및 개인정보 영향평가 사업,servc,33
R26BK01554259_000,2026년 서울 국제형사법 컨퍼런스 행사 용역,servc,25
R26BK01554353_000,"경주 충효처리분구(와산,외외마을,경주대일원) 하수관로 정비사업 CCTV조사 및 수밀시험 용역(총괄분)",servc,56
R26BK01554413_000,한-베트남 FTA 이행상황평가,servc,16
R26BK01554541_000,지능형 전기설비 진단 관리 고도화 용역,servc,21
R26BK01554542_000,국토안전관리원 2026 스마트 안전장비 지원사업 용역,servc,29
R26BK01554546_000,26년 국방부 공드럼정비용역(4지역),servc,20
R26BK01554603_000,2026년 연안어업 실태조사 및 분석,servc,20
R26BK01554703_000,포렌식 분석환경 노후장비 교체 및 고도화,servc,22
R26BK01554745_000,GloPID-R KOREA 홈페이지 고도화,servc,23
R26BK01554755_000,고산구민운동장 진입도로(소1-수77)건설 실시설계 용역,servc,30
R26BK01554777_000,해외 여론 동향 조기 알림 체계 구축 사업,servc,23
R26BK01554823_000,2026년 김해국토 동부권 관내 환경정비 및 로드킬 처리용역,servc,33
R26BK01554876_000,항공 및 제조 산업 XR 협업 훈련 콘텐츠 제작,servc,26
R26BK01554948_000,JPDC 정보시스템 통합유지관리 용역,servc,20
R26BK01554953_000,"창원시 노후 하수관로 정비공사(3단계) 시공 및 준공검사용역(총괄분,1차분)",servc,42
R26BK01555027_000,조달행정의 기초와 제도에 관한 연구,servc,19
R26BK01555064_000,의약품안전정보관리시스템 통합 구축(2차) 사업의 감리,servc,29
R26BK01555090_000,무인민원발급기 보훈민원증명 발급시스템 개발 용역,servc,26
R26BK01555160_000,26-N-드론 및 무인수상정의 해상위협에 대한 전투실험,servc,30
R26BK01555189_000,26-N-연합합동 해안양륙군수지원훈련 용역,servc,23
R26BK01555358_000,가덕도 신공항철도 연결선 건설사업 전략환경영향평가,servc,27
R26BK01555766_000,우즈베키스탄 AI 기반 민원 분석 및 관리 시스템 실증 타당성조사(Feasibility Study),servc,55
R26BK01555807_000,2026년 전문강사 현장 활용형 성평등 교육 콘텐츠 개발,servc,31
R26BK01555876_000,국가정보자원관리원 혁신 정보화 전략계획(ISP) 수립,servc,29
R26BK01555892_000,2026년도 기관 정보시스템 노후장비 교체 및 행정업무서비스 개선,servc,36
R26BK01555977_000,26년 국제 함정 기술 컨퍼런스 행사,servc,20
R26BK01555991_000,2026 서아시아 문화예술 교류 네트워크 협력,servc,25
R26BK01555995_000,나라키움 용인통합청사 신축 전기감리용역 계약,servc,24
R26BK01556001_000,하도급지킴이 시스템 고도화 ISP,servc,18
R26BK01556076_000,원내 구청사 리모델링 공사 설계용역,servc,19
R26BK01556081_000,발전제어망 보안관제시스템 전사확대 구축(SW개발),servc,27
R26BK01556085_000,(가칭)전북국제태권도고등학교 신설 · 증축 설계용역(공모),servc,32
R26BK01556145_000,2026년 한국민속대백과사전 제작,servc,18
R26BK01556178_000,강원본부 전력관리처 변전운영부 변전자동화팀 업무용 차량 임차계약,servc,35
R26BK01556238_000,26년도 소비자종합지원시스템 기능개선,servc,20
R26BK01556334_000,"대전권 시료 거점센터 운영, 운배송 및 교정·수리 대행 용역",servc,33
R26BK01556377_000,전거데이터 고도화 및 대중문화자료 관리체계 구축 연구,servc,29
R26BK01556416_000,2026 Reha 홈케어 해외 바이어 초청 행사 용역 구매 요청,servc,35
R26BK01556439_000,2026년 공주 청사 시설관리용역,servc,18
R26BK01556514_000,기획특별전 가갸(한글)(가제) 전시연출 설계 및 제작·설치·운영 용역,servc,38
R26BK01556603_000,강원본부 홍천지사 전력공급부 업무용 차량 임차계약,servc,27
R26BK01556623_000,2026년 혁신제품 임차 시범구매(평가와 훈련이 가능하고 훈련 콘텐츠를 접목하여 즐겁게 재활훈련 할 수 있는 재활의료기),servc,67
R26BK01556652_000,2026년 우정사업기반망 노후 네트워크장비 교체,servc,26
R26BK01556856_000,서울과학기술대학교 하이테크관 신축 전기공사 임대형 민자사업(BTL) 감리용역,servc,42
R26BK01557016_000,(용역)산불위험지도 제작,servc,13
R26BK01557045_000,’26년~’28년 형사절차전자화 지원 스캔 용역사업 계약 요청(장기신규),servc,40
R26BK01557127_000,2026년 김해국토 서부권 관내 환경정비 및 로드킬 처리용역,servc,33
R26BK01557146_000,2026년 하반기 KTV 외주프로그램 제작 용역(저출산 극복),servc,34
R26BK01557186_000,26-D-통합정비공장 유형 재분류 연구 등 7건 제개정,servc,30
R26BK01557250_000,금강권역 강수량 관측환경 변화에 따른 수문학적 활용 방안 연구,servc,34
R26BK01557365_000,공공 AI CCTV 전환(경상남도) 사업 조달 요청,servc,28
R26BK01557369_000,2026년 책이음서비스 확대 구축,servc,18
R26BK01557376_000,범죄피해자 통합지원시스템 구축(1차) 사업 감리 및 개인정보영향평가,servc,37
R26BK01557405_000,전자결재 기안기 ActiveX 제거 사업,servc,22
R26BK01557444_000,2026년 금융관리시스템 고도화 용역,servc,20
R26BK01557538_000,2026년 문화비소득공제 제도 연구,servc,19
R26BK01557539_000,영주시 홈페이지 기능 개선 및 고도화 용역,servc,23
R26BK01557648_000,SW 3자단가(LX2 학습관리시스템 v2.0 (커스터마이징) (주)포씨소프트),servc,43
R26BK01557797_000,중소벤처기업-숲(SSUP) 4단계 구축 용역,servc,24
R26BK01557806_000,2026년 탄소 감축량 산정 및 인증 지원,servc,23
R26BK01558112_000,질량분석기(에이비사이엑스) 유지보수 계약,servc,22
R26BK01558288_000,공공지원 민간임대주택 공사비 검증을 위한 원가조사용역,servc,29
R26BK01558523_000,2026년 사회서비스 바우처 시스템 기능개선 감리 및 개인정보 영향평가,servc,39
R26BK01558555_000,상권 활성화 콘텐츠 기획·운영 용역,servc,19
R26BK01558762_000,2026년 교육행정데이터통합관리시스템 기술지원,servc,25
R26BK01558806_000,사이버보안 운영환경 개선 및 통합 구축 사업,servc,24
R26BK01558817_000,기업지원 통합 전산시스템 구축 감리,servc,19
R26BK01559039_000,국제감축사업 레디니스 지원 방안 마련 연구,servc,23
R26BK01559111_000,"[정책,154] 손상기전별 AI 기반 손상위험 예측모델 개발 및 정책 활용 방안 연구",servc,47
R26BK01559119_000,26-A-00부대 설계용역(A100),servc,20
R26BK01559189_000,소상공인 AI 학습 데이터셋 및 서비스 구축,servc,24
R26BK01559196_000,AI 레드팀 테스트베드 환경 조성을 위한 클라우드 서비스 구매,servc,34
R26BK01559220_000,2026년 제로에너지건축물 에너지 최적화 컨설팅 지원,servc,29
R26BK01559341_000,미지테러물질 추적·확인 및 특성예측 기술개발(Ⅲ),servc,27
R26BK01559346_000,26년 제24차 세계한상대회 기업전시회 운영대행 용역,servc,29
R26BK01559378_000,경남 김해 지역 도로데이터 구축 및 CarMaker S_W 기반 가상환경 구현 용역,servc,46
R26BK01559416_000,국립부산과학관 2026 헬로메이커 행사 대행 용역,servc,27
R26BK01559439_000,아시아개발은행 조달제도 개정의 시사점 분석 및 우리기업의 대응방안 마련 연구용역,servc,44
R26BK01559497_000,온실가스 목표관리업체 모니터링 체계 점검·개선 지원,servc,28
R26BK01559585_000,국가직무발명특허권 등의 기술실시료 정산 위탁사업,servc,26
R26BK01559790_000,탄천일반산업단지 일자리연계형 지원주택사업 설계용역,servc,27
R26BK01560035_000,태양광발전장치 115종 원가계산 용역 계약 의뢰,servc,26
R26BK01560117_000,독립유공자 포상 기록철 전산화 사업,servc,19
R26BK01560132_000,26년 정보시스템(폐기물처분부담금) 기능 개선 사업,servc,28
R26BK01560160_000,UH-60헬기 판독기 해외조달 대체품 개발 연구 용역,servc,29
R26BK01560163_000,2026년 하반기 KTV 외주프로그램 제작(현장 공무원) 용역,servc,34
R26BK01560183_000,2026년 국립중앙도서관 장서점검 사업,servc,21
R26BK01560211_000,인공지능(AI) 기반 어울림더하기 프로그램 개발,servc,26
R26BK01560226_000,농림축산검역본부 중부지역본부 국제표준실험실 증축 공사 전기 감리용역,servc,37
R26BK01560285_000,2026년 로컬콘텐츠 중점대학 K-MOOC 콘텐츠 제작 용역,servc,33
R26BK01560335_000,(26F132-B) 집중정신전력교육용역,servc,21
R26BK01560449_000,국도59호선 연곡-현북1 도로건설공사 건설폐기물 위탁처리용역,servc,33
R26BK01560730_000,2026년 뉴스콘텐츠 공용인프라 고도화 사업,servc,24
R26BK01560756_000,공영홈쇼핑 ERP시스템 개선사업,servc,17
R26BK01560848_000,신문1지구초등학교 교사 신축공사 건설사업관리용역,servc,26
R26BK01560912_000,(가칭)시흥과학고 교사 및 기숙사 신축 전기공사 설계용역,servc,31
R26BK01560929_000,장승포파출소 연안구조정(S-111) 계획정비(정기수리) 계약 의뢰,servc,36
R26BK01560936_000,2026년 인천광역시교육청 CBT 기반 온라인 문항제공 서비스 운영 및 확대 사업,servc,45
R26BK01560951_000,26-D-국방군사시설 공사비 기준단가 개정 연구용역,servc,28
R26BK01560964_000,26년 국방부 공드럼 정비용역(1지역),servc,21
R26BK01560984_000,2026년 주소지능정보 확장 실증사업,servc,20
R26BK01561027_000,2026년 국립무형유산원 국제교류 공연 운영 대행 용역,servc,30
R26BK01561109_000,부산현대미술관 홈페이지 재정비 사업,servc,19
R26BK01561270_000,실시간 신호정보 제공시스템 구축,servc,17
R26BK01561440_000,학교통합누리집 재구축 정보시스템 마스터플랜(ISMP) 수립 위탁용역,servc,37
R26BK01561622_000,청년 일경험 통합플랫폼 구축 3차 사업,servc,21
R26BK01561722_000,2026년 정보보호시스템 통합 유지관리 용역,servc,24
R26BK01561767_000,경력개발지원을 위한 대국민 잡케어 고도화 사업,servc,25
R26BK01561853_000,항만물류통합플랫폼(체인포털) AI 전환사업 감리용역,servc,28
R26BK01561855_000,(가칭)고산3초 신축 전기공사 설계용역,servc,21
R26BK01561860_000,공공데이터 및 데이터기반 행정 활성화 지원 사업,servc,26
R26BK01561868_000,행정재산 상시조사 IT환경 구축,servc,17
R26BK01561873_000,2026 창원조각비엔날레 홍보대행 용역,servc,21
R26BK01561881_000,(가칭)내곡중학교 신축 소방공사 설계용역,servc,22
R26BK01561926_000,2026년 KoVAC 산업거점 고도화 및 비즈니스 지원 운영,servc,33
R26BK01561927_000,2026년도 국회부산도서관 정보서비스 고도화사업,servc,26
R26BK01561970_000,[한국소방시설협회] 정보시스템 기능 고도화 사업,servc,26
R26BK01561976_000,2026년 KOHI 학습시스템 운영지원 용역,servc,24
R26BK01562023_000,2026년 협약형 특성화고 육성 역량 강화 국외연수,servc,28
R26BK01562024_000,국도59호선 연곡-현북2 도로건설공사 건설폐기물 위탁처리용역,servc,33
R26BK01562026_000,AI를 활용한 대학 진학상담 고도화  정보화전략계획(ISP) 수립,servc,36
R26BK01562143_000,2026 인도네시아 전기차 정비 교육훈련 용역,servc,25
R26BK01562204_000,ICT 규제샌드박스 AI 기반 규제확인 서비스 제공 운영사 선정 용역,servc,38
R26BK01562233_000,전남지방우정청 자과초금(외화 포함) 및 점외365코너 현금 위탁운송 용역 계약,servc,43
R26BK01562247_000,제주대학교 2026학년도 하반기 학내 순환버스 등 임차운행 용역,servc,35
R26BK01562289_000,2026년 통합 MSP 운영·유지관리 사업,servc,23
R26BK01562322_000,2026년 감염병 진단시약 성능평가,servc,19
R26BK01562362_000,2026 최저임금 적용효과에 관한 실태조사의 현장조사 및 전산처리,servc,36
R26BK01562379_000,2026년 혁신제품 임차 시범구매 (전기차 화재전용 이동형 화재진압장비),servc,40
R26BK01562470_000,2026 월드 스마트시티 엑스포 홍보관 구축·운영 용역,servc,30
R26BK01562588_000,"(가칭)탕정3유치원 외 2교(탕정9초, 탕정2고) 신축공사 건설사업관리용역",servc,41
R26BK01563117_000,(26G105-B) DECAP 기법활용 ROM 추출기술 연구용역,servc,35
R26BK01563184_000,2026년 공무용 차량 종합보험 재가입,servc,21
R26BK01563253_000,2026년 충북 학생 체인지 플랫폼 고도화 용역 계약 요청,servc,32
R26BK01563442_000,26-M-교과목형 CBT 콘텐츠 개발,servc,20
R26BK01563535_000,삼호지구 주민복지 문화 프로그램 운영 사업,servc,23
R26BK01563572_000,2026년 주민인사정보부 소관 사업 통합 감리용역,servc,27
R26BK01563622_000,1사옥 건축물 정밀안전진단 및 내진성능평가 용역,servc,26
R26BK01563789_000,전국 출입국·외국인관서 노후 네트워크 인프라 개선(2차) 사업,servc,34
R26BK01564308_000,캠코인재개발원 홈페이지 재구축,servc,16
R26BK01564316_000,2026년 한국어-외국어 말뭉치 구축 사업 감리,servc,26
R26BK01564338_000,부산항만공사 정보시스템 DR체계 및 정보화전략(ISP) 수립 용역,servc,36
R26BK01564339_000,전주기 성과관리 컨설팅 및 영향평가 실행 방안 용역,servc,28
R26BK01564394_000,공공 AI CCTV 전환(울산광역시) 사업,servc,23
R26BK01564446_000,2026년 재정성과관리 AI 구축,servc,18
R26BK01564484_000,김구 탄생 150주년 기념 미디어아트 기획·운영 용역,servc,29
R26BK01564509_000,2026년 5급승진리더과정 원외학습 버스 임차,servc,25
R26BK01564515_000,2026년 원가계산 시스템장비 4종 제조원가 제비율 및 자재가격 조사 용역,servc,41
R26BK01564522_000,2026 하반기 정책여론조사 수행 용역 계약,servc,24
R26BK01564537_000,항공교통흐름관리 사후분석시스템(POA) 유지관리,servc,26
R26BK01564540_000,KOICA 해외사무소(5차) 보안시스템 설치 용역,servc,27
R26BK01564543_000,2026년도 국립부산과학관 하반기 특별기획전 빌드업 프로젝트(가제) 연출 및 제작·설치 용역,servc,51
R26BK01564550_000,개인정보보호 관리체계 강화 사업,servc,17
R26BK01564552_000,의결서 융복합 인공지능학습데이터 개방,servc,20
R26BK01564585_000,2026년 AI·디지털 실생활 역량 강화 교육 콘텐츠 개발,servc,32
R26BK01564657_000,2026 예술기업 상생혁신 프로그램(오픈이노베이션) 기획 및 운영,servc,36
R26BK01564676_000,2026년 통계지리정보시스템(SGIS) 개선 감리 사업,servc,30
R26BK01564773_000,2026년도 의정지원DB 구축 사업,servc,19
R26BK01564849_000,신용보증재단중앙회 전산 및 방송설비 유지보수 용역,servc,27
R26BK01564907_000,블록체인 기업 맞춤형 보안 고도화 지원,servc,21
R26BK01564954_000,국제여객터미널 영상감시시스템 고도화 사업 용역(장비관리과-1324),servc,37
R26BK01564959_000,2026년 하반기 EPIK 사전연수 교육·운영지원 용역,servc,30
R26BK01565035_000,공공 AI CCTV 전환(한국도로공사) 사업 조달 요청,servc,30
R26BK01565176_000,창업진흥원 대전팁스타운 시설물 관리용역,servc,21
R26BK01565236_000,국립대구과학관 미디어월 영상콘텐츠 제작,servc,21
R26BK01565246_000,양자 플래그십(양자통신 센서) 글로벌 트렌드 분석 및 고도화 전략 연구,servc,39
R26BK01565405_000,2026년 유·초·중·고·특수학교 표준교육비 산출 연구,servc,30
R26BK01565454_000,2026년 전남 콘텐츠 IP 패키지 지원 용역,servc,25
R26BK01565571_000,플라스틱 순환경제 해외진출 지원방안 연구,servc,22
R26BK01565747_000,신재생에너지 및 복합발전 운전 데이터 개방체계 구축,servc,28
R26BK01565783_000,국가정황정보(COI) DB 및 통합관리시스템 구축(2차) 사업,servc,34
R26BK01565814_000,조달데이터 관리체계 및 정비방안 수립 연구,servc,23
R26BK01565837_000,국내 귀환 취약 고려인동포 보듬기 사업 운영 용역,servc,27
R26BK01565901_000,R&D 특화 LLM 성능 개선과 NTIS&IRIS AI 서비스 고도화,servc,38
R26BK01566022_000,SW 3자단가(내풀로 CMS v1.0 (유지관리) 내풀로스 주식회사),servc,38
R26BK01566023_000,2026년 비전자기록물 DB구축,servc,17
R26BK01566045_000,SW 3자단가(내풀로 CMS v1.0 (커스터마이징) 내풀로스 주식회사),servc,40
R26BK01566086_000,2027년 소방산업 수요조사 용역,servc,18
R26BK01566103_000,2026년 대전수학축전 행사 대행 용역사업,servc,23
R26BK01566132_000,[정보화/중앙/바이오빅데이터과] 보건의료연구자원정보센터(CODA)의 인증 취득을 위한 컨설팅,servc,51
R26BK01566136_000,한국독립운동 관계 자료 통합개방 데이터 구축 사업,servc,27
R26BK01566150_000,교육청 및 학교 학사정보 표준 개방체계 구축,servc,24
R26BK01566290_000,27년 배출저감 대상 사업장 사전 교육 및 기술지원,servc,28
R26BK01566427_000,2026년 사이버수사 전문화 교육(민간위탁),servc,24
R26BK01566504_000,경찰청 출동경찰관 공동현관 자동출입시스템 구축,servc,25
R26BK01566566_000,전자심의시스템 구축 사업 감리,servc,16
R26BK01566614_000,2026년 수원시 버스정보시스템(BIS) 확대 구축,servc,28
R26BK01566727_000,중소기업은행 문래동합숙소 신축공사 건설폐기물 처리 용역,servc,30
R26BK01566823_000,2026 영유아교육 미래 핵심리더 역량강화 연수 국외운영 용역,servc,34
R26BK01566825_000,지능형 연구데이터 관리 및 연구행정 플랫폼 구축 사업,servc,29
R26BK01566845_000,학습데이터 분석·활용 플랫폼 상용SW 유지관리,servc,25
R26BK01566883_000,26년 전자통합평가시스템 기능개선 사업,servc,21
R26BK01567021_000,26년 국정관리시스템 기능개선 사업,servc,19
R26BK01567060_000,조선총독부박물관 자료 공개 사이트 연계 구축 사업,servc,27
R26BK01567080_000,2026 S.F.(Science×FutureAI)축제 기획 및 행사운영 위탁용역,servc,44
R26BK01567095_000,압수 가상자산 보관 관리 사업,servc,16
R26BK01567135_000,(26F102-A)국방 인사관련 업무체계 통합전략 연구용역,servc,32
R26BK01567406_000,한국전력공사 강화지사 업무용 차량 임차용역,servc,23
R26BK01567581_000,(가칭)천안업성2초등학교 외 1교 신축공사 건설사업관리용역,servc,32
R26BK01567584_000,전국오염원 조사시스템 기능 개선(2026),servc,23
R26BK01567696_000,통합제공체계 데이터 품질 검사 용역,servc,19
R26BK01567818_000,AI기반 실종자 예측 시스템 구축,servc,18
R26BK01567851_000,차세대 보상관리시스템 고도화 구축 사업(1단계) 감리,servc,29
R26BK01567898_000,구정문 및 역사관 주변 외부환경 정비공사 폐아스콘 처리 용역,servc,33
R26BK01568059_000,함라지구 풍수해생활권 종합정비사업 기본 및 실시설계용역,servc,30
R26BK01568065_000,국가독성과학연구소 지능형 업무포털 기반의 AI 비서 플랫폼 구축,servc,35
R26BK01568068_000,2026 글로벌 공공조달 수출상담회(GPPM) 용역,servc,28
R26BK01568130_000,AI학습용데이터 통합제공 거버넌스 체계 지원,servc,24
R26BK01568134_000,임금채권 국세체납 프로세스 도입사업 전산 감리 용역,servc,28
R26BK01568139_000,(가칭) 광복 80주년 특별관 건립사업 설계용역,servc,26
R26BK01568168_000,장전중학교 다목적강당 및 급식실 등 증축공사 건설폐기물처리용역(계속비),servc,39
R26BK01568211_000,무장 자연재해위험개선지구 정비사업 기본 및 실시설계용역,servc,30
R26BK01568236_000,K-Startup 창업지원포털 서비스 통합 용역,servc,26
R26BK01568328_000,UNIST-울산대학교 연구인턴 학부생 해외(독일)연수 프로그램 용역,servc,37
R26BK01568355_000,26-M-00부대 교훈단 스마트전기설비 현대화 전기감리 용역(C022),servc,39
R26BK01568407_000,광역시도 60호선(신정~냉정) 도로건설공사 타당성조사 및 기본설계용역,servc,38
R26BK01568601_000,26-F-병사식당 등 2건 설계용역(D006),servc,25
R26BK01568645_000,(가칭)계양1초등학교 신축 소방공사 설계용역,servc,24
R26BK01568729_000,대중문화 글로벌 영향력 평가지표 연구,servc,20
R26BK01568749_000,출산 초기 가정 육아교육 책자 인쇄 및 배포,servc,24
R26BK01568906_000,2026 서울국제공연예술제 통합운영대행,servc,21
R26BK01568982_000,국도37호선 파주 답곡천교A2~답곡천교A2+0.698 등 4개소 포장도 보수공사 건설폐기물처리용역,servc,54
R26BK01569101_000,국도47호선 포천 연곡1교A2~사직4교A1 등 8개소 포장도 보수공사 건설폐기물처리용역,servc,48
R26BK01569152_000,정보작전모의모델 체계개발 PMO사업,servc,19
R26BK01569154_000,2026년 장애인정보누리터 독서 및 디지털 역량 강화 프로그램 운영,servc,37
R26BK01569161_000,2026년 보행안전정책 홍보 용역,servc,18
R26BK01569303_000,기록물 분류체계 구축 및 비전자기록물 전수조사 용역,servc,28
R26BK01569452_000,중소기업 혁신바우처 사업 관리시스템 운영 및 유지보수 용역,servc,32
R26BK01569458_000,대구교육정보서비스 인프라 고도화 사업,servc,20
R26BK01569460_000,AI 에이전트 기반 축산 유전체 정보활용체계 설계 및 기술검증(PoC) 연구,servc,42
R26BK01569524_000,생성형 AI 플랫폼 서비스 고도화,servc,18
R26BK01569560_000,전자가계부 시스템 구축을 통한 소비자패널 데이터 수집체계 전환 용역,servc,37
R26BK01569697_000,2026 아시아문화주간 행사운영,servc,17
R26BK01569952_000,2026년 소공인 판로개척지원사업 성과확산 프로그램 및 사업 운영·지원 용역,servc,42
R26BK01570012_000,(유찰 재공고) 강원본부 전력관리처 변전운영부 변전자동화팀 업무용 차량 임차계약,servc,44
R26BK01570069_000,문화 분야 AI 학습데이터 개방,servc,17
R26BK01570072_000,2026년 한국학자료통합플랫폼 구축(5차),servc,23
R26BK01570144_000,디지털서비스_클라우드스퀘어_중개서비스 for 네이버클라우드 (IaaS),servc,39
R26BK01570159_000,강원특별자치도 콜센터 시스템 고도화 용역,servc,22
R26BK01570183_000,지하철 혼잡도 및 안전시설 데이터 개방,servc,21
R26BK01570202_000,2026년 과학수사 맞춤형 석사과정(장기신규),servc,25
R26BK01570214_000,통합 연계 고도화 구축 사업,servc,15
R26BK01570258_000,디지털서비스_ 칵테일아이오_칵테일아이오 지원서비스,servc,27
R26BK01570295_000,디지털서비스_굿어스데이터_굿어스데이터 지원서비스,servc,26
R26BK01570393_000,2026년 공인전자문서제도 점검 및 체계개선,servc,24
R26BK01570472_000,디지털서비스_삼성에스디에스_Brity Works & Copilot,servc,36
R26BK01570665_000,복무지도 등 실태조사 공용차량 임차(렌트),servc,23
R26BK01570760_000,AI 국악 음원 및 이미지 데이터 개방체계 구축,servc,26
R26BK01570825_000,성평등·가족·청소년 AI 벤치마크셋 및 청소년증 진위확인 데이터 개방 사업,servc,41
R26BK01570914_000,국가주도 한-베트남 국외산림탄소축적증진(REDD+) 타당성 조사 및 민관협력 실행방안 마련,servc,50
R26BK01570931_000,원스톱지원센터 상담플랫폼 기능개선 용역,servc,21
R26BK01571073_000,2026년도 대미 공공외교 카라반 기획 및 운영,servc,26
R26BK01571105_000,2026년 마을기업 재도약 컨설팅 지원사업,servc,23
R26BK01571239_000,해군교전급분석모델(Build-II) 체계개발 PMO사업,servc,30
R26BK01571380_000,2026년 기후테크 스타트업 챌린지 위탁용역,servc,24
R26BK01571469_000,2026년 서울시 상권분석서비스 고도화,servc,21
R26BK01571504_000,재생에너지 기술잠재량 데이터,servc,15
R26BK01571548_000,2026년 국민건강영양조사지원시스템 기능개선,servc,24
R26BK01571575_000,운수종사자관리시스템 데이터 개방체계 구축,servc,22
R26BK01571671_000,에이지테크 국내외 전시 및 글로벌 수요처 발굴단 운영,servc,29
R26BK01571690_000,2026년 지능정보화 컨설팅,servc,15
R26BK01571832_000,농작물 병해충 진단데이터 개방체계 구축,servc,21
R26BK01571884_000,2026년 우정사업용 전기화물소형밴(200대) 임차 보급,servc,31
R26BK01572200_000,부산지방조달청 장애인승강기 설치공사 설계용역,servc,24
R26BK01572217_000,2026년 문화클라우드 인프라 확충 사업,servc,22
R26BK01572320_000,구조화 중심 생활하수 활용 질병 AI 조기경보 프레임워크 개발,servc,34
R26BK01572326_000,`26년 전기차 공공급속충전기 직접설치 사업 책임감리(3권역),servc,34
R26BK01572365_000,`26년 전기차 공공급속충전기 직접설치 사업 책임감리(1권역),servc,34
R26BK01572405_000,2026년 벤치마크 데이터 활용 AI 모델 평가 지원,servc,29
R26BK01572407_000,2026년 환경측정분석정보관리시스템 기능개선 감리,servc,27
R26BK01572459_000,2026년 로봇 사용 실태조사 용역,servc,19
R26BK01572525_000,2026년 넷 챌린지 캠프 시즌13 및 KOREN 31주년 기념행사 용역,servc,40
R26BK01572615_000,국립대한민국임시정부기념관 2026년 하반기 특별전시 홍보물 제작,servc,35
R26BK01572642_000,국제 우주환경 기술정책 교류 행사 용역,servc,21
R26BK01572794_000,보령시 토지적성평가 및 재해취약성분석용역,servc,22
R26BK01572869_000,2026년 혁신제품 임차 시범구매(BTXBrain),servc,28
R26BK01572950_000,2026년 공연장안전정보시스템 운영 및 기능 고도화 사업 용역,servc,34
R26BK01572997_000,2026년 소방산업 통계조사 용역,servc,18
R26BK01573093_000,디지털서비스_아티피셜 소사이어티_AI 기반 문해력 학습 튜터 서비스 레서,servc,40
R26BK01573254_000,2026 차세대 아시아 예술인 커뮤니티 사업 운영 용역,servc,30
R26BK01573556_000,26년 클라우드 네이티브 전환 1차 사업(소방청_국가화재정보시스템),servc,37
R26BK01573583_000,2026년 디지털서비스 개방 API 개발 지원사업,servc,27
R26BK01573651_000,수성알파시티 기업 전용 5G 기반 통신망 서비스 제공 용역,servc,32
R26BK01573721_000,`26년 전기차 공공급속충전기 직접설치사업 책임감리용역(2권역),servc,35
R26BK01573736_000,비긴급·상담번호 110 통합 시범운영 시스템 구축,servc,27
R26BK01573864_000,2026 산업부문 배출권거래제 외부사업 활성화 방안 연구,servc,31
R26BK01573946_000,2026년도 재난안전통신망 선박형 이동기지국 운영 및 유지관리,servc,34
R26BK01574104_000,2026년 만성질환예방 정보시스템 기능개선,servc,23
R26BK01574112_000,국도37호선 양평 회현교차로~회현교차로+0.701 등 6개소 포장도 보수공사 건설폐기물처리용역,servc,52
R26BK01574128_000,(연구용역)차세대중형위성 4호 후속 농업위성 개념 설계 및 개발 로드맵 수립,servc,42
R26BK01574222_000,2026 대한민국식품명인 기록화 사업 용역,servc,23
R26BK01574228_000,클라우드 전환을 위한 DB 마이그레이션,servc,21
R26BK01574258_000,밤 풍경 지역상생 순회전 전시연출 설계 및 제작·설치,servc,29
R26BK01574288_000,공동교육과정 수강신청 시스템 개발 용역,servc,21
R26BK01574306_000,AI 기반 도로 포트홀 검출 및 알림 서비스 구축 사업,servc,30
R26BK01574844_000,유양초 신설대체이전 신축공사 감독권한대행 등 건설사업관리용역,servc,33
R26BK01574954_000,디지털 제품 여권 대응 한국형 산업공급망 데이터 플랫폼 시스템 구축 정보화 전략계획(ISP/BPR) 수립,servc,58
R26BK01575027_000,2026년 지역 에너지효율 네트워크 운영지원 용역,servc,27
R26BK01575062_000,2026 인도네시아 ODA 사업 관련 제도개선 및 성과관리 운영 용역,servc,38
R26BK01575163_000,KRISO 2025~2030 연구사업 기술사업화 전략연구,servc,31
R26BK01575167_000,김해·울산·여수공항 항공기 소음영향도 조사용역,servc,25
R26BK01575206_000,세계민속관 조성(상설전시관1 개편) 전시연출 설계 제작 설치 용역,servc,36
R26BK01575259_000,(가칭)명지3고등학교 교사신축 전기공사 설계용역(계속비),servc,31
R26BK01575263_000,국립경국대학교 IR 대학 성과 및 데이터 통합관리시스템 고도화,servc,34
R26BK01575271_000,2026년 능력개발교육원 마이크로러닝 콘텐츠 개발,servc,27
R26BK01575278_000,2026 예술분야 예비창업 인큐베이팅 프로그램 운영 대행,servc,31
R26BK01575279_000,2026년 초.중.고 대상 경제이해력 조사,servc,23
R26BK01575306_000,중소기업 빅데이터플랫폼(SIMS) 활용 중소기업 정책분석 모형 및 방법론 개발,servc,43
R26BK01575310_000,2026년 국민 양형체험 프로그램(동영상) 제작,servc,26
R26BK01575365_000,2026 제21회 국제로봇콘테스트 대회장 조성 및 대회 운영 용역,servc,36
R26BK01575415_000,독립전쟁기념관 건립 타당성 조사 및 기본구상 연구용역,servc,29
R26BK01575458_000,"(가칭)명지3고등학교 교사신축 정보통신, 소방공사 설계용역",servc,32
R26BK01575518_000,에듀테크 가치평가모형 고도화 및 활용 지원,servc,23
R26BK01575698_000,지방보조금 부정수급 모니터링 운영체계 고도화 사업,servc,27
R26BK01575852_000,차세대 폐자원에너지 종합정보관리시스템 구축(3단계),servc,28
R26BK01575898_000,"[정보,162] 2026년 방역통합정보시스템 기능개선",servc,29
R26BK01575981_000,2026년 행정지원시스템 클라우드 전환 및 고도화 사업,servc,30
R26BK01576004_000,대구청 제1기동대 신축 교통영향평가용역,servc,21
R26BK01576180_000,한국전력공사 경기본부 송전운영부 업무용 차량 임차,servc,27
R26BK01576548_000,전북교육포털 전산실 구축 및 이전(긴급),servc,22
R26BK01576614_000,AI 기반 학습분석실 통합운영관리시스템 구축,servc,24
R26BK01576623_000,직업훈련 AI 심사시스템(원격) 구축 사업,servc,23
R26BK01576678_000,2026년 중앙행정기관 청년정책 분석.평가 연구,servc,26
R26BK01576680_000,2026 제 16회 부산로봇경진대회 행사기획 및 운영 용역,servc,32
R26BK01576731_000,2026 영재교육 온라인 콘텐츠 개발 위탁 용역,servc,26
R26BK01576878_000,공공·대학도서관의 무장애 전자책 서비스 환경 조성 및 시범운영 사업,servc,37
R26BK01576892_000,[돌봄] 돌봄로봇 및 돌봄기기 실증을 위한 국제교류 활성화 연구 -사용성 평가 고도화를 중심으로-,servc,54
R26BK01576929_000,영동군 군도 도로대장 전산화 구축용역,servc,20
R26BK01576957_000,2026년 대기환경정보시스템 고도화,servc,19
R26BK01577055_000,CCTV 자가통신망 통합관리시스템 구축 용역,servc,24
R26BK01577067_000,2026년 ARS 운용실태 분석 및 평가업무 위탁 용역,servc,30
R26BK01577110_000,Medtech Insight 2026 위탁 운영,servc,26
R26BK01577193_000,K-토론나라 등 사회적 대화체 운영 및 온라인 콘텐츠 제작 사업,servc,35
R26BK01577280_000,태백 꿈탄탄 이음터 건립사업 기본 및 실시설계용역,servc,27
R26BK01577310_000,국립수목원 산림박물관 리모델링 부대공사 감리용역(전기),servc,30
R26BK01577464_000,부산대학교 성장엔진 연계 지역인재양성 및 대학혁신 전략수립 용역,servc,35
R26BK01577498_000,디지털서비스_SK_SK 중개서비스 for Naver Cloud (IaaS),servc,41
R26BK01577587_000,2026년 시청각기록물 정수점검 및 DB구축 용역,servc,27
R26BK01577644_000,"로봇 스타트업(예비,초기,재창업자) 성장지원 운영 용역",servc,30
R26BK01577734_000,화학물질 안전정보 AI 학습 데이터 개방,servc,22
R26BK01577753_000,국립경국대학교 글로컬대학추진단 유튜브 콘텐츠 제작 및 채널 운영 관리,servc,38
R26BK01577787_000,국가화재정보시스템 고도화 ISP,servc,17
R26BK01577808_000,제4회 전국동시조합장선거 정보시스템 개선 및 위탁운영 사업,servc,32
R26BK01577962_000,우간다 감염병 예방 및 대응체계 강화사업 PMC 용역,servc,29
R26BK01578136_000,eLoran 수신기 보정지도 지원 시스템 구축,servc,25
R26BK01578153_000,디지털서비스_ SK_SK 중개서비스 for 카카오엔터프라이즈 (IaaS),servc,40
R26BK01578213_000,디지털서비스_SK_SK 중개서비스 for NHN Cloud (IaaS),servc,39
R26BK01578225_000,26-F-기지방어 유무인복합전투체계 통합운용 전투실험,servc,29
R26BK01578655_000,26년 공기 중 조류독소 조사·분석 연구,servc,22
R26BK01578861_000,희토류 신규 유망지역 항공 방사능·자력탐사 자료 취득,servc,29
R26BK01578910_000,2026년 IP교환기 시스템 유지보수 계약,servc,23
R26BK01578928_000,"상용SW 제3자단가계약(주식회사 위드시스, With AI v1.0(유지관리))",servc,43
R26BK01578931_000,"상용SW 제3자단가계약(주식회사 위드시스, With AI v1.0(커스터마이징))",servc,45
R26BK01578934_000,온라인학교 전국 단위 수강 운영 지원을 위한 나이스 기능 개선,servc,34
R26BK01578978_000,2026 목재체험교실 운영 용역,servc,17
R26BK01578983_000,고남~창기(제1공구) 도로건설공사 가연성 건설폐기물 처리용역,servc,33
R26BK01579107_000,정부 디지털지갑 서비스 구현(3차) 위탁감리,servc,24
R26BK01579211_000,사이버 보안 취약점 정보 포털 취약점 운영기능 고도화,servc,29
R26BK01579234_000,용문~홍천 광역철도 건설사업 전략환경영향평가,servc,24
R26BK01579240_000,메타데이터 기반의 보건의료데이터 중개 포털 시스템 구축,servc,30
R26BK01579330_000,K-LXP 학생 맞춤형 성장지원 시스템 구축(2단계),servc,29
R26BK01579504_000,2026년 마이데이터 컨설팅 및 교육 지원 용역,servc,26
R26BK01579594_000,2026년 원격 연수용 콘텐츠 개발 용역,servc,22
R26BK01579718_000,2026년 전자기록물 검수 및 기록관리기반 구축 사업,servc,29
R26BK01579788_000,온실가스 관리시스템 구축 용역,servc,16
R26BK01579806_000,26~28년 군정찰위성 지상체 외주정비 용역,servc,24
R26BK01579920_000,소방헬기(EC225) 정비용역 총액계약,servc,21
R26BK01579980_000,사업전환 지원을 위한 비즈패스파인더 고도화 용역,servc,26
R26BK01580288_000,2026년 온실가스 감축설비 지원사업 운영지원,servc,25
R26BK01580464_000,(가칭)왕숙1고 신축 전기공사 설계용역,servc,21
R26BK01580498_000,(연구용역)26~27년 야생조류에 의한 고병원성조류인플루엔자 발생 위험성 분석 연구,servc,46
R26BK01580501_000,공공생리대 지급기 중앙관리시스템 구축 및 운영,servc,25
R26BK01580523_000,2026 공공기관 AI 혁신 챌린지 행사 기획 및 운영 대행 용역,servc,36
R26BK01580528_000,한국폴리텍대학 춘천캠퍼스 제3공학관 증축 공사 설계용역(건축),servc,34
R26BK01580590_000,고창 흥덕-부안 행안(1공구) 도로확장공사 건설폐기물(폐콘크리트) 위탁처리용역(1차),servc,47
R26BK01580616_000,2026년 국가 대테러종합훈련,servc,16
R26BK01580633_000,치매안심센터용 진단도구 개발 연구(’26~’27),servc,27
R26BK01580679_000,2026년 산업부문 배출권거래제 외부사업 평가 및 운영 지원,servc,33
R26BK01580729_000,국립중앙박물관 고객정보통합관리(CRM) 시스템 구축,servc,28
R26BK01580739_000,금연서비스 통합정보시스템 기능개선 및 유지관리,servc,25
R26BK01580790_000,한반도 평화공존 정책 종합학술대회 기획 및 운영,servc,26
R26BK01580830_000,2026년 전국우수시장박람회 행사대행 용역,servc,23
R26BK01580840_000,양식어류 난치성 질병 예방백신 개발을 위한 식물기반 재조합 항원 대량생산 시스템 구축,servc,47
R26BK01580902_000,2026년 모바일 안전드림 앱 2차 고도화 사업,servc,26
R26BK01581134_000,강원대학교 강릉캠퍼스 발전계획 수립 연구용역,servc,24
R26BK01581187_000,야생포유류 조류인플루엔자(AI) 검사를 위한 시료확보 용역,servc,32
R26BK01581261_000,APEC 인구정책포럼,servc,11
R26BK01581263_000,2026년 어린이박물관 어린이관1 부분 개선 전시 연출 설계 및 제작·설치 용역,servc,44
R26BK01581313_000,2026년 세종학당 학습자 온라인 커뮤니티 운영 및 성과 확산 사업,servc,37
R26BK01581579_000,2026년 조위관측소 정밀안전점검,servc,18
R26BK01582015_000,(26F122-B) 지능화창정비관리시스템연계 공정설계용역,servc,31
R26BK01582351_000,NPU기반 지능형 영상감시체계 시범 구축(해군) 사업 조달 요청,servc,35
R26BK01582418_000,이집트 AI 기반 공공서비스 추진 전략 및 UI/UX 표준적용 방안(2단계) 수립,servc,45
R26BK01582467_000,표준기록관리시스템 고도화 구축 사업,servc,19
R26BK01582474_000,고창 흥덕-부안 행안(1공구) 도로확장공사 건설폐기물(폐아스콘) 위탁처리용역(1차),servc,46
R26BK01582517_000,해양 무인시스템 실증시험 전용부두 조성공사 기본 및 실시설계용역,servc,35
R26BK01582553_000,바이오 데이터 AI 통합분석·활용플랫폼 구축 ISP 수립,servc,31
R26BK01582604_000,2026 공연예술행사 통합 홍보 프로모션 운영 대행,servc,28
R26BK01582768_000,대학원 학사정보시스템 구축 사업  감리 및 개인정보영향평가,servc,32
R26BK01582785_000,2026년 여성관리자패널조사 7차 조사,servc,21
R26BK01582831_000,남양주 사릉 및 홍릉과 유릉 역사문화관 전시영상 제작 및 설치,servc,34
R26BK01582882_000,2026년 산재예방정보시스템 감리 용역,servc,21
R26BK01583039_000,국립순천대학교 성과관리시스템 고도화 사업,servc,22
R26BK01583074_000,근로복지공단 울산병원 응용프로그램 유지관리 위탁 사업,servc,29
R26BK01583171_000,공영홈쇼핑 캠페인 솔루션 구축 감리용역,servc,21
R26BK01583200_000,`26년 전기차 공공급속충전기 직접설치 사업 책임감리(4권역),servc,34
R26BK01583345_000,2026년 차세대 미디어 페스티벌 운영,servc,21
R26BK01583849_000,튜닝 및 EV 컨버전 전문인력 양성을 위한 교육과정 개발용역,servc,33
R26BK01583957_000,출입국심사 여권 판독 고도화 사업,servc,18
R26BK01583959_000,NPU기반 지능형 영상감시체계 시범 구축(공군) 사업,servc,29
R26BK01584081_000,온라인 채용시스템 구축,servc,12
R26BK01584120_000,환경보건포털 고도화 3차 구축,servc,16
R26BK01584154_000,2026년 대한민국 소상공인대회 행사운영 용역,servc,25
R26BK01584534_000,제6회 아시아문학페스티벌 운영 용역,servc,19
R26BK01584985_000,광주광역시교육청 5단계 스쿨넷서비스  제공 용역,servc,26
R26BK01585147_000,농림축산검역본부 중부지역본부 국제표준실험실 증축 공사(폐기물처리),servc,36
R26BK01585213_000,2026 교통사고 줄이기 한마음대회 행사 대행업체 선정,servc,30
R26BK01585662_000,전남대학교 용봉학술제(TECH-Fair) 행사 기획·운영 대행 용역,servc,37
R26BK01585676_000,2027년 대비 천안시 토지적성평가용역,servc,21
R26BK01585767_000,2026년 글로벌 시장개척단 운영 용역,servc,21
R26BK01585814_000,(가칭)창릉5초 외 1교(장항중) 신축공사 감독권한 대행 등 통합건설사업관리용역,servc,44
R26BK01585923_000,2026 고령친화산업 제조·서비스업 실태조사,servc,24
R26BK01585944_000,2026년 의료폐기물 운반·처리용역,servc,19
R26BK01585977_000,무공해차 환경인증평가 교육 가상현실 VR 프로그램 유지보수(2026년),servc,39
R26BK01586054_000,2026 인천공항세관 노후 전산장비 교체(리스),servc,26
R26BK01586128_000,스마트농업 첨단산업밸리 조성 기본구상 및 타당성 연구,servc,29
R26BK01586164_000,2026. 충북 다차원 학생성장 플랫폼 다채움 품질 제고,servc,31
R26BK01586222_000,이미지시스템 고도화 용역사업,servc,15
R26BK01586347_000,진주교대 교육연구동 개축공사 건설폐기물 처리용역(1차),servc,30
R26BK01586375_000,바다봄 2단계 2차년도 개선 사업,servc,18
R26BK01586383_000,고남~창기(제2공구) 도로건설공사 가연성 건설폐기물 처리용역,servc,33
R26BK01586483_000,제3컨테이너검색센터 폐기물 처리,servc,17
R26BK01586613_000,국립순천대학교 통합학사시스템(향림통) 3차 고도화 사업,servc,30
R26BK01586755_000,인제군 토지적성평가 및 재해취약성 분석 용역,servc,24
R26BK01586848_000,"2026년 기업가형 소상공인 육성(교육, AI) 성과확산 용역",servc,34
R26BK01586982_000,"한전 남부건설본부 국가기간망건설1부 쏘렌토 하이브리드 임차 계약(1대, 36개월)",servc,45
R26BK01586999_000,소상공인 보건관리 위탁 용역,servc,15
R26BK01587007_000,경기기록원 설립사업(제1별관 등) 전기공사 감리용역,servc,28
R26BK01587010_000,차세대 부동산종합공부시스템 구축 3차 감리,servc,23
R26BK01587014_000,국유재산 관리 시스템 AI전환(AX) 컨설팅,servc,24
R26BK01587046_000,(가칭)영종하늘5중학교 신축 소방공사 설계용역,servc,25
R26BK01587120_000,강원대학교 강릉캠퍼스 학내 건설폐기물 처리 용역,servc,26
R26BK01587180_000,2026년 친환경농업센터 토양 다이옥신 실내분석 용역(1차분),servc,34
R26BK01587202_000,AI 기반 원 정보화 중장기계획 및 ISP 수립 용역,servc,29
R26BK01587231_000,2026년 부동산개발사업 통합관리시스템 구축,servc,24
R26BK01587257_000,2026년 로봇활용 제조혁신 지원사업 성과활용 및 실태 조사 용역,servc,36
R26BK01587379_000,2026년도 정보화 사업 통합감리,servc,18
R26BK01587386_000,2027년 예산(안) 홍보 위탁 용역 계약 의뢰,servc,26
R26BK01587596_000,동물대체시험법 국제표준화를 위한 검증 자료 생산,servc,26
R26BK01587656_000,26년도 KISA 기관성과 향상을 위한 성과관리 방안 연구,servc,32
R26BK01587809_000,제73주년 해양경찰의 날 기념식 행사 용역,servc,23
R26BK01587883_000,만년제 제방 복원 기본 및 실시설계 용역,servc,22
R26BK01588248_000,26-M-역사자료 디지털 보존 사업,servc,19
R26BK01588362_000,2026년 방위사업 이러닝컨텐츠 제작 용엽사업,servc,25
R26BK01588466_000,다중모델 생성형 AI 플랫폼 서비스 도입 용역,servc,25
R26BK01588475_000,2026 국내 화랑 해외 특별전시 및 연계 프로모션 운영 용역,servc,34
R26BK01588648_000,2026년 산업체 온실가스 인벤토리 구축 지원,servc,25
R26BK01588654_000,검찰공무원 인재개발관리시스템 구축,servc,18
R26BK01588666_000,제81주년 경찰의 날 행사 용역,servc,17
R26BK01588677_000,2026년 내외국인 대상 지역상권 홍보 용역,servc,24
R26BK01588680_000,국립항공박물관 소장자료 이전 및 보관·관리 용역,servc,26
R26BK01588854_000,2026 하반기 해외인사 초청 국제행사 운영 대행 용역,servc,30
R26BK01588900_000,AI 기반 침해대응체계 데이터 제작 및 활용연계 기능 고도화,servc,33
R26BK01588940_000,건설자재 공급망 안정화 관리방안 마련 연구,servc,23
R26BK01589060_000,2026년 노후인프라 교체 및 정보시스템 고도화 사업,servc,29
R26BK01589064_000,콘텐츠 산업현장 맞춤형 인력양성 운영 용역,servc,23
R26BK01589070_000,임차차량 [변환건설2부_EV6],servc,17
R26BK01589094_000,신용보증재단중앙회 사옥 미화 용역,servc,18
R26BK01589118_000,간호와 연계된 간병인 교육·관리체계 구축 연구,servc,25
R26BK01589134_000,Bio-Express 분석 환경 및 기술 연구,servc,25
R26BK01589163_000,제14차 OECD 국제재정포럼 위탁 용역 계약 의뢰,servc,28
R26BK01589169_000,「강원형 스마트 경로당 구축사업」여가복지 프로그램 구축 및 운영 용역,servc,38
R26BK01589242_000,한글 OCX 대체를 위한 정보화전략계획(ISP) 수립 사업,servc,32
R26BK01589381_000,제품 및 공정 시뮬레이션 전후처리 기술지원 컨설팅,servc,27
R26BK01589508_000,대학 AX 추진을 위한 전략 및 기술로드맵 수립 연구 용역,servc,32
R26BK01589616_000,전송자격인증제 운영 및 심사 지원 사업,servc,21
R26BK01589625_000,"[연구,147] HIV 검사 숙련도평가 운영 및 표준물질 생산",servc,34
R26BK01589637_000,2026년 신재생에너지설비 고장접수지원센터 위탁운영,servc,28
R26BK01589704_000,KPX 사이버안전센터 운영 위탁 용역,servc,20
R26BK01589766_000,지상원격 측정장비 유지보수(2026),servc,20
R26BK01589804_000,한국지질자원연구원 아날로그 자료 디지털화 용역,servc,25
R26BK01589981_000,26년 엔티스 운영 및 유지관리 감리,servc,20
R26BK01590019_000,해양문화도시 기반의 에이지테크 산업 생태계 교류 및 실증 지원협의체 운영,servc,40
R26BK01590247_000,저속 위성통신 공관 외교정보전용망 증속 사업(2026.8. – 2027.12.),servc,44
R26BK01590454_000,교육시설 공사관리 플랫폼 유지보수 용역,servc,21
R26BK01590694_000,직업훈련 AI 심사시스템(집체) 구축 사업 용역,servc,26
R26BK01590721_000,우체국보험 모집보상금 체계 개편안 마련,servc,21
R26BK01590836_000,2022 개정 특수교육 교육과정 일부개정에 따른 초등 1~2학년군 통합교과 국정도서 편찬,servc,49
R26BK01590879_000,In Gangwon 도내대학 해외교류 프로그램 운영 용역,servc,31
R26BK01591149_000,바나듐 재포장 용역 계약 요청,servc,16
R26BK01591171_000,데이터 스페이스 연계를 위한 제조데이터 표준체계 중장기 로드맵 수립 연구,servc,40
R26BK01591318_000,26년 한국군 전장관리정보체계 표준 정보교환모델 정립사업,servc,31
R26BK01591340_000,(가칭)과천지식3중 신축공사 건설사업관리용역,servc,24
R26BK01591403_000,2026년 경상남도 일자리 종합 박람회 행사대행 용역,servc,29
R26BK01591415_000,2026년 자율방범대 관리시스템 서버구축 및 데이터 이관 용역사업,servc,36
R26BK01591595_000,2026년 우범여행자 선별정보와 X-Ray 판독영상 동시구현 시스템 구축 사업,servc,43
R26BK01591638_000,차세대 국외인적자원관리시스템(HURIK) 고도화를 위한 ISP 수립 용역,servc,40
R26BK01591706_000,2026년 내일찾기플랫폼 고도화 및 메타버스 유지보수,servc,29
R26BK01591757_000,2026년 경기도 광역이동지원시스템 노후장비 교체 리스 계약,servc,33
R26BK01591936_000,지역사회혁신 실태조사 및 성과측정체계 구축 연구용역,servc,28
R26BK01592025_000,2026년 고용센터 고용서비스 품질지수 조사,servc,24
R26BK01592032_000,대장지구 풍수해생활권 종합정비사업 폐기물처리용역,servc,26
R26BK01592099_000,축산물원패스 기능 고도화 사업,servc,16
R26BK01592204_000,경인지방병무청 공용차량(전기차) 임차(렌트) 용역,servc,27
R26BK01592240_000,교통영향평가 용역 계약(철도경찰대 공공청사 신축사업),servc,29
R26BK01592289_000,"한전 남부건설본부 차량 임차량 계약(송전건설부, 싼타페하이브리드 1대)",servc,39
R26BK01592329_000,유보통합 보육교사 맞춤형 연수혁신  AI 서비스 고도화,servc,30
R26BK01592362_000,한국폴리텍대학 AI·디지털 기반 평생직업교육 플랫폼 ISP 수립 위탁감리 용역,servc,43
R26BK01592494_000,식품위해예측 시스템 및 대국민 서비스 구축,servc,23
R26BK01592593_000,지능형 일학습병행 통합 플랫폼 구축을 위한 정보시스템 마스터플랜(ISMP) 수립 용역,servc,47
R26BK01592631_000,2026년 미이용 산림바이오매스 제도 컨설팅 및 국내시장 모니터링,servc,36
R26BK01592749_000,2026년 제주밭담 재현 공간연출 설계 및 설치 용역,servc,29
R26BK01592864_000,신라조각정원 조성 기본계획 수립 연구 용역,servc,23
R26BK01592911_000,베트남 온라인 NPL 거래 플랫폼 AI 시스템 구축,servc,28
R26BK01593400_000,외교 개방인프라 데이터 확대 구축,servc,18
R26BK01593463_000,천안시 내부 클라우드 가상화 인프라 구축,servc,22
R26BK01593466_000,특수교육 AI 디지털 교육자료 플랫폼(중학) 구축 사업,servc,30
R26BK01593478_000,119구급 스마트시스템 고도화,servc,16
R26BK01593511_000,청년문화예술패스 시스템 운영 및 유지관리,servc,22
R26BK01593567_000,한국교원대학교 포털·학사 통합 모바일 고도화 사업,servc,27
R26BK01593596_000,국제 의료제품 규제 심포지엄 대행 용역,servc,21
R26BK01593702_000,26년 클라우드 네이티브 전환사업(고향사랑e음) 위탁감리,servc,31
R26BK01593729_000,2026년 항만출입관리시스템 노후 운영장비 교체,servc,26
R26BK01593731_000,자율비행 드론 라이다(레이저측정장치)시스템 임차,servc,26
R26BK01593770_000,교육특화형 AI 서비스 구축 및 활용 기반 조성을 위한 정보화전략계획 수립,servc,41
R26BK01593777_000,2026년 한국언어문화 멀티모달 말뭉치 구축 사업 감리,servc,30
R26BK01593795_000,ESS 통합관리시스템 유지보수 용역,servc,19
R26BK01593848_000,국제 Insulation/Surface Treatment과정 교육 및 해외심시관 시험입회 지원,servc,52
R26BK01593926_000,국제 탄소무역규제 대응 등을 위한 ETS 배출량 인증체계 개선 연구,servc,37
R26BK01593952_000,2026년 공공 마이데이터 서비스 확대 위탁감리 사업,servc,29
R26BK01594010_000,2026 제주 AI 국제 필름페스티벌 운영 용역,servc,26
R26BK01594036_000,중소기업은행 문래동합숙소 신축 건축공사 상주감리용역,servc,28
R26BK01594042_000,국립광주청소년디딤센터 건립사업 감독권한대행 등 건설사업관리용역,servc,34
R26BK01594157_000,영재학교·과학고 대학-기업 연계 응용과학 분야 AI+X 심화연구반 운영 사업 용역,servc,45
R26BK01594170_000,전기차 보급활성화를 위한 전시홍보 행사,servc,21
R26BK01594173_000,AI+X컨퍼런스 기획 및 운영,servc,16
R26BK01594225_000,입법 정책 현안 조사,servc,11
R26BK01594266_000,반도체공동연구소 신축 전기공사 감리용역,servc,21
R26BK01594319_000,화천 사내교육커뮤니티센터 신축공사 전기 책임감리용역,servc,28
R26BK01594448_000,2026년 기계설비산업 정보체계 SW 유지관리 및 기능개선,servc,32
R26BK01594630_000,국립호남권청소년디딤센터 건립사업 감독권한대행 등 건설사업관리용역,servc,35
R26BK01594657_000,주차장 및 케이블카 조성사업 설계용역,servc,20
R26BK01594776_000,2026 K-뮤지컬 로드쇼 운영 대행 용역,servc,23
R26BK01594887_000,교육공유재산 데이터 표준화 및 DB 구축 용역,servc,25
R26BK01595251_000,2026년 통계데이터센터 시스템 통합을 위한 고도화 감리 사업,servc,34
R26BK01595297_000,상설전시 역사관 입구개선 전시연출 설계 및 제작·설치 용역,servc,32
R26BK01595382_000,2026년도 소상공인 스마트화지원 회계정산 용역,servc,26
R26BK01595439_000,고위공직자범죄수사처 청사 신축사업 교통영향평가 용역 발주,servc,31
R26BK01595504_000,함안군 군북중블록 등 6개소 노후상수관망 정비사업 기본 및 실시설계 용역,servc,40
R26BK01595555_000,2026년 우주항공청 연구개발사업 평가 및 회의 지원 용역,servc,32
R26BK01595576_000,디지털서비스_화이트스캔_지오스캔,servc,17
R26BK01595655_000,"우주항공청 R&D 사업 성과평가(중간평가, 성과 관리·활용 계획 및 효과성 분석) 대응 용역",servc,51
R26BK01595681_000,26-N-해군교전급분석모델 유지보수 및 성능개선,servc,26
R26BK01595695_000,2026년 김천시 중요기록물 디지털화,servc,20
R26BK01595768_000,원자력안전규제 데이터 및 정보화 통합 관리체계 운영,servc,28
R26BK01595853_000,디지털서비스_프리모데이타_프리모데이타 WiseOn for 와이즈인컴퍼니(SaaS),servc,45
R26BK01596065_000,동남형 사이버복원패키지 운영,servc,15
R26BK01596297_000,2026년 차세대통신 글로벌역량강화 교육프로그램 용역,servc,29
R26BK01596371_000,2026년 운전면허 시험용(교육)차량 자동차 보험 가입,servc,30
R26BK01596501_000,라오스 보건의료체계 강화를 통한 성생식모자보건서비스 질 제고사업 PMC 2차 용역,servc,45
R26BK01596522_000,(26G128-I)비응급영상자료민간위탁판독용역,servc,25
R26BK01596546_000,(26G141-I)사이버전콘퍼런스(문제출제),servc,24
R26BK01596570_000,가상실험실습 학습콘텐츠 공유 플랫폼 구축 2차 사업,servc,28
R26BK01596571_000,2026년 IoT기반 지하배관 방식 모니터링 시스템 구축 용역 계약 요청의 건,servc,43
R26BK01596752_000,주차장 및 케이블카 조성사업 전기설계용역,servc,22
R26BK01596794_000,2026년 NCS 기반 블라인드 채용 대행 용역,servc,26
R26BK01596816_000,기후에너지환경부 국가정보통신망(국가융합망 지선망) 서비스 사업자 선정,servc,38
R26BK01596869_000,2026년 지역상권 실태조사 연구용역,servc,20
R26BK01596989_000,여수 석유화학산단 안전진단 및 모니터링 시스템 개발 구축 용역(3차),servc,38
R26BK01597039_000,2026년 장애대학생 교육복지지원 실태조사 사업,servc,26
R26BK01597103_000,2026년 중요 비전자기록물 전산화 사업,servc,22
R26BK01597122_000,업무자동화(RPA) 고도화 사업,servc,17
R26BK01597164_000,전자결재 시스템 고도화 사업 용역,servc,18
R26BK01597181_000,승강기 검사일정 자동배정 시스템 구축 사업,servc,23
R26BK01597195_000,게임 개발 인공지능 전환(AX) 지원사업 운영 용역,servc,28
R26BK01597224_000,부산광역시 국가정보통신서비스(B·C그룹) 통신사업자 선정,servc,31
R26BK01597241_000,인공지능 맞춤형 교수학습 플랫폼(AIEP) 연계 통합 포털 임차 및 계정 관리 용역 사업,servc,49
R26BK01597548_000,데이터기반스마트제조 기술 및 실증 솔루션 개발 용역,servc,28
R26BK01597568_000,스팸대응시스템 기능개선 및 보안성 강화,servc,21
R26BK01597585_000,2026학년도 부산해사고등학교 2학년 현장체험학습(국외수학여행) 위탁용역,servc,40
R26BK01597594_000,디지털서비스_솔리데오_솔리데오 중개서비스 for NHN Cloud(IaaS),servc,42
R26BK01597649_000,국가 망 보안체계 시범 실증,servc,15
R26BK01597732_000,2026 ACC XR랩 AI x 와양 빛극 연구개발 용역,servc,31
R26BK01597836_000,안동시 기초조사정보체계 고도화 용역(협상에 의한 계약),servc,30
R26BK01597927_000,2026 바이오미래포럼 위탁운영,servc,17
R26BK01597932_000,국립대구과학관 2026년 하반기 특별기획전 사이언스키친 전시연출 용역,servc,38
R26BK01598073_000,2026년 가족정보시스템 감리용역,servc,18
R26BK01598233_000,2026년 사천시 지하시설물(상수도) 정보 수정·갱신 사업,servc,32
R26BK01598288_000,2026년 지식재산처 전산자원 도입사업,servc,21
R26BK01598358_000,(26F137-A) 00중대 부대이전 후보지 선정 연구용역,servc,32
R26BK01598532_000,영재학교·과학고 대학-기업 연계 정보 분야 AI+X 심화연구반 운영 용역,servc,40
R26BK01598667_000,2026년 독서로 서비스 기능 고도화,servc,20
R26BK01598922_000,데이터완전성 시스템 구축,servc,13
R26BK01599004_000,노후 전산장비 교체 및 정보시스템 개선 사업 조달 요청,servc,30
R26BK01599069_000,(26G119-B) 군 정찰위성 전문인력 양성교육,servc,27
R26BK01599106_000,(가칭)경상북도교육청 독도교육원 건립공사 건설사업관리용역,servc,31
R26BK01599171_000,경주시 든든하이소 스마트 경로당 구축,servc,20
R26BK01599238_000,26-N-해군 함정 정비시설 표준화 연구용역,servc,24
R26BK01599274_000,2026. 대구특화 디지털학습콘텐츠 개발 사업,servc,25
R26BK01599318_000,5단계 스쿨넷서비스 제공 사업,servc,16
R26BK01599366_000,26-N-해군기지 무인화 및 회복탄력성 표준화 연구용역,servc,30
R26BK01599489_000,NextHub in 충청(가칭) 교통영향평가 용역,servc,27
R26BK01599525_000,동부지소 이전 설치 공사 시공단계의 건설사업관리용역,servc,28
R26BK01599570_000,2026년 전산시스템 유지보수 용역 조달 계약 요청,servc,28
R26BK01599582_000,맞춤형 온라인 학습지원 콘텐츠 구독권 지원 용역,servc,26
R26BK01599584_000,동부권 학교복합시설 건립사업(전기분야) 감독권한대행 등 건설사업관리용역,servc,39
R26BK01599626_000,충남교육연수원 2026년 원격연수 콘텐츠 개발 계약 요청,servc,31
R26BK01599774_000,불당동 복합청사 건립 건축 및 인테리어 설계용역,servc,26
R26BK01599934_000,(가칭)대장3초 및 (가칭)대장2유 신축공사 통합건설사업관리용역,servc,35
R26BK01599947_000,"[일반용역,138번][조달,협상,감염병]2026년 감염병 관리 콘퍼런스 행사 용역",servc,45
R26BK01599981_000,26년 600톤급 유류바지 1척 건조감리용역(장기1차),servc,30
R26BK01600012_000,청주시 토지적성평가 및 재해취약성분석 용역,servc,23
R26BK01600401_000,천안 성환-평택 소사 도로건설공사 건설폐기물(혼합폐기물) 위탁처리용역,servc,38
R26BK01600405_000,디지털단양문화대전 사진·동영상 제작 사업,servc,22
R26BK01600468_000,천안 성환-평택 소사 도로건설공사 건설폐기물(폐콘크리트) 위탁처리용역,servc,38
R26BK01600540_000,창의적 문제해결 워크숍 제6회 대학연합 Co-PBL@제주 용역,servc,34
R26BK01600728_000,생활 부문 배출량 산정 및 검증 시스템(AEMS) 기능 개발(Ⅰ),servc,36
R26BK01600777_000,[긴급] 2026 대구창의융합교육축전 행사대행 용역,servc,28
R26BK01600885_000,기관공용 정보시스템 통합 유지보수 및 운영,servc,23
R26BK01601032_000,영재학교·과학고 대학-기업 연계  공학 분야 AI+X 심화연구반 운영 용역,servc,41
R26BK01601211_000,26-N-LLM 및 Physical AI활용 견시능력 증강 전투실험,servc,37
R26BK01601264_000,G20 글로벌 금융안정 컨퍼런스,servc,17
R26BK01601401_000,2026년 포항형 스마트경로당 구축,servc,19
R26BK01601648_000,전자여행허가(K-ETA) 3차 고도화 사업,servc,23
R26BK01601676_000,⌈전통문화 기반 IP 확보 및 우수상품 개발 사업⌋ 홍보 및 프로모션,servc,38
R26BK01601710_000,"상용SW 제3자단가계약((주)비인텍, 바로룰 v1.0(커스터마이징))",servc,38
R26BK01601787_000,정책면세점 보세판매장 화물관리시스템 고도화 용역,servc,26
R26BK01601836_000,2026년 안보첩보시스템 성능 고도화 사업,servc,23
R26BK01601845_000,2026년 방송자료 디지털화 지원 사업,servc,21
R26BK01601867_000,2026년 냉매회수 전문가 양성교육 운영,servc,22
R26BK01602152_000,26-D-00부대 설계용역(B537),servc,20
R26BK01602196_000,국립소방연구원 공주청사 이전 이사용역,servc,20
R26BK01602207_000,생성형 AI기반 침해대응체계 도입 및 구축,servc,23
R26BK01602232_000,「2026 부울경 정주이음 프로젝트」 행사 대행,servc,26
R26BK01602263_000,2026 리:바운드 축제 운영대행,servc,18
R26BK01602334_000,2026 서울아트마켓 운영대행 용역,servc,19
R26BK01602493_000,ACES-ELT 참여를 위한 SLR 제어 기술 개발,servc,28
R26BK01602494_000,AI기반 바이오데이터 표준 추출·검증 및 표준화 기술 연구,servc,32
R26BK01602556_000,스마트 교육환경 구축 서버실 통합유지보수,servc,22
R26BK01602643_000,대전지역기업 해외시장 진출 지원 프로그램 운영 용역,servc,28
R26BK01602663_000,생성형 AI 및 응용서비스 구축 감리 및 개인정보 영향평가 용역,servc,35
R26BK01602669_000,(가칭)신동유치원 신축공사 감독권한대행 등 건설사업관리용역,servc,32
R26BK01602716_000,국립창원대학교 지속가능 경쟁력 제고 및 미래발전 방향 수립 연구 용역,servc,38
R26BK01602718_000,제주대학교 의과대학 모듈러 교사 제작·설치 및 임차 용역,servc,31
R26BK01602721_000,SW 3자단가(AIR v1.0 (커스터마이징) 주식회사 엘토브),servc,35
R26BK01602724_000,SW 3자단가(AIR v1.0 (유지관리) 주식회사 엘토브),servc,33
R26BK01602750_000,26-D-동절기 전술도로 경계작전 지원방안 연구용역,servc,28
R26BK01602809_000,남지고등학교 미래학교 공간재구조화 본관동 개축 사업 설계공모,servc,33
R26BK01602847_000,2026 국가 데이터 인프라 공통기반 고도화,servc,24
R26BK01602906_000,중소기업은행 문래동합숙소 신축 전기공사 상주감리용역,servc,28
R26BK01602960_000,경남정보보호지원센터 운영 지원 및 전문교육 용역,servc,26
R26BK01603091_000,[정보화/중앙/바이오뱅크과] 연구목적 시체제공기관 통합관리 정보시스템 구축,servc,41
R26BK01603273_000,2026년 로컬창업육성사업 회계정산 용역,servc,22
R26BK01603284_000,26-N-함정 군 요구사항 최적화 기술 연구용역(II),servc,30
R26BK01603456_000,옥천군 평생교육원 건립공사 외 1건 전기 통합감리용역,servc,29
R26BK01603468_000,교육정보재해복구서비스 고도화 컨설팅(ISP),servc,24
R26BK01603487_000,동요역사관 및 설봉서원 교육관 건립사업 전기공사 통합감리 용역,servc,34
R26BK01603527_000,지능형농기계 실증단지 부지조성(전기) 공사 상주감리 용역,servc,31
R26BK01603537_000,수소 저장운송 클러스터 구축사업 전기감리,servc,22
R26BK01603546_000,파주 출판도시 AI 문화·콘텐츠 도시 조성을 위한 기본계획 및 타당성 조사 용역,servc,44
R26BK01603592_000,2026년 산업부문 에너지사용 및 온실가스 배출량 실태 조사,servc,33
R26BK01603620_000,군금연 메타버스 시스템 개선 및 보안솔루션 구축,servc,26
R26BK01603682_000,2026년 에너지효율자원(EER) 관리시스템 유지관리,servc,29
R26BK01603849_000,’25년 재난안전정보시스템 개편 2단계 사업 감리용역,servc,29
R26BK01603969_000,타워크레인 조종 경력자 양성교육,servc,17
R26BK01604189_000,"2026년도 제주대학교 실습선(아라호, 제라호) 선체보험 가입",servc,34
R26BK01604348_000,"강원특별자치도 실내라돈조사를 위한 라돈 검출기 설치, 회수 및 분석",servc,37
R26BK01604428_000,온실가스감축인지 운영시스템 구축(2차),servc,21
R26BK01604567_000,공공미술품 관리 시스템 구축 정보화전략계획(ISP) 수립,servc,31
R26BK01604572_000,2026년 국립순천대학교 글로컬 창업사관학교 액셀러레이팅 프로그램 운영,servc,39
R26BK01604637_000,AI서비스와 공공서비스 연계 기반 구축,servc,21
R26BK01604682_000,몽골 중요 유적 3D 촬영 및 디지털 콘텐츠 구축 용역,servc,30
R26BK01604707_000,대구유아교육진흥원 분원 구축공사 건설폐기물 처리용역,servc,28
R26BK01604748_000,UNFCCC COP31 한국홍보관 조성·운영 대행,servc,27
R26BK01604752_000,2026년 일본군‘위안부’문제 전시 기획 및 개최,servc,27
R26BK01604782_000,"국도59호선 정선 남 유평1,3구간 위험도로 개선공사 건설폐기물처리용역(폐아스콘)",servc,45
R26BK01604815_000,동축산물검역검사 생물안전연구시설(BL3) 검증 용역(일반용역),servc,34
R26BK01604893_000,청주시 행정업무용 전산장비 유지보수 용역,servc,22
R26BK01605155_000,"양평군 양근천, 강하 오수관로 정비 및 불명수 저감사업 건설폐기물처리용역",servc,40
R26BK01605186_000,국립현대미술관《서도호》 영상장비 대여 및 유지보수 용역,servc,30
R26BK01605377_000,2026년도 부산항만공사 정보시스템 취약점 진단 및 정보보호 컨설팅 사업,servc,40
R26BK01605388_000,2026년 건설공사 안전관리 종합정보망 기능개선 및 클라우드 2차 이전사업,servc,41
R26BK01605637_000,출입국규제 통합관리시스템 구축(1차년도) 사업 감리 및 개인정보영향평가,servc,39
R26BK01605639_000,기록물 전수조사 및 이관·재배치 용역(긴급),servc,24
R26BK01605648_000,SNS 마약채널 첩보시스템 개발 용역계약,servc,22
R26BK01605704_000,2026년 덕수궁관 고객지원 운영서비스 용역,servc,24
R26BK01605709_000,2026년 감귤재배실태관리시스템 고도화사업 용역,servc,26
R26BK01605715_000,2026년 사회적기업 국제포럼 및 정책확산 운영 용역,servc,29
R26BK01605729_000,장애인취업성공패키지 지원 시스템 기능개선 사업 용역,servc,28
R26BK01605744_000,2026년도 신용보증재단중앙회 사옥 경비·안내 용역,servc,28
R26BK01605846_000,해양문화도시 기반의 에이지테크 성과확산 홍보 용역,servc,27
R26BK01605867_000,행정중심복합도시건설청 전산실 및 정보통신시스템 이전‧구축 용역,servc,34
R26BK01605891_000,한약실험정보관리시스템(KLIMS) 고도화,servc,22
R26BK01605908_000,연구원 대표홈페이지 재구축 용역,servc,17
R26BK01605961_000,2026년 정보시스템 및 서버 인프라 유지관리 용역,servc,28
R26BK01605975_000,26년 신병(해·공군·해병대 신병교육대) 독서코칭 용역,servc,30
R26BK01606007_000,2026년 국립생태원 신규직원 채용대행 용역,servc,24
R26BK01606025_000,청주시 가덕면 기초생활거점조성(2단계) 사업 지역역량강화(S/W) 용역,servc,39
R26BK01606051_000,안동기상대 청사 공간조성 사업,servc,16
R26BK01606064_000,2026년 혁신제품 임차 시범구매(캐치시큐),servc,24
R26BK01606076_000,경인교대 경기캠퍼스 G-커뮤니티센터 건립사업 설계용역,servc,29
R26BK01606100_000,2026년 공공 재해복구시스템(DR) 구축 ISP 사업(7차),servc,34
R26BK01606122_000,2026년 한국영화 성평등센터 운영 용역,servc,22
R26BK01606145_000,연구비 통합연계모듈 구축 용역,servc,16
R26BK01606176_000,화성시 AI시티 구현전략 및 5개년 계획 연구용역,servc,27
R26BK01606268_000,2026 창원조각비엔날레 통합운송 용역,servc,21
R26BK01606430_000,가치사슬 DX첨단서비스 관제시스템 구축,servc,21
R26BK01606460_000,2026년 공공 재해복구시스템(DR) 구축 ISP 사업(8차),servc,34
R26BK01606492_000,기획예산처 데이터플랫폼 AI-ON구축 사업,servc,23
R26BK01606513_000,2026년 통합대입상담시스템 기능 개선,servc,21
R26BK01606534_000,소량핵물질 계량관리시스템 유지관리 용역,servc,21
R26BK01606623_000,스마트워터센터 자동화시스템 서버 등 유지관리 용역,servc,27
R26BK01606625_000,옥야동천 유토피아 조성사업 건설사업관리용역,servc,23
R26BK01606633_000,경북 국립의대 설립 실행전략수립 및 특화 교육모델 개발 연구용역,servc,35
R26BK01606656_000,응급의료 실태조사,servc,9
R26BK01606659_000,2026년 공공 재해복구시스템(DR) 구축 ISP 사업(6차),servc,34
R26BK01606709_000,(가칭)과천지식3중 신축 전기공사 감리용역,servc,23
R26BK01606795_000,(26SA013-C) 6차 군단사단 실전적 과학화훈련장 구축사업 선행연구,servc,40
R26BK01606818_000,야생동물 자동종동정 시스템 고도화 용역(1차년도),servc,27
R26BK01606849_000,2026 부산 크루즈 기항지 관광 활성화 용역,servc,25
R26BK01606902_000,2026년 사회적기업 온라인 교육 콘텐츠 개발 용역,servc,28
R26BK01606954_000,2026년도 차세대 방송 실증 인프라 운영 및 기술지원 용역,servc,33
R26BK01607022_000,(계속) 3단계 2차년도 유해화학물질 사외배관 통합 시스템 구축,servc,35
R26BK01607031_000,예방가능한 외상사망률 평가,servc,14
R26BK01607124_000,나라키움 창원통합청사 신축사업 전기감리용역,servc,23
R26BK01607185_000,개발협력주간 행사 운영,servc,12
R26BK01607284_000,일학습병행 훈련과정 개발·인정 시스템 AX 전환 기능 고도화 용역,servc,36
R26BK01607480_000,26-28 조달차량임차 싼타페하이브리드 4WD 전력협력부 임윤주,servc,35
R26BK01607481_000,연구성과통합관리시스템 고도화(2026년),servc,22
R26BK01607651_000,2026년 무주군 상수도 통합운영관리시스템 유지관리 용역,servc,31
R26BK01607783_000,(가칭)시네초 신축 전기공사 설계용역,servc,20
R26BK01607792_000,디지털서비스_ 클라비_클라비 중개서비스 for 삼성SDS(laaS),servc,37
R26BK01607799_000,스마트축산 장비·솔루션 실증 시범사업 용역,servc,23
R26BK01607823_000,청주시 남일면 기초생활거점조성(2단계) 사업 지역역량강화(S/W) 용역,servc,39
R26BK01607860_000,디지털서비스_하이퍼테크_하이퍼테크 중개서비스 for KT클라우드(laaS),servc,41
R26BK01607951_000,2026년 K-Brand GLOW WEEK 수행용역,servc,28
R26BK01607958_000,2026 AI 디지털 기반 교육혁신 역량강화 연수 위탁 용역,servc,33
R26BK01607969_000,2026년 GovTech 창업경진대회 운영 용역,servc,26
R26BK01608074_000,경영정보시스템 기능개선 용역,servc,15
R26BK01608081_000,현장 중심 간병인 교육 운영 및 모니터링 연구,servc,25
R26BK01608111_000,2025년 기준 경제총조사 자료처리 및 내검 사무실 운영 비품 임차 계약,servc,40
R26BK01608147_000,제26기 고급관리자과정 국외연수 운영 용역,servc,23
R26BK01608169_000,대한건설기계안전관리원 중장기 발전용역,servc,20
R26BK01608202_000,연안 TAC 정착을 위한 자원조사 개선방안 마련,servc,26
R26BK01608213_000,정부입법 통합 플랫폼 구축 사업 감리용역,servc,22
R26BK01608221_000,(가칭)대부도 초3교 통합학교 신축공사 건설사업관리용역,servc,30
R26BK01608235_000,2026년 인플루엔자 및 코로나19 등 전장유전체 서열 정보 생산(2차),servc,40
R26BK01608339_000,플랫폼 재활용 용도별 전력 및 통신계통 평가 기준 개발,servc,30
R26BK01608807_000,2026년 대중음악인 소장품 수집 및  영상기록 사업,servc,29
R26BK01608861_000,"특별전 백제 왕실 사찰, 제석사 전시품 운송, 포장, 설치 용역",servc,35
R26BK01608873_000,26년 신병(육군 신병교육대) 독서코칭 용역,servc,24
R26BK01608885_000,(가칭)왕숙1초 신축공사 감독권한대행 등 건설사업관리용역,servc,31
R26BK01608995_000,2026년 글로벌 커리어 리스타트 박람회 용역,servc,25
R26BK01609003_000,2026년 클라우드 전환 및 업무서비스 개선 사업 감리 용역,servc,33
R26BK01609020_000,2026년 클라우드 서비스 및 행정업무시스템 통합 유지관리 사업,servc,35
R26BK01609137_000,2026년 에너지원별 열량환산기준 및 국가 온실가스 배출계수 개발,servc,36
R26BK01609415_000,2026년도 해양수산R&D 성과창출 지원 사업,servc,25
R26BK01609467_000,26년 신병(육군훈련소) 독서코칭 용역,servc,21
R26BK01609577_000,제12차 세계한인정치인포럼 운영,servc,17
R26BK01609626_000,마을상수도 및 소규모급수시설 과불화화합물 실태조사,servc,27
R26BK01609870_000,26-D-00부대 설계용역(B544),servc,20
R26BK01609923_000,KoROAD 중장기 경영전략 및 로드맵 수립,servc,24
R26BK01610022_000,(26F139-B)지상군페스티벌 육군정책홍보관설치철거,servc,29
R26BK01610126_000,2026 ACC 미래상:김영은 전시 홍보 및 운영 용역,servc,30
R26BK01610135_000,2026년 노후 인프라 교체 및 정보시스템 고도화 감리용역,servc,32
R26BK01610180_000,제17회 유성국화축제 대행 용역,servc,17
R26BK01610184_000,1:25만 강릉 속초도폭 기반암 유망 유해원소 예측 분포도 제작,servc,35
R26BK01610186_000,2026년 국립대학법인 운영성과평가 위탁용역 계약,servc,27
R26BK01610187_000,도로의 구조·시설 기준에 관한 규칙 해설 개정 연구,servc,28
R26BK01610190_000,26년 농협경제사업 활성화 성과평가 연구,servc,22
R26BK01610202_000,충남대학교 디지털융합혁신파크 신축공사 건설폐기물 처리용역,servc,31
R26BK01610262_000,2026 K-뮤지컬 지원사업 국내 및 해외 현장 실사 운영,servc,32
R26BK01610275_000,2026년 중장기 산업 부문 온실가스 평가모델 개발 및 감축잠재량 분석,servc,39
R26BK01610288_000,임차차량 [변환건설1부],servc,13
R26BK01610318_000,2026년 산업공정 국가 온실가스 인벤토리 구축 및 배출계수 개발,servc,36
R26BK01610339_000,부산교육대학교 AI기반 TSR 고도화 사업 추진 용역,servc,29
R26BK01610433_000,인공지능 활용 확대에 따른 지능형로봇법 개선 방안 연구 용역,servc,33
R26BK01610443_000,주택도시보증공사 업무 관련 감정평가기관 선정,servc,24
R26BK01610505_000,2026년 서울이니셔티브(SI) 정책포럼 행사 운영,servc,28
R26BK01610678_000,공급망 조기경보 모니터링 시스템 관리,servc,20
R26BK01610683_000,(가칭)초평중 신축공사 건설사업관리용역,servc,21
R26BK01610690_000,26년 건강정보 고속도로 (본인진료기록열람지원시스템) 데이터 제공 의료기관 확산 및 기능 고도화 감리사업,servc,58
R26BK01610945_000,5단계 스쿨넷서비스 제공사업,servc,15
R26BK01611451_000,국회기록원 AI 네이티브 아카이브 전환을 위한 정보시스템 마스터플랜(ISMP) 수립,servc,46
R26BK01611515_000,거창군 토지적성평가 실시 용역,servc,16
R26BK01611592_000,2026년 진도군 국토이용정보통합플랫폼(KLIP) 운영사업 용역,servc,35
R26BK01611877_000,2026년 햇빛소득마을 콜센터 위탁운영,servc,21
R26BK01611890_000,2026년도 IITP 내부직원 글로벌 전문교육 진행 용역,servc,31
R26BK01611964_000,LX 토지보상시스템 구축,servc,13
R26BK01612193_000,삼척시 도계 탄광유산 디지털 아카이빙 플랫폼 구축,servc,27
R26BK01612308_000,2026년 강원 정보보호 서비스 지원 및 전문교육 수행 용역,servc,33
R26BK01612311_000,2026년 신용보증재단중앙회 사옥 시설관리 용역,servc,26
R26BK01612507_000,2026년 tbn교통방송 청취율 및 성과측정 조사,servc,27
R26BK01612518_000,2026년 AI 사이버공격 대응 플랫폼 구축(2단계),servc,29
R26BK01612571_000,건강한 중장년 성인 대상 노화지연 훈련모듈의 안전성 및 유효성 평가 임상연구,servc,42
R26BK01612712_000,제23차 INHPF 정기총회 및 심포지엄 운영,servc,25
R26BK01612783_000,강릉중앙고 기숙사 신축공사 건설사업관리용역,servc,23
R26BK01612788_000,2026년 산업부문 관리업체 이행실적 평가 지원,servc,26
R26BK01612804_000,2026년 민감계층 이용시설 실내공기질 측정조사,servc,26
R26BK01612840_000,2026년 뉴스콘텐츠 디지털화 지원사업,servc,21
R26BK01613067_000,해양수산 AI 응용제품 신속 상용화 지원사업 성과홍보 및 확산,servc,34
R26BK01613095_000,2026년 나이스 학교행정 업무 통합 기능개선,servc,25
R26BK01613303_000,민간 전자책 뷰어 장애인 접근성 사용환경 조성 용역(3차),servc,32
R26BK01613320_000,26-D-00부대 설계용역(B539),servc,20
R26BK01613397_000,학생주도 모듈형 교육과정 학사정보시스템 고도화 사업,servc,28
R26BK01613450_000,정보자원 이전 및 정보인프라 구축 사업(통합발주),servc,27
R26BK01613528_000,2026년 소방 교육훈련 관리시스템 SW유지관리 용역,servc,29
R26BK01613541_000,대전연축 A-1BL 아파트 건설공사 시공단계 감독권한대행 등 건설사업관리용역,servc,42
R26BK01613580_000,(가칭)시흥특수학교 외 1교((가칭)배곧2고) 신축공사 감독권한대행 등 통합건설사업관리용역,servc,50
R26BK01613618_000,태안 수산물특화 상생교류거점 조성공사 건설사업관리용역(감독권한대행),servc,37
R26BK01613640_000,2026년 이종욱펠로우십 프로그램 고위 2개 (고위정책 및 병원운영전문가) 과정 위탁운영,servc,49
R26BK01613676_000,광복 81주년 기념 광복절 전야제 행사 대행 용역 계약,servc,30
R26BK01613881_000,26년 클라우드 네이티브 전환 사업(대한무역투자진흥공사) 위탁감리,servc,36
R26BK01613898_000,ACS(Auto Calling Service) 시스템 도입 사업,servc,35
R26BK01613984_000,한국생명공학연구원 대표 홈페이지 개편 사업,servc,23
R26BK01614046_000,2026년 산업부문 관리업체 지정 및 운영지원,servc,25
R26BK01614113_000,26년 클라우드 네이티브 전환 사업(한국농수산식품유통공사) 위탁감리,servc,37
R26BK01614114_000,2026년도 국회 보존기록물 정리·기술 사업,servc,24
R26BK01614243_000,공영홈쇼핑 ERP 개선 사업 감리용역,servc,20
R26BK01614327_000,2026년 산업부문 관리업체 목표설정 및 BM적용 지원,servc,30
R26BK01614363_000,직무능력은행 AI 서비스 도입 및 환경구축을 위한 ISMP 수립 사업,servc,38
R26BK01614613_000,"디지털서비스_,오케스트로 클라우드_오케스트로 클라우드 지원서비스",servc,35
R26BK01614682_000,전남광주통합특별시교육청 주요 정보시스템 통합 구축 ISP/BPR 수립 용역,servc,41
R26BK01614740_000,2026년 국가교육정책분야 원격연수 콘텐츠 개발,servc,26
R26BK01614820_000,비경수형 SMR의 3S 규제 현안과 국외 사례 분석,servc,28
R26BK01614825_000,K-글로벌 오디오 플랫폼 구축 및 시범 운영,servc,24
R26BK01614910_000,2026년 통합홍수예보시스템 고도화 사업,servc,22
R26BK01614911_000,태안 수산물특화 상생교류거점 조성공사 전기감리 용역,servc,28
R26BK01614962_000,2026 국가 데이터 인프라 공통기반 고도화 위탁감리,servc,29
R26BK01614993_000,양양군 상수도관망 유지관리시스템 유지보수용역,servc,24
R26BK01615032_000,120달구벌콜센터 AI상담시스템 3단계 구축사업 개발용역,servc,31
R26BK01615151_000,2026년도 우체국금융 전산장비 보급,servc,20
R26BK01615156_000,포항북부소방서 이전신축사업 기본 및 실시설계용역,servc,26
R26BK01615178_000,디지털배움터 플랫폼 AI 실습 기능 개발,servc,22
R26BK01615245_000,2026년 기록물 정리 및 공개재분류 사업,servc,23
R26BK01615273_000,2026년 참여자관리시스템 데이터 개방을 위한 서버 및 저장장치 증설 사업,servc,41
R26BK01615557_000,(26G140-A) 26년 사이버전 콘퍼런스(행사용역),servc,30
R26BK01615625_000,舊재난문자시스템(예비시스템) 노후장비 교체,servc,23
R26BK01615665_000,국가측정표준 디지털 품질인프라 고도화 및 서비스 연속성 강화,servc,33
R26BK01615691_000,(가칭)부천과학고 기숙사 증축공사 건설사업관리용역,servc,27
R26BK01615700_000,제2기 환경오염 취약지역 환경노출 및 주민건강영향 조사(Ⅰ),servc,33
R26BK01615777_000,26년 정보보호 전자공시시스템 고도화,servc,20
R26BK01615795_000,충북 PRIDE 공유대학 2026 해외선진 학생연수 프로그램 위탁 용역,servc,39
R26BK01616113_000,금호이웃사촌마을 자율형 공동스토어 운영 용역,servc,24
R26BK01616156_000,2026년 국가정보자원관리원(대전본원) 손해보험 가입,servc,29
R26BK01616174_000,"(가칭)에코1초등학교 교사신축 정보통신, 소방공사 감리용역",servc,32
R26BK01616180_000,"(가칭)에코3중학교 교사신축 정보통신, 소방공사 감리용역",servc,31
R26BK01616337_000,26년 클라우드 네이티브 전환 사업(행정안전부 자치단체통합인터넷원서접수시스템) 위탁감리,servc,48
R26BK01616399_000,『2026년 미래신산업 유망벤처‧고성장기업 육성사업』 글로벌 비상(飛上) 프로젝트 운영 용역,servc,51
R26BK01616654_000,부천원미경찰서 재건축 설계용역(건축·통신·소방),servc,26
R26BK01616838_000,유성구 관광 전문인력 양성 용역,servc,17
R26BK01616851_000,국토대전환 전략 연구 : 5극3특 초광역 협력 모델 중심으로,servc,33
R26BK01616980_000,스마트 교육환경정보시스템 구축(3차년도),servc,22
R26BK01616985_000,2026 지역콘텐츠산업 실태조사,servc,17
R26BK01616994_000,2026년 한·일 직업계고 학생 교류 연수 위탁 용역,servc,29
R26BK01617066_000,K-Unicorn Dream Show 2026 행사대행 용역,servc,33
R26BK01617204_000,중앙경찰학교 스마트 교육환경 구축 서버실 통합유지보수,servc,29
R26BK01617211_000,2026년 도시형소공인 실태조사 및 소공인 지원사업 수혜자 성과분석,servc,37
R26BK01617225_000,창의융합교육원 내진보강 및 기타공사 건설폐기물처리용역,servc,29
R26BK01617341_000,ACC 아카이브 [강석희: 들어보지 못한 소리] 전시 실행 및 운영 용역,servc,40
R26BK01617380_000,관할해역 해양관측정보 종합분석 고도화,servc,20
R26BK01617488_000,안전재난부 업무용 차량 임차,servc,15
R26BK01617506_000,(가칭)충남체육문화복합센터 건립사업 건설사업관리용역,servc,28
R26BK01617637_000,국세통계시스템 고도화 사업,servc,14
R26BK01617658_000,2026년 광주센터 재산종합보험 가입,servc,20
R26BK01617802_000,국민체감 우수 혁신기업 홍보 운영 계약,servc,21
R26BK01617819_000,해양수산 AI 응용제품 신속 상용화 지원사업 비즈니스모델(BM) 구축 및 해외 진출 지원,servc,49
R26BK01617919_000,상용SW 제3자단가( FX HCI v1.0(커스터마이징)_코아맥스테크놀로지),servc,42
R26BK01617960_000,재생에너지 사후관리 및 모니터링시스템 운영을 위한 보급지원시스템(BPM) 기능 개발,servc,46
R26BK01618181_000,대구AI혁신센터 정보시스템실 통신인프라 설치 용역,servc,27
R26BK01618218_000,보건의료기술 종합정보시스템 인프라 및 응용환경 통합 업그레이드 사업,servc,37
R26BK01618219_000,재정시스템 연계 기능개선 사업,servc,16
R26BK01618368_000,온두라스 AI 기반 개인 맞춤형 복지 안내 및 상담서비스 PoC 구현 및 확산전략 수립,servc,48
R26BK01618537_000,항생제 내성균 유전체 분석,servc,14
R26BK01618586_000,과적차량 근절 및 사전 예방체계 강화 등을 위한 연구,servc,29
R26BK01618649_000,2026년 문해교육종합정보시스템 고도화 사업,servc,24
R26BK01619372_000,2027 충청 유니버시아드대회 개폐회식 대행용역,servc,26
R26BK01619519_000,국립경국대학교 자연·생명과학2호관 일반 및 특수이사 용역,servc,31
R26BK01619537_000,2026년 특정평가 정책·소통 국민 만족도 조사,servc,26
R26BK01619656_000,2026년도 과정평가형자격 내부평가 매뉴얼(가이드) 개발 용역,servc,34
R26BK01619660_000,"[연구,173] 감염병 인체위험도 평가를 위한 AI 분석 플랫폼 설계 기본계획 연구",servc,46
R26BK01619661_000,국립중앙과학관 사무용 복합기 임차 계약,servc,21
R26BK01619679_000,국도38호선 병목지점개선 2개소 실시설계용역,servc,24
R26BK01619737_000,2027-2028년 Koreana 발간 대행 용역,servc,27
R26BK01619750_000,2026년 산업부문 관리업체 제도이행 지원,servc,23
R26BK01619828_000,"교육용 항공기(HL1207, 1208, 1209) 보험 계약",servc,33
R26BK01619834_000,통합 오믹스 분석을 위한 NGS 데이터 생산·가공,servc,27
R26BK01619911_000,산업부문  목표관리제 운영 프로세스 및 기준 고도화 지원,servc,31
R26BK01619967_000,00부대 미활용주둔지 토양환경평가용역 계약의뢰,servc,25
R26BK01619992_000,2군단 15사단 와수리 간부숙소 신축 등 4건 설계VE 용역,servc,33
R26BK01620018_000,(가칭)여주특수학교 신축공사 건설사업관리용역,servc,24
R26BK01620020_000,청주시 홈페이지 통합유지관리 용역,servc,18
R26BK01620154_000,아산 풍기역지구 도시개발사업 사후환경영향조사 용역,servc,27
R26BK01620661_000,2026 APN 컨퍼런스,servc,13
R26BK01620722_000,2026년 개인정보 보호 및 활용조사,servc,20
R26BK01620780_001,부산금정경찰서 청사 신축사업 건설폐기물(불연) 처리 용역,servc,31
R26BK01620931_000,AI학습용데이터 통합제공시스템 구축,servc,19
R26BK01621034_000,공단 AI·데이터 활성화 컨설팅 사업,servc,20
R26BK01621075_000,26년 초거대AI 확산 생태계 조성 사업 성과 조사,servc,28
R26BK01621192_000,2026년 국립청주해양과학관 전시운영 용역,servc,23
R26BK01621229_000,2026년 국가공인인증 취득 지원,servc,18
R26BK01621273_000,상설전시 역사관 부분개선 전시연출 설계 및 제작·설치 용역,servc,32
R26BK01621281_000,2026년 한·일 고교생 교류 연수 위탁 용역,servc,25
R26BK01621346_000,아스팔트 포장의 적용성 평가와 시공지침 개정 연구,servc,27
R26BK01621419_000,학습데이터 분석·활용 체계 구축(2단계) 감리,servc,25
R26BK01621552_000,2026 한국도핑방지위원회 20주년 기념식 및 국제 도핑방지 세미나 운영대행,servc,42
R26BK01621854_000,2026 아트코리아랩 AI-융합 페스티벌 운영대행 용역,servc,30
R26BK01621880_000,"융복합상용,군용,개인용운송기구및액세서리와부품 임대서비스",servc,30
R26BK01621983_000,2026 전남광주통합특별시 일자리 박람회 행사 운영 용역,servc,31
R26BK01622000_000,홍수위험지도 서비스 체계 개선 및 안정화 감리,servc,25
R26BK01622083_000,서울대학교 역사기록관 사료관리 홈페이지 재구축,servc,25
R26BK01622509_000,시흥도시건강연구 기반조사,servc,13
R26BK01623644_000,IoT 등 신기술 기반 서비스 개인정보 침해위험 실증분석 사업,servc,34
R26BK01624585_000,진주기계공업고등학교 실습장 및 청소년직업체험관 증축 전기공사 감리용역,servc,38
R26BK01625142_000,2026년 기능성원료 안전성 실증 용역,servc,21
R26BK01625531_000,CES 2027 디지털 청년인재 토크콘서트 행사 기획 및 운영,servc,34
R26BK01625804_000,직업훈련 AI 심사평가시스템 구축 사업,servc,21
R26BK01626822_000,발전사업 인허가 통합관리시스템 2차 기능 개발 감리 용역,servc,31
R26BK01627014_000,연구행정 효율화를 위한 AI기반 서비스 구축 사업,servc,27
R26BK01627335_000,2026년 한국영상자료원 ERP 1차 구축 사업,servc,26
R26BK01627351_000,플라스틱 재생원료 사용인증 개발 및 인정체계 구축방안 마련 용역,servc,35
R26BK01627389_000,한국교원대학교 통합홈페이지 고도화 사업,servc,21
R26BK01627455_000,서울청사 방문자무인안내시스템 구축,servc,18
R26BK01628546_000,스마트 해양모빌리티 실증테스트베드(STB:Smart ocean mobility TestBed) 자율운항선박 운항검증 플랫폼 구축,servc,71
R26BK01628548_000,우정사업 문자메시지 발송 대행 사업자 선정,servc,23
R26BK01628553_000,해양예보 의사결정 시스템 및 서비스 개선 감리,servc,25
R26BK01628568_000,HF AI 기반 지원시스템 통합 고도화 사업,servc,24
R26BK01628826_000,망분리(VDI) 2차 증설 사업,servc,17
R26BK01628864_000,2026년 스마트도시 데이터 플랫폼 유지관리 용역,servc,27
R26BK01628938_000,통합교육업무관리시스템(EMS) 구축(1차) 사업,servc,26
R26BK01628955_000,DX 전문인력양성 교육프로그램 개발 ·운영 용역,servc,26
R26BK01629124_000,2026년 AI.디지털 활용 수업혁신 역량강화(실습형) 연수 운영 위탁 용역,servc,42
R26BK01629160_000,한경국립대학교 중장기 AI/AX 인재양성 교육체계 구축 및 AI융합대학 전공 교육과정 고도화 컨설팅 용역,servc,58
R26BK01629236_000,화성시 버스정보시스템(BIS) 통합 운영체계 구축 용역,servc,30
R26BK01629389_000,화학물질 배출량조사 시스템 개선,servc,17
R26BK01629720_000,2026년 스쿨넷서비스 기술지원,servc,17
R26BK01629779_000,2026년 IFEZ 3차원 공간정보 데이터 구매,servc,26
R26BK01629781_000,스마트 아쿠아팜 테스트베드 조성사업 타당성 검토 및 기본계획 수립용역,servc,38
R26BK01629816_000,교통법규 위반 사실 QR코드 시스템 구축 도입 사업,servc,28
R26BK01630045_000,민간 교통정보를 활용한 실시간 신호운영방안 마련 연구용역,servc,31
R26BK01630051_000,26년 민간 SaaS 연계공통기반 운영 지원,servc,24
R26BK01630323_000,모두의 AI 실험실 온라인 플랫폼 고도화,servc,22
R26BK01630535_000,부산 AI 창업 경진대회 운영,servc,16
R26BK01630742_000,국립태안해양유물전시관 개방형 수장고 건립 공사 건설사업관리용역,servc,34
R26BK01631114_000,능력개발교육원 종합연수관리시스템 통합 유지보수,servc,25
R26BK01631134_000,"2026년 수산과학조사선 탐구3호 갑판,기관부 정기수리",servc,30
R26BK01631231_000,경기복지재단 홈페이지 및 클라우드 구축 사업 용역,servc,27
R26BK01631239_000,2026년 햇빛소득마을 교육 확산 및 운영 지원,servc,26
R26BK01631368_000,2026년 에너지총조사 수송부문 실태조사,servc,22
R26BK01631389_000,2026년 우편업무용 PDA·모바일프린터 도입 및 설치,servc,30
R26BK01631407_000,전자출하시스템 활성화 및 유지보수 사업,servc,21
R26BK01631420_000,2026 코리아테크페스티벌(가칭) 종합운영·홍보 및 전시 설치 용역,servc,37
R26BK01631684_000,"국세, 국세외수입 체납관리단 단체상해 보험용역",servc,25
R26BK01631717_000,2026년 e아동행복지원시스템 기능개선,servc,21
R26BK01631773_000,2026년 충남경찰청 유선통신장비 유지보수 계약,servc,26
R26BK01631892_000,국가야생생물소재은행 ISO 20387 인정분야 확대 등 컨설팅,servc,34
R26BK01632002_000,디지털서비스_아이헤이트플라잉버그스_온라인학교(SaaS),servc,30
R26BK01632084_000,강원대학교병원 권역책임의료기관 최종치료역량강화사업(MICU이전사업) 설계용역,servc,42
R26BK01632112_000,부산시 AI 기반 집중호우·태풍 대응서비스 구축 및 실증 사업,servc,34
R26BK01632182_000,제3차 국토교통과학기술 연구개발 종합계획 수립,servc,25
R26BK01632205_000,2026년 음주운전 단속장비(음주측정기) 검사(교정) 용역,servc,32
R26BK01632229_000,유성구 관광상품 개발 및 운영 대행 용역,servc,22
R26BK01632285_000,온라인 논문투고 심사시스템(JAMS) 고도화 및 클라우드 전환 사업,servc,37
R26BK01632351_000,2026년도 AI 기반 해상안전시스템(SW) 개발 용역,servc,30
R26BK01632507_000,무궁화35호 정기수리(선체·기관) 용역 계약 요청,servc,27
R26BK01632511_000,AIEP 메일 계정 및 빅테크 교육 플랫폼 연동 운영,servc,29
R26BK01632516_000,국방 지능형 플랫폼 고도화 구축,servc,17
R26BK01632520_000,美 독립 250주년 축하 리셉션·코리아데스크 연계 방한 행사 개최,servc,36
R26BK01632532_000,2026년 스마트상점 기술보급사업 종합홍보 대행 용역,servc,29
R26BK01632561_000,운전면허 전자서식(Paperless) 서비스 확대 사업,servc,30
R26BK01632663_000,산림 공간정보 실무 활용 유지관리,servc,18
R26BK01632692_000,2026년 PIM인공지능반도체 R&D 기술교류회 기획운영,servc,31
R26BK01632752_000,2026 ACDC(AI Cyber Defense Contest) 기획 및 운영,servc,43
R26BK01632822_000,강원본부 전력관리처 변전운영부 변전운영팀 업무용 차량 임차계약 A,servc,36
R26BK01632854_000,강원본부 전력관리처 변전운영부 변전운영팀 업무용 차량 임차계약 B,servc,36
R26BK01632984_000,2026년 대체자료 제작사업(3식) 감리,servc,22
R26BK01633091_000,중장기 국가발전전략 관련 대국민 소통사업,servc,22
R26BK01633137_000,제13대 도의원 노트북컴퓨터 임차,servc,18
R26BK01633392_000,디지털서비스_엔터플_노코드(No-Code) 백엔드 개발 플랫폼 싱크트리(SyncTree),servc,49
R26BK01633442_000,디지털서비스_디딤_디딤 중개서비스 for Amazon Web Services(IaaS),servc,48
R26BK01633598_000,2026년 나이스 통합 감리,servc,15
R26BK01633602_000,실태조사용 공용차량 임차 계약,servc,16
R26BK01633665_000,서울과학기술대학교 생성형 AI 기반 지능형 서비스 플랫폼 구축,servc,34
R26BK01633670_000,26년 악성메일 분석시스템 고도화 사업계약,servc,23
R26BK01633717_000,2026년 지방재정회관 시설관리 용역,servc,20
R26BK01633724_000,안전재난부 업무용 차량임차(재무-12453),servc,24
R26BK01633923_000,2026-2027 한국표준과학연구원(KRISS) 측정과학 아카이빙 및 온라인 종합 홍보 대행,servc,51
R26BK01633930_000,운행제한 업무지원 시스템 개인정보 영향평가 용역,servc,26
R26BK01634031_000,[긴급]상주여자고등학교 공간재구조화 사업 건설사업관리용역,servc,31
R26BK01634057_000,2026 공연예술유통 통합홍보 대행,servc,19
R26BK01634085_000,"아시아 2개국(우즈베키스탄, 캄보디아) 응급·모자보건 개발협력사업 중간평가",servc,41
R26BK01634136_000,디지털도서관 이용서비스 예약시스템 개편,servc,21
R26BK01634182_000,2026 세종학당 파견교원 재교육 과정 운영,servc,24
R26BK01634196_000,송지호 관망타워 조성사업 실시설계용역(설계공모),servc,26
R26BK01634213_000,중대범죄수사청 형사사법정보시스템 구축 감리용역,servc,25
R26BK01634215_000,ASF차단울타리 주변 야생멧돼지 실시간 알림 시스템 구축 용역,servc,34
R26BK01634587_000,인구감소지역 기업 실태분석 및 육성을 위한 정책 연구,servc,29
R26BK01634747_000,디지털서비스_미래엔_미래엔 AIDT 교육자료 for 아이헤이트플라잉버그스,servc,40
R26BK01634750_000,신창나들목(하이패스 전용) 설치공사 외 1개사업 통합건설사업관리용역,servc,37
R26BK01634763_000,2026년도 지역산업맞춤형 일자리창출 지원사업 참여자 조사,servc,32
R26BK01634786_000,상용SW 제3자단가(NDHub Data Platform v1.0(유지관리)_애드테크온),servc,48
R26BK01634802_000,SW 3자단가(불법주정차 단속시스템 V1.0 (유지관리) (주)엠젠솔루션),servc,41
R26BK01634949_000,(가칭)능동1초 외 1교(동탄12고) 신축공사 통합건설사업관리용역,servc,36
R26BK01634974_000,2026년 광안리 레이저쇼 행사 대행 용역,servc,23
R26BK01635143_000,모두의 AI 실험실 활용·지원 프로세스 수립 및 활성화,servc,30
R26BK01635266_000,새만금사업실 업무용 차량 임차 구매,servc,19
R26BK01635271_000,복합과학체험랜드 불연성 건설폐기물 처리,servc,21
R26BK01635312_000,다누리 커뮤니티 플라자 조성사업 건설사업관리용역(총괄분 및 1차분),servc,37
R26BK01635413_000,복합기 임차 사업,servc,9
R26BK01635612_000,2026년 직원 채용대행,servc,13
R26BK01635615_000,목재수확 공간정보 생성 유지관리 사업,servc,20
R26BK01635624_000,(유찰 재공고) 강원본부 토건운영부 업무용 차량 임차계약,servc,31
R26BK01635681_000,인제군 AI 기반 집중호우·태풍 대응서비스 구축 및 실증,servc,31
R26BK01635790_000,하이원리조트 모바일 앱 통합예약시스템 구축 감리 및 개인정보영향평가 사업,servc,40
R26BK01636103_000,국도3호선 남강대교 등 11개소 건설엔지니어링사업(정밀안전점검),servc,35
R26BK01636117_000,강원 데이터안심구역 시스템 고도화 용역,servc,21
R26BK01636119_000,"국도2호선 옥산1육교 등 12개소 건설엔지니어링사업(정밀안전점검 , 정밀안전진단 및 성능평가)",servc,52
R26BK01636127_000,로봇드론지원센터 시험동 신축공사 건설산업관리,servc,24
R26BK01636151_000,2026년 세종학당 교육자료 디지털 활용을 위한 메타데이터 구축,servc,35
R26BK01636155_000,변전운영부 업무용 차량임차(재무-12528),servc,24
R26BK01636275_000,고아 대망 외 2개소 하수관로 정비공사 GIS DB구축 용역,servc,33
R26BK01636307_000,2026년 에너지바우처 시스템 기능개발,servc,21
R26BK01636311_000,2026년 진료정보교류 참여 의료기관 확산,servc,23
R26BK01636319_000,2026년 K-수출전략품목 팝업스토어 및 출범식 기획·운영 용역,servc,35
R26BK01636358_000,경주운영시스템 통합유지보수 용역,servc,17
R26BK01636441_000,금강 대청지구 하천환경정비사업 건설폐기물(폐콘크리트)처리용역(1차),servc,37
R26BK01636506_000,가평군 광역 긴급차량 우선신호시스템 구축 지원사업,servc,27
R26BK01636687_000,백업센터 2·3전 기반환경 구축 전기공사 실시설계용역,servc,29
R26BK01636692_000,2026년 디지털서비스 개방 API 개발 지원사업 위탁감리,servc,32
R26BK01636725_000,2026년 제로에너지건축물 인증시스템 기능 개발,servc,26
R26BK01636761_000,국립과천과학관 첨단기술 전시를 위한 공간디자인 및 환경조성,servc,32
R26BK01636792_000,2026년 남극 해양조사 및 해도제작,servc,20
R26BK01636800_000,제2회 여성농업인 농기계 챌린지 대행 용역,servc,23
R26BK01637067_000,2026년 지능형 업무관리 플랫폼 구축 위탁감리사업,servc,28
R26BK01637235_000,우체국 자과초금 및 점외ATM 자금위탁운송 용역,servc,26
R26BK01637408_000,직업훈련 AI 심사시스템(집체 및 원격) 구축 사업 통합감리,servc,33
R26BK01637462_000,2026년 기초·계측장비 사후관리(그룹 B2),servc,25
R26BK01637586_000,항공종사자 표준교재 개정 및 전자교재 시범 구축,servc,26
R26BK01637657_000,26-F-공군 공용화기 사격장 구축 선행연구 용역,servc,27
R26BK01637666_000,사이버테러 수사지원시스템 고도화,servc,17
R26BK01637740_000,수요 맞춤 대학 성과 정보 관리 AI 플랫폼 구축,servc,27
R26BK01637958_000,원주교도소 신축 건물 이전 이사용역,servc,19
R26BK01638071_000,국립청소년바이오생명센터 통신회선 공급 사업자 선정,servc,27
R26BK01638253_000,2026년 관광특구 평가,servc,13
R26BK01638255_000,인구구조 변화에 따른 지역 필수서비스 인프라 유지 전략 및 대응방안 연구,servc,40
R26BK01638321_000,2026년 항공원격측정장비(EMSA) 항공관측 항공기 임차,servc,32
R26BK01638378_000,(가칭)대전학하중 신축공사 건설사업관리용역,servc,23
R26BK01638529_000,2026년 하반기 재정경제부 디지털소통(SNS) 등 온라인 정책홍보,servc,37
R26BK01638531_000,제4차 항공보안 기본계획(2027~2031) 수립 연구,servc,30
R26BK01638623_000,국립한국해양대학교 실습선 한나라호 중간(입거)검사 대비 입거수리 용역,servc,38
R26BK01638677_000,영천시 AI 기반 집중호우·태풍 대응서비스 구축 및 실증 사업,servc,34
R26BK01638793_000,세르비아 지방자치단체 데이터의 오픈데이터 포털 등록을 위한 PoC 수행 및 AI기반 재난안전 데이터 분석방안 제시,servc,63
R26BK01638841_000,부산금정경찰서 신축사업 건축물 철거 건설폐기물 처리 용역,servc,31
R26BK01638847_000,2026년 AIoT Week Korea NIPA 홍보관 제작운영 용역,servc,38
R26BK01638858_000,2026년 한국보건의료연구원 소셜미디어 운영 용역,servc,27
R26BK01638911_000,가칭 약수고등학교 설립공사 건설폐기물처리용역(중간처리)-계속비,servc,34
R26BK01638922_000,바이오헬스 융복합 지식산업센터 건립사업 전기공사 감리용역,servc,31
R26BK01638973_000,한국형 그린버튼 플랫폼 서버 인프라 고도화 구축,servc,26
R26BK01639032_000,2026년 성평등 지식플랫폼 고도화 및 운영관리,servc,26
R26BK01639062_000,영상자료 수집 및 영상 기록 사업,servc,18
R26BK01639078_000,2026년 서울경찰청 교통정보시스템 유지보수,servc,24
R26BK01639141_000,2026년 재생에너지 통합모니터링시스템 유지관리,servc,26
R26BK01639174_000,위성센터 통신위성 기반시설 주중심국 구축 감리용역,servc,27
R26BK01639179_000,배랭이 소하천 정비공사 시공단계의 감독 권한대행 등 건설사업관리용역,servc,37
R26BK01639183_000,차량용 요소 타소비축 관리용역 계약 의뢰,servc,22
R26BK01639422_000,2026년 파주시 지하시설물(상수도) 전산화 사업,servc,27
R26BK01639550_000,(가칭)대전용계중 신축공사 건설사업관리 용역,servc,24
R26BK01639632_000,조사정보시스템 개선 고도화 용역,servc,17
R26BK01639675_000,재생에너지 클라우드 플랫폼 기능 고도화 용역,servc,24
R26BK01639699_000,서울대학교 역사기록관 기록물 전수조사 및 이관·재배치 용역,servc,32
R26BK01639729_000,충청지방데이터청 옥천분소 신축공사 건설폐기물 처리용역,servc,29
R26BK01639817_000,대외 환경 변화에 따른 중소 제조 경쟁력 제고 방안 연구,servc,31
R26BK01639882_000,KAL858기 동체 추정 물체 확인 용역,servc,22
R26BK01639908_000,26/27 플레이윈터 스노보드 아카데미 대행용역,servc,26
R26BK01640059_000,한국지질자원연구원 기본사업 전략연구사업 연구비 위탁정산,servc,30
R26BK01640060_000,2026년 AI와 프라이버시 국제 컨퍼런스 행사대행 용역,servc,31
R26BK01640068_000,경기북부경찰청 주차시설 증축사업 설계용역,servc,22
R26BK01640069_000,해킹메일 통합관리 체계 개발,servc,15
R26BK01640251_000,2027학년도 디벗 양품화 사업,servc,17
R26BK01640410_000,정보통신시스템 통합유지보수 용역계약,servc,19
R26BK01640540_000,2026년 지역 AX 혁신 사업 성과 조사 분석 용역,servc,29
R26BK01640584_000,새만금 스마트그린산단 기본계획 변경 연구용역,servc,24
R26BK01640785_000,2026년 하반기 평화통일문화행사 평화온담 기획 및 운영,servc,31
R26BK01641079_000,디지털서비스_디엔에이클라우드_디엔에이클라우드 중개서비스 for 엘리스그룹(IaaS),servc,46
R26BK01641081_000,디지털서비스_하이브시스템_하이브시스템 NHN Cloud 공공기관용 서비스 (IaaS),servc,47
R26BK01641088_000,디지털서비스_티젠소프트_Tmovie(티무비),servc,24
R26BK01641091_000,디지털서비스_비츠코리아_비츠코리아 SecureBridge for 안랩클라우드메이트(SaaS),servc,51
R26BK01641096_000,디지털서비스_서원정보_서원정보 지원서비스,servc,22
R26BK01641267_000,2026년 복지위기 알림 서비스 고도화,servc,21
R26BK01641273_000,AI 신속 상용화 지원사업 홍보영상 제작,servc,22
R26BK01641287_000,2026학년도 2학기 경인교육대학교 캠퍼스 간 통학버스 운송 용역,servc,36
R26BK01641346_000,KNU-INSIGHT 플랫폼 구축 용역사업,servc,23
R26BK01641352_000,국립과천과학관 2026 첨단주간(Cutting-Edge Week) 프로그램 운영 위탁용역,servc,49
R26BK01641407_000,제20차 아시아·태평양 대법원장 회의 부대행사 용역,servc,28
R26BK01641487_000,에이전틱 AI 분야 개인정보 침해위험 실증분석,servc,25
R26BK01641718_000,재생에너지 보급지원사업 운영지원 및 사후관리 고도화,servc,28
R26BK01641731_000,글로벌 서비스·신기술 분야 침해위험 모니터링 사업,servc,27
R26BK01642376_000,승강기산업 진흥 5개년 기본계획 수립 연구용역,servc,25
R26BK01642452_000,재난안전 AI 데이터 구축 위탁감리,servc,19
R26BK01642782_000,2026 수호랑 스포츠 캠프 대행용역,servc,20
R26BK01642887_000,2026 반다비 스포츠 캠프 대행용역,servc,20
R26BK01642954_000,26~29-F-자원분석모델 개발 PMO,servc,21
R26BK01642993_000,국립호남권청소년디딤센터 건립사업 전기공사 감리용역,servc,27
R26BK01643010_000,공유공장 실증사업을 위한 스마트GMP 구축 용역,servc,26
R26BK01643321_000,(유찰 재공고) 강원본부 배전건설부 업무용 차량 임차 A,servc,31
R26BK01643561_000,2026년 클라우드 전환 및 업무서비스 개선 사업 개인정보 영향평가,servc,37
R26BK01643598_000,2026년 한국어교육 선도교원 양성 및 활용,servc,24
R26BK01643620_000,2026년 중대재해처벌법 안전보건 의무이행 점검 용역,servc,29
R26BK01643679_000,2027년 ACC NEXT 아시아신진작가전 전시 실행 및 운영 용역,servc,37
R26BK01643688_000,2026년 진료정보교류시스템 기능개선 사업,servc,23
R26BK01643817_000,2026년 평생교육이용권 성과분석 연구,servc,21
R26BK01643881_000,2026학년도 나이스 현장지원단 활동우수자 핵심 역량강화 국외연수 대행 용역,servc,42
R26BK01643914_000,2026년 창업진흥원 개인정보 영향평가,servc,21
R26BK01644019_000,"양평군 양근천, 강하 오수관로 정비 및 불명수 저감사업 건설폐기물(준설토)처리용역",servc,45
R26BK01644067_000,26-F-병사식당 등 2건 설계용역(D006) 재공고,servc,29
R26BK01644122_000,CES 2027 기술동향 조사 분석 및 기술간담회 개최,servc,30
R26BK01644133_000,(가칭)부천과학고 기숙사 증축 전기공사 감리용역,servc,26
R26BK01644146_000,국군복지단 복지종합정보체계 고도화 구축 1단계 사업,servc,28
R26BK01644154_000,2026년 야생멧돼지 ASF 수색탐지견 운영사업,servc,26
R26BK01644260_000,2026학년도 그린바이오 혁신융합대학사업 2026 CO-SHOW 행사 제작·운송·설치·운영 용역,servc,53
R26BK01644374_000,제주 AI 인재양성 프로그램 운영 용역,servc,21
R26BK01644380_000,교육활동보호 전산화시스템 교육활동보호넷 구축 용역,servc,27
R26BK01644402_000,경찰대학 치안데이터사이언스 연구 분석용 워크스테이션 구매,servc,31
R26BK01644599_000,2026년 클라우드 인식확산 용역,servc,18
R26BK01644761_000,26년 3000톤 노후대체 경비함 설계 용역(장기1차),servc,30
R26BK01644795_000,i-세종학당 AI 활용 한국어 학습 서비스 콘텐츠 확대 및 기능 개선,servc,38
R26BK01644842_000,2026년 상생소비복권 콜센터 위탁 운영 용역,servc,25
R26BK01644901_000,「AI 수용도가 일자리에 미치는 영향」 조사,servc,24
R26BK01645115_000,무궁화36호 정기수리(선체·기관) 용역,servc,21
R26BK01645125_000,2026년 한국사회보장정보원 정보인프라 보강 사업,servc,27
R26BK01645135_000,2026년 국고보조사업 사후관리 및 성과분석,servc,24
R26BK01645136_000,차량용 요소 타소비축 관리용역 계약요청,servc,21
R26BK01645383_000,2026 제12회 국제 CSI 컨퍼런스 계약,servc,24
R26BK01645507_000,2026년 디지털 이코노미 포럼,servc,17
R26BK01645550_000,2026-2027년 국가대표선수촌 관리용역(조경),servc,27
R26BK01645565_000,EU CBAM 확정기간 대응을 위한 배출량 DB 관리방안 마련,servc,34
R26BK01645576_000,26-F-2026 공군 화보집 제작 용역,servc,22
R26BK01645846_000,동북아역사재단 《일제강점기 바로알기》 시리즈 발간,servc,27
R26BK01645943_000,2026 KNU 팜페스티벌,servc,14
R26BK01646043_000,군산자유무역지역내 도로 재포장공사 폐기물처리 용역,servc,27
R26BK01646071_000,2026년도 고용서비스분야 컨퍼런스(2회) 행사 기획 및 운영,servc,34
R26BK01646087_000,26-D-검찰단 본부 신축 전기감리용역(B011),servc,27
R26BK01646133_000,24시간 민원응대 시스템 고도화 구축,servc,20
R26BK01646453_000,2026년 소상공인 재기지원사업 성과분석 용역,servc,25
R26BK01646546_000,2026년 조선왕릉 웹VR 콘텐츠 제작 용역,servc,24
R26BK01646854_000,2026년 공공구매 실태조사 연구용역,servc,20
R26BK01646932_000,양곡초등학교 그린스마트 미래학교 리모델링공사 상주감리용역,servc,31
R26BK01647005_000,인공지능 기반 식물검역 챗봇(PQ봇) 시스템 구축,servc,27
R26BK01647033_000,[지원] 증강현실(AR) 기술을 활용한 신경계 질환 대상자 재활 훈련 콘텐츠 개발 연구,servc,48
R26BK01647363_000,울진해양경찰서 함정승조원지원시설 폐기물처리용역(불연성),servc,30
R26BK01647570_000,2026 한국지능로봇경진대회 운영 대행 용역,servc,24
R26BK01647603_000,부동산공시가격산정시스템 유지관리 및 기능개선,servc,24
R26BK01647892_000,26-N-FFG-II 통합제어장치 다중통신 진단모듈 개발,servc,31
R26BK01647924_000,2026년 경산 만화축제 & 공모전 기획 및 운영 용역,servc,30
R26BK01648336_000,경북 장애인가족 복합 힐링센터 건립공사 전기감리 용역,servc,29
R26BK01648369_000,2026년 사회서비스정보시스템 서비스 확대 및 기능개선(통합감리 및 개인정보 영향평가),servc,48
R26BK01648451_000,제87회 순국선열의 날 기념식 대행용역,servc,21
R26BK01648709_000,2026년 경찰관서 유선통신장비 유지보수 계약,servc,25
R26BK01648811_000,포천고 공간재구조화 개축 및 리모델링 공사 감독권한대행 등 건설사업관리 용역,servc,42
R26BK01648853_000,2026년 O2O 융합기획전 통합 운영 대행 용역,servc,27
R26BK01649119_000,2026 오월어머니의 연극 제작 용역,servc,20
R26BK01649232_000,연구데이터 활용체계 고도화 사업,servc,17
R26BK01649264_000,ICHI 확증 임상시험 CRO 용역,servc,19
R26BK01649516_000,JDC 사내 생성형 AI 언어모델(SLLM) 구축 사업,servc,30
R26BK01649707_000,국제 배터리 엑스포 2026 포항 기획·운영 대행 용역,servc,30
R26BK01649745_000,26~27-N-스마트캠퍼스 교육정보체계 구축,servc,24
R26BK01649835_000,2026년 재정지원 일자리사업 참여자 만족도 조사,servc,27
R26BK01649836_000,26-F-제10회 공군참모총장배 드론 종합경연대회 운영,servc,30
R26BK01649853_000,(가칭)당수1초 신축 전기공사 설계용역,servc,21
R26BK01650072_000,휴머노이드 로봇 운영 용역,servc,14
R26BK01650135_000,재난 예·경보 통합관리 및 데이터 품질관리체계 구축,servc,28
R26BK01650322_000,국립완도난대수목원 조성사업 전기감리 용역,servc,22
R26BK01650325_000,한국에너지공과대학교 IT인프라 및 정보시스템 통합 유지·관리 용역,servc,36
R26BK01650362_000,디지털서비스_하이브시스템_하이브시스템 네이버 클라우드 공공기관용 서비스(IaaS),servc,45
R26BK01650364_000,디지털서비스_유큐브_유큐브 지원서비스,servc,20
R26BK01650366_000,디지털서비스_엔디에스_엔디에스 중개서비스 for Amazon Web Services(IaaS),servc,52
R26BK01650368_000,디지털서비스_씨피랩스_META DID v2.0,servc,25
R26BK01650371_000,"디지털서비스_바른정보기술, 공공기관 출입자 정보 관리 시스템",servc,33
R26BK01650372_000,"디지털서비스_지학사, (주)지학사 AIDT교육자료 for 아이헤이트플라잉버그스",servc,43
R26BK01650379_000,"디지털서비스_베스핀글로벌, 베스핀글로벌매니지드서비스",servc,28
R26BK01650384_000,디지털서비스_마인드로직_팩트챗 (FactChat),servc,27
R26BK01650563_000,평택경찰서 이전 신축공사 [건설사업관리대행용역],servc,26
R26BK01650570_000,전기통신금융사기 통합분석대응시스템 3년차 고도화,servc,26
R26BK01650609_000,"국내 정보보호 및 개인정보보호 관리체계( ISMS-P)인증, 국제 정보보호 및 개인정보보호 경영시스템(ISO/IEC 27001,27701) 인증 컨설팅 용역",servc,87
R26BK01650634_000,26-D-00부대 설계용역(B543),servc,20
R26BK01650693_000,"기증전시 나누어 모은, 한글(가제) 전시연출 설계 제작 설치 용역 계약",servc,39
R26BK01650699_000,순환경제 세부경영전략 수립 컨설팅 용역,servc,21
R26BK01650717_000,국도31호선 장안-서생 이설공사 건설폐기물(폐콘크리트)2 처리용역,servc,36
R26BK01650854_000,생성형 AI 플랫폼 서비스 고도화 2차 구축사업 감리 용역,servc,32
R26BK01650869_000,(전시) 세계박람회(가제) 특별전 영상 제작,servc,24
R26BK01650900_000,진해고등학교 별관동 미래학교 공간재구조화 증축공사 설계공모,servc,32
R26BK01650946_000,중소기업 빅데이터 플랫폼(SIMS) 연계방식 전환 및 지원이력 자동수집 강화,servc,42
R26BK01650993_000,2026년 신재생에너지 설비 사후관리 실태조사,servc,25
R26BK01651008_000,소상공인 디지털전환·성과분석 및 활용도 점검 용역,servc,27
R26BK01651082_000,구 건축물카드대장 DB구축 사업 용역,servc,20
R26BK01651186_000,재생에너지의날 기념식 기획 및 운영 추진 보고,servc,25
R26BK01651260_000,광안대교 경관조명 미디어콘텐츠 개선 용역,servc,22
R26BK01651547_000,2026년 학부모 콘텐츠 개발,servc,16
R26BK01651555_000,26-F-공군 정신전력 인사이트 기획 및 운영 용역,servc,28
R26BK01651719_000,글로벌 신시장 진출 비즈니스 지원 통합 운영,servc,24
R26BK01651830_000,상용SW 제3자단가(TeraPES-CM v.1.0(유지관리)_테라테코),servc,39
R26BK01651890_000,2026년 디지털서비스개방 이용활성화,servc,20
R26BK01651919_000,상용SW 제3자단가(TeraPES-VE v.1.0(유지관리)_테라테코),servc,39
R26BK01651938_000,상용SW 제3자단가(TeraPES-DB v.1.0(유지관리)_테라테코),servc,39
R26BK01651990_000,국립한국교통대학교 글로컬지원센터 증축공사 건설사업관리용역,servc,31
R26BK01652033_000,26-D-화생방 방호시설 설계기준 개정연구 용역,servc,26
R26BK01652134_000,(가칭)세교2-3고 신축 전기공사 설계용역,servc,23
R26BK01652448_000,(26G153-B) 26년 해외안보현장견학 용역,servc,26
R26BK01652682_000,"통합 건설사업관리용역(평내동 물놀이장 공영주차장 건립, 조안면 공공도서관 건립)",servc,44
R26BK01652917_000,빙해공학연구동 연구시설 고도화사업 설계 용역,servc,24
R26BK01653125_000,익산 장선처리분구 하수관로 정비사업 건설폐기물 처리용역,servc,30
R26BK01653130_000,2026년 행정업무용 컴퓨터 임차용역,servc,20
R26BK01653146_000,제주대학교 교육대학 개축(이전) 시설개선 임대형 민자사업(BTL) 건설사업관리 용역,servc,46
R26BK01653190_000,국립한국해양대학교 순환버스 임차용역 계약,servc,22
R26BK01653243_000,신재생에너지 보급사업 사후관리 시스템 기능 개발,servc,26
R26BK01653273_000,2026년도 납품대금 연동제 실태조사 위탁용역,servc,25
R26BK01653367_000,무궁화32호 정기적 수리(선체·기관) 용역,servc,23
R26BK01653370_000,시흥거모 A-1BL 및 A-2BL 아파트 건설공사 시공단계 감독권한대행 등 (통합)건설사업관리용역,servc,54
R26BK01653430_000,크메르어 기반 AI챗봇 시범 적용을 통한 확산전략수립 및 공공부문 데이터 거버넌스 역량강화,servc,50
R26BK01653508_000,동성고 교실 증축공사 감독 권한대행 등 건설사업관리용역,servc,30
R26BK01653667_000,2026년 중요기록물 DB구축 및 전수조사 사업 조달계약 의뢰,servc,34
R26BK01653757_000,1:25만 강릉·속초도폭 기반암 지질정보 획득을 위한 암석시료 종합조사 용역,servc,42
R26BK01653822_000,KUSF 영상 AI 아카이빙 시스템 고도화 구축,servc,26
R26BK01653826_000,제97주년 학생독립운동 기념식 대행용역,servc,21
R26BK01653835_000,디버터 시험시설 연구센터 건축 기본 및 실시설계 용역,servc,29
R26BK01654115_000,수질오염 통합방제센터 종합상황실 운영체계 정립 용역,servc,28
R26BK01654219_000,2026년 연안 수산자원조사 심층조사,servc,20
R26BK01654234_000,2026년 화성시 모빌리티분석 솔루션 시스템 구축 용역,servc,30
R26BK01654523_000,미륵사지 디지털 건축 학술포럼 및 야외 XR 콘텐츠 시연회 행사 대행 용역,servc,41
R26BK01654805_000,신문1지구초등학교 교사 신축 전기공사 감리용역,servc,25
R26BK01655036_000,수질 자동측정기기 신뢰도 향상을 위한 전처리 방안 마련,servc,30
R26BK01655136_000,스마트도시 특화단지 정보시스템 구축 사업 감리 용역,servc,28
R26BK01655520_000,사법부 AI 기반 형사재판 및 양형지원을 위한 지능형 플랫폼 구축,servc,36
R26BK01655790_000,서울인헌초등학교 그린스마트 미래학교 증개축 전기공사 감리용역(장기계속),servc,39
R26BK01655864_000,2026년 정보시스템 재구축,servc,15
R26BK01656128_000,대회용 자율주행로봇 및 4족보행로봇 관제 및 운영 용역,servc,30
R26BK01656132_000,2026년 「사회적기업가 육성사업」 이력·성과 조사 및 데이터 정비 용역,servc,40
R26BK01656147_000,홍천강 굴운지구 하천정비사업 건설폐기물처리용역(1차),servc,29
R26BK01656282_000,2026년도 대학청년고용서비스 성과평가 운영지원,servc,26
R26BK01656581_000,울진해양경찰서 함정승조원지원시설 신축공사 감독권한대행 등 건설사업관리용역,servc,40
R26BK01656762_000,제23회 드림프로그램 대행용역,servc,16
R26BK01657011_000,국립창원대학교 통합대학 차세대 LMS 고도화 사업,servc,27
R26BK01657151_000,26년 함정 선체 보험 가입,servc,15
R26BK01657179_000,부천원미경찰서 재건축사업 [전기설계용역],servc,22
R26BK01657656_000,생활 밀접 VOCs 배출 저감을 위한 관리 방안 마련,servc,29
R26BK01657776_000,2026년 전산장비 유지보수 계약,servc,18
R26BK01657804_000,국민건강보험공단 구로지사 사옥 리모델링 공사 설계용역(제안공모),servc,35
R26BK01657957_000,강릉전력지사 변전정비팀 업무용 차량 임차계약,servc,24
R26BK01658179_000,강우 시 미처리 하수에 대한 처리 기준 및 관제 체계 마련,servc,32
R26BK01658497_000,거제권 VTS 레이더 구매 설치 감리용역,servc,22
R26BK01658573_000,2026년 보건소 노쇠예방관리시스템 기능개발,servc,24
R26BK01658707_000,에듀테크 기반 가상훈련 플랫폼 기능개선,servc,21
R26BK01658773_000,지능형 이민행정 분석 데이터베이스 구축 사업 감리 및 개인정보영향평가,servc,38
R26BK01658854_000,국립공주대학교 시설개선 임대형 민자사업(BTL) 전기공사 감리용역,servc,36
R26BK01658952_000,(가칭)창릉5유 신축 전기공사 감리용역,servc,21
R26BK01659100_000,공연시장 소비자료 수집 및 활용 대행 용역,servc,23
R26BK01659250_000,2026년 지방재정회관 미화관리 용역,servc,20
R26BK01659327_000,홍천강 하화계지구 하천정비사업 건설폐기물처리용역(1차),servc,30
R26BK01659430_000,국도5호선 의성 의성 철파지구 등 8개소 포장도 보수공사 건설폐기물처리용역,servc,41
R26BK01659545_000,지능형 농기계 실증단지 운영 및 서비스방안 도출,servc,26
R26BK01659560_000,홍천강 태학지구 하천정비사업 건설폐기물처리용역(1차),servc,29
R26BK01659667_000,중요시설경계시스템 4차 책임감리용역,servc,19
R26BK01659747_000,SW 3자단가(DAVA FMS-Platform v1.0 (커스터마이징) (주)다인정보기술),servc,50
R26BK01659818_000,2026년 직무능력은행 연계 확장 및 기능 개선 사업,servc,29
R26BK01659877_000,2026 국립아시아문화전당 지역상생 문화마켓 용역사업,servc,29
R26BK01659900_000,2026년 인문소양 원격연수 콘텐츠 이용 사업,servc,25
R26BK01660141_000,AX를 위한 정보화전략계획(ISP) 수립 컨설팅,servc,26
R26BK01660635_000,효돈농협 과수거점산지유통센터(APC) 기본 및 실시설계용역,servc,32
R26BK01661035_000,충주시 천상원 제2봉안당 건립사업 기본 및 실시설계 용역,servc,31
R26BK01661050_000,2026년 지방재정회관 경비관리 용역,servc,20
