정규화,analyzer,ngram,min_df,sublinear,max_features,C,class_weight,피처수,Val_MacroF1
False,char,"(2, 3)",1,True,0,10.0,balanced,31346,0.6931360041093523
False,char,"(2, 3)",1,True,100000,10.0,balanced,31346,0.6931360041093523
False,char,"(2, 3)",1,True,100000,10.0,none,31346,0.6907439226669951
False,char,"(2, 3)",1,True,0,10.0,none,31346,0.6907439226669951
False,char,"(2, 3)",1,False,100000,10.0,balanced,31346,0.6905560900620469
False,char,"(2, 3)",1,False,0,10.0,balanced,31346,0.6905560900620469
True,char,"(2, 3)",1,True,0,1.0,none,27540,0.6880237476151931
True,char,"(2, 3)",1,True,100000,1.0,none,27540,0.6880237476151931
False,char,"(2, 3)",1,False,0,10.0,none,31346,0.6873313133149932
False,char,"(2, 3)",1,False,100000,10.0,none,31346,0.6873313133149932
True,char,"(2, 3)",1,False,0,1.0,balanced,27540,0.686381076685509
True,char,"(2, 3)",1,False,100000,1.0,balanced,27540,0.686381076685509
False,char,"(2, 4)",1,True,0,10.0,none,59904,0.685338357323484
False,char,"(2, 4)",1,True,100000,10.0,none,59904,0.685338357323484
False,char,"(2, 4)",1,True,0,10.0,balanced,59904,0.6852239145645981
False,char,"(2, 4)",1,True,100000,10.0,balanced,59904,0.6852239145645981
False,char,"(2, 3)",1,False,0,1.0,none,31346,0.6851165762715186
False,char,"(2, 3)",1,False,100000,1.0,none,31346,0.6851165762715186
True,char,"(2, 3)",1,False,0,1.0,none,27540,0.6846879063714564
True,char,"(2, 3)",1,False,100000,1.0,none,27540,0.6846879063714564
True,char,"(2, 3)",1,True,100000,3.0,none,27540,0.6845639795028317
True,char,"(2, 3)",1,True,0,3.0,none,27540,0.6845639795028317
False,char,"(2, 3)",1,True,0,1.0,none,31346,0.6843739455321317
False,char,"(2, 3)",1,True,100000,1.0,none,31346,0.6843739455321317
False,char,"(2, 3)",1,True,0,3.0,none,31346,0.6842146639251931
False,char,"(2, 3)",1,True,100000,3.0,none,31346,0.6842146639251931
True,char,"(2, 3)",1,True,100000,10.0,balanced,27540,0.6835446441942327
True,char,"(2, 3)",1,True,0,10.0,balanced,27540,0.6835446441942327
True,char,"(2, 3)",1,True,100000,1.0,balanced,27540,0.6834394314567175
True,char,"(2, 3)",1,True,0,1.0,balanced,27540,0.6834394314567175
False,char,"(2, 4)",1,False,100000,10.0,balanced,59904,0.6833896309775371
False,char,"(2, 4)",1,False,0,10.0,balanced,59904,0.6833896309775371
True,char,"(2, 4)",1,True,0,10.0,balanced,52901,0.6829662430016151
True,char,"(2, 4)",1,True,100000,10.0,balanced,52901,0.6829662430016151
False,char,"(2, 3)",1,False,0,3.0,none,31346,0.6828837635531968
False,char,"(2, 3)",1,False,100000,3.0,none,31346,0.6828837635531968
True,char,"(2, 4)",1,False,0,10.0,none,52901,0.6828832384416492
True,char,"(2, 4)",1,False,100000,10.0,none,52901,0.6828832384416492
True,char,"(2, 4)",1,True,0,10.0,none,52901,0.6827532904208576
True,char,"(2, 4)",1,True,100000,10.0,none,52901,0.6827532904208576
True,char_wb,"(2, 3)",1,False,100000,3.0,none,23232,0.6826869804608584
True,char_wb,"(2, 3)",1,False,0,3.0,none,23232,0.6826869804608584
False,char,"(2, 4)",1,False,100000,10.0,none,59904,0.6820589470462879
False,char,"(2, 4)",1,False,0,10.0,none,59904,0.6820589470462879
False,char,"(2, 3)",1,False,100000,3.0,balanced,31346,0.6818198625720852
False,char,"(2, 3)",1,False,0,3.0,balanced,31346,0.6818198625720852
False,char,"(2, 3)",1,True,0,3.0,balanced,31346,0.6816905349186206
False,char,"(2, 3)",1,True,100000,3.0,balanced,31346,0.6816905349186206
True,char,"(2, 4)",1,True,0,3.0,balanced,52901,0.6812164271665454
True,char,"(2, 4)",1,True,100000,3.0,balanced,52901,0.6812164271665454
True,char,"(2, 3)",1,False,0,3.0,none,27540,0.6811237763378997
True,char,"(2, 3)",1,False,100000,3.0,none,27540,0.6811237763378997
False,char_wb,"(2, 3)",1,True,100000,10.0,balanced,27740,0.6811125648801811
False,char_wb,"(2, 3)",1,True,0,10.0,balanced,27740,0.6811125648801811
True,char,"(2, 4)",1,False,0,10.0,balanced,52901,0.6809605746008028
True,char,"(2, 4)",1,False,100000,10.0,balanced,52901,0.6809605746008028
False,char_wb,"(2, 3)",1,False,100000,10.0,balanced,27740,0.6801477206209444
False,char_wb,"(2, 3)",1,False,0,10.0,balanced,27740,0.6801477206209444
False,char_wb,"(2, 3)",1,True,100000,3.0,balanced,27740,0.6791097846291587
False,char_wb,"(2, 3)",1,True,0,3.0,balanced,27740,0.6791097846291587
True,char_wb,"(2, 4)",1,True,0,1.0,balanced,37967,0.6790599847256065
True,char_wb,"(2, 4)",1,True,100000,1.0,balanced,37967,0.6790599847256065
True,char_wb,"(2, 5)",1,False,0,1.0,balanced,49285,0.6787384681382933
True,char_wb,"(2, 5)",1,False,100000,1.0,balanced,49285,0.6787384681382933
True,char,"(2, 3)",1,True,0,10.0,none,27540,0.6787011734849888
True,char,"(2, 3)",1,True,100000,10.0,none,27540,0.6787011734849888
True,char_wb,"(2, 3)",1,True,100000,10.0,none,23232,0.6786211631647776
True,char_wb,"(2, 3)",1,True,0,10.0,none,23232,0.6786211631647776
True,char_wb,"(2, 5)",1,True,0,1.0,balanced,49285,0.6785931477697187
True,char_wb,"(2, 5)",1,True,100000,1.0,balanced,49285,0.6785931477697187
True,char,"(2, 3)",2,True,0,1.0,balanced,10702,0.6781642979873559
True,char,"(2, 3)",2,True,100000,1.0,balanced,10702,0.6781642979873559
True,char,"(2, 3)",1,False,0,10.0,balanced,27540,0.6778931767942036
True,char,"(2, 3)",1,False,100000,10.0,balanced,27540,0.6778931767942036
False,char_wb,"(2, 5)",1,True,0,3.0,balanced,64263,0.6777752314166723
False,char_wb,"(2, 5)",1,True,100000,3.0,balanced,64263,0.6777752314166723
False,char_wb,"(2, 3)",1,False,0,3.0,balanced,27740,0.677768374495941
False,char_wb,"(2, 3)",1,False,100000,3.0,balanced,27740,0.677768374495941
True,char,"(2, 3)",1,True,100000,0.3,balanced,27540,0.6767807580616734
True,char,"(2, 3)",1,True,0,0.3,balanced,27540,0.6767807580616734
True,char,"(2, 4)",1,True,100000,1.0,none,52901,0.6767037837068466
True,char,"(2, 4)",1,True,0,1.0,none,52901,0.6767037837068466
True,char,"(2, 3)",2,False,100000,1.0,balanced,10702,0.6766029056278268
True,char,"(2, 3)",2,False,0,1.0,balanced,10702,0.6766029056278268
True,char_wb,"(2, 3)",1,True,100000,1.0,balanced,23232,0.6765081704621931
True,char_wb,"(2, 3)",1,True,0,1.0,balanced,23232,0.6765081704621931
True,char_wb,"(2, 3)",1,True,100000,3.0,none,23232,0.6764629739978413
True,char_wb,"(2, 3)",1,True,0,3.0,none,23232,0.6764629739978413
True,char,"(2, 3)",1,False,0,0.3,balanced,27540,0.6760720900458259
True,char,"(2, 3)",1,False,100000,0.3,balanced,27540,0.6760720900458259
True,char_wb,"(2, 3)",1,False,100000,1.0,balanced,23232,0.6760215206681404
True,char_wb,"(2, 3)",1,False,0,1.0,balanced,23232,0.6760215206681404
True,char,"(2, 4)",1,False,0,3.0,balanced,52901,0.6760022819260026
True,char,"(2, 4)",1,False,100000,3.0,balanced,52901,0.6760022819260026
True,char_wb,"(2, 3)",1,True,100000,10.0,balanced,23232,0.6756607869651801
True,char_wb,"(2, 3)",1,True,0,10.0,balanced,23232,0.6756607869651801
True,char_wb,"(2, 4)",1,False,0,1.0,balanced,37967,0.6756507369685325
True,char_wb,"(2, 4)",1,False,100000,1.0,balanced,37967,0.6756507369685325
True,char_wb,"(2, 4)",1,True,100000,10.0,balanced,37967,0.6750916277867967
True,char_wb,"(2, 4)",1,True,0,10.0,balanced,37967,0.6750916277867967
True,char,"(2, 4)",1,False,100000,1.0,none,52901,0.6750823177063896
True,char,"(2, 4)",1,False,0,1.0,none,52901,0.6750823177063896
True,char_wb,"(2, 5)",1,False,0,3.0,balanced,49285,0.6749810619237334
True,char_wb,"(2, 5)",1,False,100000,3.0,balanced,49285,0.6749810619237334
True,char,"(2, 3)",1,False,0,10.0,none,27540,0.6748356272665015
True,char,"(2, 3)",1,False,100000,10.0,none,27540,0.6748356272665015
True,char_wb,"(2, 4)",1,True,100000,0.3,balanced,37967,0.674807419927522
True,char_wb,"(2, 4)",1,True,0,0.3,balanced,37967,0.674807419927522
True,char_wb,"(2, 3)",1,False,0,10.0,balanced,23232,0.6738898159689833
True,char_wb,"(2, 3)",1,False,100000,10.0,balanced,23232,0.6738898159689833
False,char_wb,"(2, 4)",1,True,100000,3.0,none,47115,0.6737651086515111
False,char_wb,"(2, 4)",1,True,0,3.0,none,47115,0.6737651086515111
False,char,"(2, 4)",1,False,0,3.0,none,59904,0.6736594779271886
False,char,"(2, 4)",1,False,100000,3.0,none,59904,0.6736594779271886
True,char_wb,"(2, 4)",1,True,0,10.0,none,37967,0.6733832581343472
True,char_wb,"(2, 4)",1,True,100000,10.0,none,37967,0.6733832581343472
False,char_wb,"(2, 4)",1,True,100000,10.0,none,47115,0.6728893459733994
False,char_wb,"(2, 4)",1,True,0,10.0,none,47115,0.6728893459733994
False,char,"(2, 4)",1,True,0,3.0,none,59904,0.6726006751141054
False,char,"(2, 4)",1,True,100000,3.0,none,59904,0.6726006751141054
True,char_wb,"(2, 3)",1,False,100000,10.0,none,23232,0.672506717096564
True,char_wb,"(2, 3)",1,False,0,10.0,none,23232,0.672506717096564
True,char,"(2, 3)",1,False,0,3.0,balanced,27540,0.672501944416779
True,char,"(2, 3)",1,False,100000,3.0,balanced,27540,0.672501944416779
False,char_wb,"(2, 3)",1,True,100000,10.0,none,27740,0.672084882145155
False,char_wb,"(2, 3)",1,True,0,10.0,none,27740,0.672084882145155
True,char_wb,"(2, 4)",1,True,100000,1.0,none,37967,0.6720653475788133
True,char_wb,"(2, 4)",1,True,0,1.0,none,37967,0.6720653475788133
True,char,"(2, 3)",1,True,0,3.0,balanced,27540,0.6720059288044843
True,char,"(2, 3)",1,True,100000,3.0,balanced,27540,0.6720059288044843
True,char_wb,"(2, 3)",2,True,100000,1.0,balanced,9500,0.6719436999035537
True,char_wb,"(2, 3)",2,True,0,1.0,balanced,9500,0.6719436999035537
True,char_wb,"(2, 4)",1,False,100000,0.3,balanced,37967,0.6718281208078929
True,char_wb,"(2, 4)",1,False,0,0.3,balanced,37967,0.6718281208078929
True,char_wb,"(2, 5)",1,True,100000,3.0,balanced,49285,0.6717351139187601
True,char_wb,"(2, 5)",1,True,0,3.0,balanced,49285,0.6717351139187601
False,char_wb,"(2, 3)",1,False,0,10.0,none,27740,0.6714616204086463
False,char_wb,"(2, 3)",1,False,100000,10.0,none,27740,0.6714616204086463
False,char,"(2, 5)",1,True,100000,3.0,balanced,92607,0.6711862452475807
False,char,"(2, 5)",1,True,0,3.0,balanced,92607,0.6711862452475807
True,char,"(2, 4)",1,True,0,3.0,none,52901,0.6709332884833508
True,char,"(2, 4)",1,False,0,3.0,none,52901,0.6709332884833508
True,char,"(2, 4)",1,True,100000,3.0,none,52901,0.6709332884833508
True,char,"(2, 4)",1,False,100000,3.0,none,52901,0.6709332884833508
True,char_wb,"(2, 3)",1,True,0,0.3,balanced,23232,0.6707456553399093
True,char_wb,"(2, 3)",1,True,100000,0.3,balanced,23232,0.6707456553399093
True,char_wb,"(2, 5)",1,False,0,10.0,balanced,49285,0.6706426346589935
True,char_wb,"(2, 5)",1,False,100000,10.0,balanced,49285,0.6706426346589935
False,char_wb,"(2, 4)",1,True,0,3.0,balanced,47115,0.6705872601159382
False,char_wb,"(2, 4)",1,True,100000,3.0,balanced,47115,0.6705872601159382
True,char_wb,"(2, 4)",1,False,100000,10.0,balanced,37967,0.6704997678319831
True,char_wb,"(2, 4)",1,False,0,10.0,balanced,37967,0.6704997678319831
True,char_wb,"(2, 5)",1,True,0,10.0,balanced,49285,0.6702556676477476
True,char_wb,"(2, 5)",1,True,100000,10.0,balanced,49285,0.6702556676477476
True,char_wb,"(2, 3)",1,True,100000,3.0,balanced,23232,0.6697400103589592
True,char_wb,"(2, 3)",1,True,0,3.0,balanced,23232,0.6697400103589592
False,char_wb,"(2, 3)",1,False,0,3.0,none,27740,0.6695121532110246
False,char_wb,"(2, 3)",1,False,100000,3.0,none,27740,0.6695121532110246
False,char,"(2, 4)",1,True,100000,3.0,balanced,59904,0.6693680805893634
False,char,"(2, 4)",1,True,0,3.0,balanced,59904,0.6693680805893634
False,char_wb,"(2, 4)",1,False,100000,3.0,none,47115,0.6691677996954647
False,char_wb,"(2, 4)",1,False,0,3.0,none,47115,0.6691677996954647
False,char_wb,"(2, 5)",1,False,0,3.0,balanced,64263,0.6691396742778378
False,char_wb,"(2, 5)",1,False,100000,3.0,balanced,64263,0.6691396742778378
False,char_wb,"(2, 3)",1,True,100000,3.0,none,27740,0.668936966706063
False,char_wb,"(2, 3)",1,True,0,3.0,none,27740,0.668936966706063
False,char,"(2, 4)",1,False,0,3.0,balanced,59904,0.6688634933026847
False,char,"(2, 4)",1,False,100000,3.0,balanced,59904,0.6688634933026847
True,char,"(2, 5)",1,False,100000,10.0,balanced,81633,0.668760176841314
True,char,"(2, 5)",1,False,0,10.0,balanced,81633,0.668760176841314
True,char_wb,"(2, 4)",1,False,100000,10.0,none,37967,0.6685160526843311
True,char_wb,"(2, 4)",1,False,0,10.0,none,37967,0.6685160526843311
True,char,"(2, 5)",1,True,100000,10.0,balanced,81633,0.6684797850310636
True,char,"(2, 5)",1,True,0,10.0,balanced,81633,0.6684797850310636
True,char_wb,"(2, 4)",1,False,0,1.0,none,37967,0.6681403371041232
True,char_wb,"(2, 4)",1,False,100000,1.0,none,37967,0.6681403371041232
False,char_wb,"(2, 4)",1,True,0,10.0,balanced,47115,0.6680010803712013
False,char_wb,"(2, 4)",1,True,100000,10.0,balanced,47115,0.6680010803712013
True,char,"(2, 5)",1,False,100000,3.0,balanced,81633,0.6679873553696877
True,char,"(2, 5)",1,False,0,3.0,balanced,81633,0.6679873553696877
False,char_wb,"(2, 4)",1,False,0,3.0,balanced,47115,0.6679147227998744
False,char_wb,"(2, 4)",1,False,100000,3.0,balanced,47115,0.6679147227998744
False,char_wb,"(2, 4)",1,False,100000,10.0,none,47115,0.6677209326795424
False,char_wb,"(2, 4)",1,False,0,10.0,none,47115,0.6677209326795424
False,char,"(2, 5)",1,False,0,3.0,balanced,92607,0.6675158465628674
False,char,"(2, 5)",1,False,100000,3.0,balanced,92607,0.6675158465628674
True,char_wb,"(2, 3)",1,False,100000,3.0,balanced,23232,0.6672678851301472
True,char_wb,"(2, 3)",1,False,0,3.0,balanced,23232,0.6672678851301472
True,char_wb,"(2, 3)",1,False,100000,0.3,balanced,23232,0.6672442915651432
True,char_wb,"(2, 3)",1,False,0,0.3,balanced,23232,0.6672442915651432
True,char_wb,"(2, 3)",1,False,0,1.0,none,23232,0.6672025847897395
True,char_wb,"(2, 3)",1,False,100000,1.0,none,23232,0.6672025847897395
False,char_wb,"(2, 4)",1,False,100000,10.0,balanced,47115,0.667177009340619
False,char_wb,"(2, 4)",1,False,0,10.0,balanced,47115,0.667177009340619
True,char_wb,"(2, 3)",2,False,0,1.0,balanced,9500,0.6665129865483543
True,char_wb,"(2, 3)",2,False,100000,1.0,balanced,9500,0.6665129865483543
True,char_wb,"(2, 3)",1,True,0,1.0,none,23232,0.6665031434030921
True,char_wb,"(2, 3)",1,True,100000,1.0,none,23232,0.6665031434030921
False,char,"(2, 3)",1,False,0,1.0,balanced,31346,0.6664642848778896
False,char,"(2, 3)",1,False,100000,1.0,balanced,31346,0.6664642848778896
False,char_wb,"(2, 5)",1,False,100000,10.0,none,64263,0.6663907936058363
False,char_wb,"(2, 5)",1,False,0,10.0,none,64263,0.6663907936058363
True,char_wb,"(2, 4)",1,True,100000,3.0,balanced,37967,0.6663715959093935
True,char_wb,"(2, 4)",1,True,0,3.0,balanced,37967,0.6663715959093935
True,char_wb,"(2, 5)",1,True,0,0.3,balanced,49285,0.6663082178411569
True,char_wb,"(2, 5)",1,True,100000,0.3,balanced,49285,0.6663082178411569
False,char_wb,"(2, 3)",1,False,100000,1.0,none,27740,0.6663002853641586
False,char_wb,"(2, 3)",1,True,100000,1.0,none,27740,0.6663002853641586
False,char_wb,"(2, 3)",1,False,0,1.0,none,27740,0.6663002853641586
False,char_wb,"(2, 3)",1,True,0,1.0,none,27740,0.6663002853641586
False,char,"(2, 3)",1,True,0,1.0,balanced,31346,0.6662700630687658
False,char,"(2, 3)",1,True,100000,1.0,balanced,31346,0.6662700630687658
False,char_wb,"(2, 5)",1,True,100000,10.0,balanced,64263,0.6662386799959474
False,char_wb,"(2, 5)",1,True,0,10.0,balanced,64263,0.6662386799959474
True,char_wb,"(2, 5)",1,True,100000,3.0,none,49285,0.665996531449794
True,char_wb,"(2, 5)",1,True,0,3.0,none,49285,0.665996531449794
True,char_wb,"(2, 5)",1,False,0,0.3,balanced,49285,0.6654847235433592
True,char_wb,"(2, 5)",1,False,100000,0.3,balanced,49285,0.6654847235433592
True,char_wb,"(2, 5)",1,False,0,1.0,none,49285,0.6654398207913499
True,char_wb,"(2, 5)",1,False,100000,1.0,none,49285,0.6654398207913499
True,char_wb,"(2, 5)",2,True,100000,0.3,none,16341,0.6654135547131733
True,char_wb,"(2, 5)",2,False,100000,0.3,none,16341,0.6654135547131733
True,char_wb,"(2, 5)",2,False,0,0.3,none,16341,0.6654135547131733
True,char_wb,"(2, 5)",2,True,0,0.3,none,16341,0.6654135547131733
True,char_wb,"(2, 4)",2,False,0,1.0,balanced,13607,0.6653294971812754
True,char_wb,"(2, 4)",2,False,100000,1.0,balanced,13607,0.6653294971812754
True,char,"(2, 5)",1,True,100000,3.0,balanced,81633,0.6653022428631465
True,char,"(2, 5)",1,True,0,3.0,balanced,81633,0.6653022428631465
True,char_wb,"(2, 4)",1,True,100000,3.0,none,37967,0.6650939027250563
True,char_wb,"(2, 4)",1,True,0,3.0,none,37967,0.6650939027250563
True,char,"(2, 4)",1,True,100000,1.0,balanced,52901,0.6648058367835035
True,char,"(2, 4)",1,False,100000,1.0,balanced,52901,0.6648058367835035
True,char,"(2, 4)",1,False,0,1.0,balanced,52901,0.6648058367835035
True,char,"(2, 4)",1,True,0,1.0,balanced,52901,0.6648058367835035
True,char,"(2, 5)",1,False,0,10.0,none,81633,0.6647776059426087
True,char,"(2, 5)",1,False,100000,10.0,none,81633,0.6647776059426087
False,char_wb,"(2, 5)",1,True,0,10.0,none,64263,0.6645985035536086
False,char_wb,"(2, 5)",1,True,100000,10.0,none,64263,0.6645985035536086
True,char,"(2, 3)",1,True,0,0.3,none,27540,0.6644523957606214
True,char,"(2, 3)",1,True,100000,0.3,none,27540,0.6644523957606214
True,char,"(2, 5)",1,True,0,10.0,none,81633,0.6644043915863433
True,char,"(2, 5)",1,True,100000,10.0,none,81633,0.6644043915863433
True,char_wb,"(2, 5)",1,True,100000,1.0,none,49285,0.6643372274335223
True,char_wb,"(2, 5)",1,True,0,1.0,none,49285,0.6643372274335223
False,char_wb,"(2, 5)",1,False,100000,3.0,none,64263,0.6643343642353295
False,char_wb,"(2, 5)",1,False,0,3.0,none,64263,0.6643343642353295
True,char_wb,"(2, 4)",2,True,100000,0.3,none,13607,0.6641037165372337
True,char_wb,"(2, 4)",2,False,100000,0.3,none,13607,0.6641037165372337
True,char_wb,"(2, 4)",2,False,0,0.3,none,13607,0.6641037165372337
True,char_wb,"(2, 4)",2,True,0,0.3,none,13607,0.6641037165372337
False,char_wb,"(2, 5)",1,True,0,3.0,none,64263,0.6640412995872117
False,char_wb,"(2, 5)",1,True,100000,3.0,none,64263,0.6640412995872117
True,char_wb,"(2, 4)",1,False,100000,3.0,balanced,37967,0.6640287130104465
True,char_wb,"(2, 4)",1,False,0,3.0,balanced,37967,0.6640287130104465
True,char_wb,"(2, 5)",1,True,100000,10.0,none,49285,0.6639962314853951
True,char_wb,"(2, 5)",1,True,0,10.0,none,49285,0.6639962314853951
False,char_wb,"(2, 5)",1,False,0,10.0,balanced,64263,0.6639961894865815
False,char_wb,"(2, 5)",1,False,100000,10.0,balanced,64263,0.6639961894865815
True,char,"(2, 4)",2,True,100000,1.0,balanced,17100,0.6639550627700499
True,char,"(2, 4)",2,True,0,1.0,balanced,17100,0.6639550627700499
True,char_wb,"(2, 5)",1,False,100000,3.0,none,49285,0.6638712510137647
True,char_wb,"(2, 5)",1,False,0,3.0,none,49285,0.6638712510137647
False,char,"(2, 5)",1,True,100000,10.0,balanced,92607,0.6638331549448531
False,char,"(2, 5)",1,True,0,10.0,balanced,92607,0.6638331549448531
True,char,"(2, 5)",1,True,100000,3.0,none,81633,0.6636719873880921
True,char,"(2, 5)",1,True,0,3.0,none,81633,0.6636719873880921
True,char_wb,"(2, 5)",1,False,100000,10.0,none,49285,0.6633835511701627
True,char_wb,"(2, 5)",1,False,0,10.0,none,49285,0.6633835511701627
False,char_wb,"(2, 4)",1,False,100000,1.0,none,47115,0.6627069562793642
False,char_wb,"(2, 4)",1,False,0,1.0,none,47115,0.6627069562793642
False,char,"(2, 5)",1,False,0,10.0,balanced,92607,0.6621328990925687
False,char,"(2, 5)",1,False,100000,10.0,balanced,92607,0.6621328990925687
False,char,"(2, 4)",2,False,100000,1.0,none,19258,0.662030007707373
False,char,"(2, 4)",2,True,100000,1.0,none,19258,0.662030007707373
False,char,"(2, 4)",2,False,0,1.0,none,19258,0.662030007707373
False,char,"(2, 4)",2,True,0,1.0,none,19258,0.662030007707373
True,char_wb,"(2, 4)",1,False,0,3.0,none,37967,0.6619656362907019
True,char_wb,"(2, 4)",1,False,100000,3.0,none,37967,0.6619656362907019
True,char,"(2, 3)",1,False,100000,0.3,none,27540,0.6618929754702312
True,char,"(2, 3)",1,False,0,0.3,none,27540,0.6618929754702312
False,char_wb,"(2, 3)",1,False,100000,0.3,none,27740,0.6618535417636772
False,char_wb,"(2, 3)",1,False,0,0.3,none,27740,0.6618535417636772
False,char_wb,"(2, 4)",1,True,100000,1.0,none,47115,0.661758710908998
False,char_wb,"(2, 4)",1,True,0,1.0,none,47115,0.661758710908998
False,char,"(2, 5)",2,False,100000,3.0,none,25904,0.6615946001871743
False,char,"(2, 5)",2,True,0,3.0,none,25904,0.6615946001871743
False,char,"(2, 5)",2,False,0,3.0,none,25904,0.6615946001871743
False,char,"(2, 5)",2,True,100000,3.0,none,25904,0.6615946001871743
False,char_wb,"(2, 4)",1,True,100000,1.0,balanced,47115,0.661416755612792
False,char_wb,"(2, 4)",1,True,0,1.0,balanced,47115,0.661416755612792
False,char,"(2, 4)",1,True,100000,1.0,none,59904,0.6605543429775423
False,char,"(2, 4)",1,True,0,1.0,none,59904,0.6605543429775423
False,char,"(2, 4)",1,False,100000,1.0,none,59904,0.660133451078833
False,char,"(2, 4)",1,False,0,1.0,none,59904,0.660133451078833
False,char_wb,"(2, 3)",2,True,0,0.3,none,11070,0.6598018604956308
False,char_wb,"(2, 3)",2,True,100000,0.3,none,11070,0.6598018604956308
False,char_wb,"(2, 4)",2,True,100000,1.0,none,16214,0.6597914796258175
False,char_wb,"(2, 4)",2,True,0,1.0,none,16214,0.6597914796258175
True,char,"(2, 5)",1,False,0,3.0,none,81633,0.6596406021067068
True,char,"(2, 5)",1,False,100000,3.0,none,81633,0.6596406021067068
False,char_wb,"(2, 3)",2,False,0,0.3,none,11070,0.6595581980218684
False,char_wb,"(2, 3)",2,False,100000,0.3,none,11070,0.6595581980218684
False,char,"(2, 5)",2,True,100000,1.0,none,25904,0.6595408043736053
False,char,"(2, 5)",2,True,0,1.0,none,25904,0.6595408043736053
False,char,"(2, 5)",2,False,100000,1.0,none,25904,0.6594934337636162
False,char,"(2, 5)",2,False,0,1.0,none,25904,0.6594934337636162
False,char,"(2, 5)",1,True,0,1.0,balanced,92607,0.6594846761164641
False,char,"(2, 5)",1,True,100000,1.0,balanced,92607,0.6594846761164641
False,char,"(2, 5)",1,False,0,1.0,balanced,92607,0.6594587099502742
False,char,"(2, 5)",1,False,100000,1.0,balanced,92607,0.6594587099502742
True,char_wb,"(2, 4)",2,True,100000,1.0,balanced,13607,0.659404579665688
True,char_wb,"(2, 4)",2,True,0,1.0,balanced,13607,0.659404579665688
True,char_wb,"(2, 4)",1,True,0,0.3,none,37967,0.6593859425150128
True,char_wb,"(2, 4)",1,True,100000,0.3,none,37967,0.6593859425150128
False,char_wb,"(2, 5)",2,False,0,1.0,none,20050,0.6589661603275316
False,char_wb,"(2, 5)",2,False,100000,1.0,none,20050,0.6589661603275316
False,char_wb,"(2, 3)",2,True,0,3.0,none,11070,0.6588487195953674
False,char_wb,"(2, 3)",2,True,100000,3.0,none,11070,0.6588487195953674
True,char_wb,"(2, 4)",2,True,0,3.0,none,13607,0.658628174572707
True,char_wb,"(2, 4)",2,True,100000,3.0,none,13607,0.658628174572707
False,char_wb,"(2, 4)",2,False,0,1.0,none,16214,0.6585881299466175
False,char_wb,"(2, 4)",2,False,100000,1.0,none,16214,0.6585881299466175
False,char,"(2, 5)",1,True,100000,10.0,none,92607,0.658358335902822
False,char,"(2, 5)",1,True,0,10.0,none,92607,0.658358335902822
False,char,"(2, 5)",1,False,100000,10.0,none,92607,0.658358335902822
False,char,"(2, 5)",1,False,0,10.0,none,92607,0.658358335902822
False,char,"(2, 3)",2,False,0,1.0,balanced,12091,0.6583141380879132
False,char,"(2, 3)",2,False,100000,1.0,balanced,12091,0.6583141380879132
False,char_wb,"(2, 3)",1,True,0,0.3,none,27740,0.6582546330453833
False,char_wb,"(2, 3)",1,True,100000,0.3,none,27740,0.6582546330453833
False,char,"(2, 4)",1,True,0,1.0,balanced,59904,0.6581346003637712
False,char,"(2, 4)",1,True,100000,1.0,balanced,59904,0.6581346003637712
False,char_wb,"(2, 3)",2,False,100000,10.0,none,11070,0.657979604298228
False,char_wb,"(2, 3)",2,False,0,10.0,none,11070,0.657979604298228
False,char,"(2, 3)",2,True,100000,1.0,none,12091,0.6578313860059999
False,char,"(2, 3)",2,True,0,1.0,none,12091,0.6578313860059999
False,char,"(2, 3)",2,False,0,1.0,none,12091,0.6577208950145347
False,char,"(2, 3)",2,False,100000,1.0,none,12091,0.6577208950145347
False,char_wb,"(2, 3)",1,True,0,1.0,balanced,27740,0.6576710668982851
False,char_wb,"(2, 3)",1,True,100000,1.0,balanced,27740,0.6576710668982851
True,char_wb,"(3, 5)",1,True,0,1.0,balanced,40766,0.657516411274069
True,char_wb,"(3, 5)",1,False,0,1.0,balanced,40766,0.657516411274069
True,char_wb,"(3, 5)",1,True,100000,1.0,balanced,40766,0.657516411274069
True,char_wb,"(3, 5)",1,False,100000,1.0,balanced,40766,0.657516411274069
True,char,"(2, 5)",1,False,0,1.0,balanced,81633,0.657513427968941
True,char,"(2, 5)",1,False,100000,1.0,balanced,81633,0.657513427968941
True,char,"(2, 4)",2,True,100000,3.0,balanced,17100,0.6573471478792019
True,char,"(2, 4)",2,True,0,3.0,balanced,17100,0.6573471478792019
False,char_wb,"(2, 3)",1,False,100000,1.0,balanced,27740,0.6571332999888992
False,char_wb,"(2, 3)",1,False,0,1.0,balanced,27740,0.6571332999888992
False,char,"(2, 5)",1,True,0,3.0,none,92607,0.6570759143496173
False,char,"(2, 5)",1,False,0,3.0,none,92607,0.6570759143496173
False,char,"(2, 5)",1,True,100000,3.0,none,92607,0.6570759143496173
False,char,"(2, 5)",1,False,100000,3.0,none,92607,0.6570759143496173
False,char,"(2, 4)",2,True,0,3.0,none,19258,0.6569922187856989
False,char,"(2, 4)",2,True,100000,3.0,none,19258,0.6569922187856989
True,char_wb,"(2, 5)",2,True,0,3.0,balanced,16341,0.6569241086868627
True,char_wb,"(2, 5)",2,True,100000,3.0,balanced,16341,0.6569241086868627
True,char_wb,"(2, 5)",2,False,100000,3.0,balanced,16341,0.6566856765732492
True,char_wb,"(2, 5)",2,False,0,3.0,balanced,16341,0.6566856765732492
False,char_wb,"(2, 4)",2,True,100000,3.0,none,16214,0.6565361334588726
False,char_wb,"(2, 4)",2,True,0,3.0,none,16214,0.6565361334588726
True,char_wb,"(2, 4)",2,True,100000,3.0,balanced,13607,0.6564414366779074
True,char_wb,"(2, 4)",2,True,0,3.0,balanced,13607,0.6564414366779074
True,char,"(2, 4)",2,False,100000,3.0,balanced,17100,0.6563675489198771
True,char,"(2, 4)",2,False,0,3.0,balanced,17100,0.6563675489198771
False,char_wb,"(2, 5)",1,True,0,1.0,balanced,64263,0.6563347205510123
False,char_wb,"(2, 5)",1,True,100000,1.0,balanced,64263,0.6563347205510123
True,char_wb,"(2, 3)",1,False,100000,0.3,none,23232,0.6563319936283989
True,char_wb,"(2, 3)",1,False,0,0.3,none,23232,0.6563319936283989
False,char_wb,"(2, 3)",1,True,100000,0.3,balanced,27740,0.6562261665629421
False,char_wb,"(2, 3)",1,True,0,0.3,balanced,27740,0.6562261665629421
False,char_wb,"(2, 4)",1,False,0,1.0,balanced,47115,0.6562241769983521
False,char_wb,"(2, 4)",1,False,100000,1.0,balanced,47115,0.6562241769983521
False,char_wb,"(2, 5)",1,False,100000,1.0,none,64263,0.6562152703995707
False,char_wb,"(2, 5)",1,False,0,1.0,none,64263,0.6562152703995707
False,char_wb,"(2, 4)",2,True,100000,0.3,none,16214,0.6561467225775266
False,char_wb,"(2, 4)",2,True,0,0.3,none,16214,0.6561467225775266
False,char,"(2, 4)",1,False,0,1.0,balanced,59904,0.6560058195581723
False,char,"(2, 4)",1,False,100000,1.0,balanced,59904,0.6560058195581723
False,char_wb,"(2, 3)",2,False,100000,3.0,balanced,11070,0.6560029275214696
False,char_wb,"(2, 3)",2,False,0,3.0,balanced,11070,0.6560029275214696
False,char_wb,"(2, 3)",2,False,0,10.0,balanced,11070,0.6557840012805608
False,char_wb,"(2, 3)",2,False,100000,10.0,balanced,11070,0.6557840012805608
False,char_wb,"(2, 4)",2,False,0,0.3,none,16214,0.6556914988622295
False,char_wb,"(2, 4)",2,False,100000,0.3,none,16214,0.6556914988622295
True,char_wb,"(2, 3)",1,True,0,0.3,none,23232,0.6555637196356346
True,char_wb,"(2, 3)",1,True,100000,0.3,none,23232,0.6555637196356346
False,char,"(2, 3)",2,True,0,1.0,balanced,12091,0.6555476766866636
False,char,"(2, 3)",2,True,100000,1.0,balanced,12091,0.6555476766866636
True,char_wb,"(2, 3)",2,False,100000,0.3,none,9500,0.6554155332279235
True,char_wb,"(2, 3)",2,False,0,0.3,none,9500,0.6554155332279235
True,char,"(2, 5)",1,True,0,1.0,balanced,81633,0.6553044308091367
True,char,"(2, 5)",1,True,100000,1.0,balanced,81633,0.6553044308091367
False,char_wb,"(2, 5)",1,False,0,1.0,balanced,64263,0.6552729820377433
False,char_wb,"(2, 5)",1,False,100000,1.0,balanced,64263,0.6552729820377433
True,char_wb,"(2, 4)",1,False,100000,0.3,none,37967,0.654999436920091
True,char_wb,"(2, 4)",1,False,0,0.3,none,37967,0.654999436920091
False,char_wb,"(2, 5)",2,False,0,0.3,none,20050,0.6549487818268334
False,char_wb,"(2, 5)",2,False,100000,0.3,none,20050,0.6549487818268334
False,char_wb,"(2, 5)",1,True,0,1.0,none,64263,0.6549294567955586
False,char_wb,"(2, 5)",1,True,100000,1.0,none,64263,0.6549294567955586
False,char,"(2, 4)",2,False,100000,3.0,none,19258,0.6549187238522381
False,char,"(2, 4)",2,False,0,3.0,none,19258,0.6549187238522381
False,char_wb,"(2, 4)",2,True,0,10.0,none,16214,0.6548975716405566
False,char_wb,"(2, 4)",2,True,100000,10.0,none,16214,0.6548975716405566
False,char_wb,"(2, 4)",2,False,100000,3.0,balanced,16214,0.654889138555592
False,char_wb,"(2, 4)",2,False,0,3.0,balanced,16214,0.654889138555592
False,char_wb,"(2, 3)",2,False,100000,1.0,balanced,11070,0.6548354984779096
False,char_wb,"(2, 3)",2,False,0,1.0,balanced,11070,0.6548354984779096
True,char_wb,"(2, 3)",2,True,100000,3.0,balanced,9500,0.6545412920289424
True,char_wb,"(2, 3)",2,True,0,3.0,balanced,9500,0.6545412920289424
True,char_wb,"(3, 5)",1,False,0,3.0,balanced,40766,0.6543630017219144
True,char_wb,"(3, 5)",1,False,100000,3.0,balanced,40766,0.6543630017219144
False,char_wb,"(2, 3)",2,True,0,1.0,none,11070,0.6543535458254595
False,char_wb,"(2, 3)",2,True,100000,1.0,none,11070,0.6543535458254595
False,char_wb,"(2, 5)",2,True,100000,0.3,none,20050,0.6541948298888498
False,char_wb,"(2, 5)",2,True,0,0.3,none,20050,0.6541948298888498
False,char_wb,"(2, 3)",2,True,100000,1.0,balanced,11070,0.6539354861134791
False,char_wb,"(2, 3)",2,True,0,1.0,balanced,11070,0.6539354861134791
False,char_wb,"(2, 5)",2,False,0,3.0,balanced,20050,0.6539237226370125
False,char_wb,"(2, 5)",2,False,100000,3.0,balanced,20050,0.6539237226370125
True,char_wb,"(2, 5)",2,False,100000,1.0,balanced,16341,0.6539025167550844
True,char_wb,"(2, 5)",2,False,0,1.0,balanced,16341,0.6539025167550844
True,char_wb,"(2, 3)",2,True,100000,0.3,none,9500,0.6537032900594105
True,char_wb,"(2, 3)",2,True,0,0.3,none,9500,0.6537032900594105
False,char_wb,"(2, 3)",2,False,0,3.0,none,11070,0.6536460721179435
False,char_wb,"(2, 3)",2,False,100000,3.0,none,11070,0.6536460721179435
True,char,"(2, 5)",1,False,100000,1.0,none,81633,0.6534849595370147
True,char,"(2, 5)",1,True,100000,1.0,none,81633,0.6534849595370147
True,char,"(2, 5)",1,False,0,1.0,none,81633,0.6534849595370147
True,char,"(2, 5)",1,True,0,1.0,none,81633,0.6534849595370147
True,char_wb,"(2, 4)",2,False,0,3.0,balanced,13607,0.6534762830504829
True,char_wb,"(2, 4)",2,False,100000,3.0,balanced,13607,0.6534762830504829
False,char_wb,"(2, 3)",2,True,0,3.0,balanced,11070,0.6534470731393854
False,char_wb,"(2, 3)",2,True,100000,3.0,balanced,11070,0.6534470731393854
True,char_wb,"(3, 5)",1,False,100000,1.0,none,40766,0.6534322275779142
True,char_wb,"(3, 5)",1,False,0,1.0,none,40766,0.6534322275779142
True,char_wb,"(2, 3)",2,False,100000,3.0,balanced,9500,0.6534142512992754
True,char_wb,"(2, 3)",2,False,0,3.0,balanced,9500,0.6534142512992754
False,char_wb,"(2, 5)",2,True,100000,1.0,none,20050,0.6533946453959125
False,char_wb,"(2, 5)",2,True,0,1.0,none,20050,0.6533946453959125
True,char_wb,"(2, 4)",2,False,0,10.0,none,13607,0.6532382653581921
True,char_wb,"(2, 4)",2,False,100000,10.0,none,13607,0.6532382653581921
True,char_wb,"(2, 5)",2,False,100000,10.0,none,16341,0.6531425337435757
True,char_wb,"(2, 5)",2,False,0,10.0,none,16341,0.6531425337435757
True,char_wb,"(2, 5)",1,True,100000,0.3,none,49285,0.6531383906927032
True,char_wb,"(2, 5)",1,True,0,0.3,none,49285,0.6531383906927032
True,char_wb,"(2, 4)",2,False,0,3.0,none,13607,0.6528905988122228
True,char_wb,"(2, 4)",2,False,100000,3.0,none,13607,0.6528905988122228
True,char,"(2, 4)",1,False,100000,0.3,balanced,52901,0.6528390006443139
True,char,"(2, 4)",1,False,0,0.3,balanced,52901,0.6528390006443139
True,char_wb,"(3, 5)",1,True,0,3.0,balanced,40766,0.6528275664219174
True,char_wb,"(3, 5)",1,True,100000,3.0,balanced,40766,0.6528275664219174
True,char_wb,"(2, 3)",2,True,0,1.0,none,9500,0.6527333481238731
True,char_wb,"(2, 3)",2,True,100000,1.0,none,9500,0.6527333481238731
False,char_wb,"(2, 4)",2,False,100000,3.0,none,16214,0.6525285856053088
False,char_wb,"(2, 4)",2,False,0,3.0,none,16214,0.6525285856053088
True,char,"(2, 4)",1,True,0,0.3,balanced,52901,0.6524815238179604
True,char,"(2, 4)",1,True,100000,0.3,balanced,52901,0.6524815238179604
True,char_wb,"(2, 5)",2,True,0,10.0,none,16341,0.6522866388215929
True,char_wb,"(2, 5)",2,True,100000,10.0,none,16341,0.6522866388215929
False,char_wb,"(2, 3)",2,True,100000,10.0,balanced,11070,0.6522327795419027
False,char_wb,"(2, 3)",2,True,0,10.0,balanced,11070,0.6522327795419027
False,char_wb,"(2, 3)",1,False,0,0.3,balanced,27740,0.6522163108341449
False,char_wb,"(2, 3)",1,False,100000,0.3,balanced,27740,0.6522163108341449
True,char_wb,"(3, 5)",1,True,100000,1.0,none,40766,0.6520376937742551
True,char_wb,"(3, 5)",1,True,0,1.0,none,40766,0.6520376937742551
True,char,"(2, 4)",2,False,0,1.0,balanced,17100,0.6520120503922069
True,char,"(2, 4)",2,False,100000,1.0,balanced,17100,0.6520120503922069
False,char_wb,"(2, 4)",1,False,100000,0.3,balanced,47115,0.6518950312364897
False,char_wb,"(2, 4)",1,False,0,0.3,balanced,47115,0.6518950312364897
True,char_wb,"(2, 4)",2,True,0,10.0,none,13607,0.6518943861560104
True,char_wb,"(2, 4)",2,True,100000,10.0,none,13607,0.6518943861560104
True,char_wb,"(3, 5)",1,False,0,10.0,balanced,40766,0.6518244394490772
True,char_wb,"(3, 5)",1,False,100000,10.0,balanced,40766,0.6518244394490772
True,char_wb,"(2, 5)",2,False,0,10.0,balanced,16341,0.65181229788496
True,char_wb,"(2, 5)",2,False,100000,10.0,balanced,16341,0.65181229788496
False,char_wb,"(2, 4)",2,True,0,3.0,balanced,16214,0.6517943045266116
False,char_wb,"(2, 4)",2,True,100000,3.0,balanced,16214,0.6517943045266116
True,char_wb,"(3, 5)",1,True,0,10.0,balanced,40766,0.6517548036755472
True,char_wb,"(3, 5)",1,True,100000,10.0,balanced,40766,0.6517548036755472
False,char_wb,"(2, 5)",2,True,100000,3.0,balanced,20050,0.6517264913058933
False,char_wb,"(2, 5)",2,True,0,3.0,balanced,20050,0.6517264913058933
False,char,"(2, 5)",2,True,0,3.0,balanced,25904,0.6516425743638604
False,char,"(2, 5)",2,True,100000,3.0,balanced,25904,0.6516425743638604
False,char,"(2, 5)",2,False,100000,3.0,balanced,25904,0.6516425743638604
False,char,"(2, 5)",2,False,0,3.0,balanced,25904,0.6516425743638604
False,char_wb,"(2, 5)",2,True,100000,3.0,none,20050,0.6516082694979856
False,char_wb,"(2, 5)",2,True,0,3.0,none,20050,0.6516082694979856
True,char_wb,"(2, 5)",2,True,0,10.0,balanced,16341,0.6513624874370028
True,char_wb,"(2, 5)",2,True,100000,10.0,balanced,16341,0.6513624874370028
True,char,"(2, 5)",1,True,100000,0.3,balanced,81633,0.651342953998801
True,char,"(2, 5)",1,True,0,0.3,balanced,81633,0.651342953998801
True,char_wb,"(2, 5)",1,False,100000,0.3,none,49285,0.6513250577997264
True,char_wb,"(2, 5)",1,False,0,0.3,none,49285,0.6513250577997264
False,char_wb,"(2, 3)",2,True,100000,10.0,none,11070,0.6509306931979787
False,char_wb,"(2, 3)",2,True,0,10.0,none,11070,0.6509306931979787
False,char_wb,"(2, 4)",1,True,0,0.3,balanced,47115,0.6506485326370499
False,char_wb,"(2, 4)",1,True,100000,0.3,balanced,47115,0.6506485326370499
True,char_wb,"(2, 3)",2,False,100000,0.3,balanced,9500,0.650632170405363
True,char_wb,"(2, 3)",2,False,0,0.3,balanced,9500,0.650632170405363
False,char_wb,"(2, 4)",2,False,0,10.0,none,16214,0.6505966397021075
False,char_wb,"(2, 4)",2,False,100000,10.0,none,16214,0.6505966397021075
False,char,"(2, 4)",2,False,0,1.0,balanced,19258,0.6503528006681042
False,char,"(2, 4)",2,False,100000,1.0,balanced,19258,0.6503528006681042
False,char_wb,"(2, 5)",2,True,100000,10.0,none,20050,0.6502816176279771
False,char_wb,"(2, 5)",2,True,0,10.0,none,20050,0.6502816176279771
False,char_wb,"(2, 3)",2,False,0,1.0,none,11070,0.6501034935587026
False,char_wb,"(2, 3)",2,False,100000,1.0,none,11070,0.6501034935587026
True,char_wb,"(2, 4)",2,True,0,10.0,balanced,13607,0.6499847083829271
True,char_wb,"(2, 4)",2,True,100000,10.0,balanced,13607,0.6499847083829271
False,char_wb,"(2, 5)",2,False,100000,3.0,none,20050,0.6499441827514723
False,char_wb,"(2, 5)",2,False,0,3.0,none,20050,0.6499441827514723
True,char,"(2, 3)",3,True,100000,0.3,balanced,6365,0.6499409874399442
True,char,"(2, 3)",3,True,0,0.3,balanced,6365,0.6499409874399442
True,char,"(2, 5)",2,True,100000,1.0,balanced,22922,0.6495846529816982
True,char,"(2, 5)",2,True,0,1.0,balanced,22922,0.6495846529816982
True,char,"(2, 3)",2,False,0,0.3,balanced,10702,0.6495144907654956
True,char,"(2, 3)",2,False,100000,0.3,balanced,10702,0.6495144907654956
True,char,"(2, 5)",2,False,100000,1.0,balanced,22922,0.6494773642826035
True,char,"(2, 5)",2,False,0,1.0,balanced,22922,0.6494773642826035
True,char_wb,"(2, 3)",2,True,0,0.3,balanced,9500,0.6494137077342785
True,char_wb,"(2, 3)",2,True,100000,0.3,balanced,9500,0.6494137077342785
True,char,"(2, 3)",2,True,0,0.3,balanced,10702,0.6493255413505774
True,char,"(2, 3)",2,True,100000,0.3,balanced,10702,0.6493255413505774
False,char,"(2, 4)",2,True,0,1.0,balanced,19258,0.6493083063092873
False,char,"(2, 4)",2,True,100000,1.0,balanced,19258,0.6493083063092873
False,char,"(2, 4)",2,False,100000,3.0,balanced,19258,0.6492545755936139
False,char,"(2, 4)",2,False,0,3.0,balanced,19258,0.6492545755936139
True,char_wb,"(3, 5)",1,False,100000,10.0,none,40766,0.6492263038429174
True,char_wb,"(3, 5)",1,False,0,10.0,none,40766,0.6492263038429174
True,char_wb,"(3, 5)",1,True,0,10.0,none,40766,0.6492263038429174
True,char_wb,"(3, 5)",1,True,100000,10.0,none,40766,0.6492263038429174
True,char_wb,"(2, 3)",2,True,0,3.0,none,9500,0.6491912476638628
True,char_wb,"(2, 3)",2,True,100000,3.0,none,9500,0.6491912476638628
False,char,"(2, 5)",1,False,100000,1.0,none,92607,0.6490506595521637
False,char,"(2, 5)",1,False,0,1.0,none,92607,0.6490506595521637
True,char_wb,"(2, 3)",2,False,0,1.0,none,9500,0.6490234700090671
True,char_wb,"(2, 3)",2,False,100000,1.0,none,9500,0.6490234700090671
False,char_wb,"(2, 5)",2,False,100000,10.0,none,20050,0.6489065516612598
False,char_wb,"(2, 5)",2,False,0,10.0,none,20050,0.6489065516612598
True,char_wb,"(3, 5)",2,True,100000,1.0,none,12103,0.64887499190832
True,char_wb,"(3, 5)",2,True,0,1.0,none,12103,0.64887499190832
True,char_wb,"(2, 4)",2,True,0,1.0,none,13607,0.6484376514211438
True,char_wb,"(2, 4)",2,True,100000,1.0,none,13607,0.6484376514211438
True,char_wb,"(2, 5)",2,True,100000,1.0,balanced,16341,0.6484303322947295
True,char_wb,"(2, 5)",2,True,0,1.0,balanced,16341,0.6484303322947295
False,char,"(2, 3)",1,False,0,0.3,none,31346,0.6484171265281413
False,char,"(2, 3)",1,True,100000,0.3,none,31346,0.6484171265281413
False,char,"(2, 3)",1,False,100000,0.3,none,31346,0.6484171265281413
False,char,"(2, 3)",1,True,0,0.3,none,31346,0.6484171265281413
True,char,"(2, 3)",3,False,100000,0.3,balanced,6365,0.6479617960395415
True,char,"(2, 3)",3,False,0,0.3,balanced,6365,0.6479617960395415
False,char,"(2, 4)",2,True,100000,3.0,balanced,19258,0.6476763850468434
False,char,"(2, 4)",2,True,0,3.0,balanced,19258,0.6476763850468434
True,char,"(2, 5)",1,False,100000,0.3,balanced,81633,0.6475647636854769
True,char,"(2, 5)",1,False,0,0.3,balanced,81633,0.6475647636854769
True,char_wb,"(2, 4)",2,False,0,0.3,balanced,13607,0.6475353175804439
True,char_wb,"(2, 4)",2,False,100000,0.3,balanced,13607,0.6475353175804439
True,char_wb,"(2, 4)",2,False,100000,1.0,none,13607,0.6473265403100327
True,char_wb,"(2, 4)",2,False,0,1.0,none,13607,0.6473265403100327
True,char_wb,"(2, 5)",2,True,100000,1.0,none,16341,0.6472417637945803
True,char_wb,"(2, 5)",2,True,0,1.0,none,16341,0.6472417637945803
True,char_wb,"(3, 5)",1,False,100000,3.0,none,40766,0.6471957396802183
True,char_wb,"(3, 5)",1,False,0,3.0,none,40766,0.6471957396802183
False,char_wb,"(2, 5)",1,True,100000,0.3,balanced,64263,0.6471413579507284
False,char_wb,"(2, 5)",1,True,0,0.3,balanced,64263,0.6471413579507284
False,char_wb,"(2, 5)",1,False,0,0.3,balanced,64263,0.6471413579507284
False,char_wb,"(2, 5)",1,False,100000,0.3,balanced,64263,0.6471413579507284
True,char_wb,"(3, 5)",1,True,100000,3.0,none,40766,0.6469655618586899
True,char_wb,"(3, 5)",1,True,0,3.0,none,40766,0.6469655618586899
True,char_wb,"(2, 3)",2,False,0,3.0,none,9500,0.646767187898031
True,char_wb,"(2, 3)",2,False,100000,3.0,none,9500,0.646767187898031
True,char_wb,"(2, 3)",2,True,0,10.0,none,9500,0.6466157213099899
True,char_wb,"(2, 3)",2,True,100000,10.0,none,9500,0.6466157213099899
False,char_wb,"(2, 4)",1,True,100000,0.3,none,47115,0.646388416988861
False,char_wb,"(2, 4)",1,True,0,0.3,none,47115,0.646388416988861
False,char,"(2, 5)",2,True,0,10.0,none,25904,0.6463345026280706
False,char,"(2, 5)",2,True,100000,10.0,none,25904,0.6463345026280706
True,char_wb,"(3, 5)",2,False,100000,0.3,none,12103,0.6463230718179185
True,char_wb,"(3, 5)",2,False,0,0.3,none,12103,0.6463230718179185
True,char_wb,"(3, 5)",2,True,0,0.3,none,12103,0.6462705353757777
True,char_wb,"(3, 5)",2,True,100000,0.3,none,12103,0.6462705353757777
False,char_wb,"(2, 4)",2,True,100000,1.0,balanced,16214,0.6459866968687905
False,char_wb,"(2, 4)",2,True,0,1.0,balanced,16214,0.6459866968687905
False,char_wb,"(2, 5)",2,True,0,1.0,balanced,20050,0.6459807072314654
False,char_wb,"(2, 5)",2,True,100000,1.0,balanced,20050,0.6459807072314654
False,char,"(2, 3)",2,False,0,3.0,balanced,12091,0.6459281527305545
False,char,"(2, 3)",2,False,100000,3.0,balanced,12091,0.6459281527305545
False,char,"(2, 3)",2,True,0,3.0,balanced,12091,0.6458829562851593
False,char,"(2, 3)",2,True,100000,3.0,balanced,12091,0.6458829562851593
False,char_wb,"(3, 5)",1,True,0,1.0,none,54453,0.6458539356768513
False,char_wb,"(3, 5)",1,True,100000,1.0,none,54453,0.6458539356768513
True,char_wb,"(2, 5)",2,False,0,1.0,none,16341,0.6457854051592131
True,char_wb,"(2, 5)",2,False,100000,1.0,none,16341,0.6457854051592131
False,char_wb,"(2, 4)",2,False,100000,1.0,balanced,16214,0.6456181465002401
False,char_wb,"(2, 4)",2,False,0,1.0,balanced,16214,0.6456181465002401
False,char_wb,"(3, 5)",1,True,100000,3.0,none,54453,0.6456006666652292
False,char_wb,"(3, 5)",1,True,0,3.0,none,54453,0.6456006666652292
False,char,"(2, 5)",2,True,100000,1.0,balanced,25904,0.6455691758893161
False,char,"(2, 5)",2,True,0,1.0,balanced,25904,0.6455691758893161
False,char_wb,"(2, 5)",2,False,100000,1.0,balanced,20050,0.64548468176354
False,char_wb,"(2, 5)",2,False,0,1.0,balanced,20050,0.64548468176354
False,char_wb,"(2, 4)",1,False,100000,0.3,none,47115,0.6453315095369414
False,char_wb,"(2, 4)",1,False,0,0.3,none,47115,0.6453315095369414
False,char_wb,"(3, 5)",1,False,100000,1.0,none,54453,0.6453169134112312
False,char_wb,"(3, 5)",1,False,0,1.0,none,54453,0.6453169134112312
True,char_wb,"(2, 4)",2,False,100000,10.0,balanced,13607,0.6453034193907421
True,char_wb,"(2, 4)",2,False,0,10.0,balanced,13607,0.6453034193907421
False,char,"(2, 4)",3,True,0,1.0,none,10556,0.6452866737495848
False,char,"(2, 4)",3,True,100000,1.0,none,10556,0.6452866737495848
True,char_wb,"(2, 5)",2,True,100000,3.0,none,16341,0.6452317274748147
True,char_wb,"(2, 5)",2,True,0,3.0,none,16341,0.6452317274748147
True,char_wb,"(3, 5)",2,False,100000,1.0,none,12103,0.6452187397489706
True,char_wb,"(3, 5)",2,False,0,1.0,none,12103,0.6452187397489706
False,char_wb,"(3, 5)",1,True,100000,10.0,none,54453,0.645077065049388
False,char_wb,"(3, 5)",1,True,0,10.0,none,54453,0.645077065049388
False,char,"(2, 3)",2,True,0,10.0,none,12091,0.6450426108706443
False,char,"(2, 3)",2,True,100000,10.0,none,12091,0.6450426108706443
False,char_wb,"(3, 5)",1,False,0,3.0,none,54453,0.6449913679565473
False,char_wb,"(3, 5)",1,False,100000,3.0,none,54453,0.6449913679565473
False,char,"(2, 5)",1,True,100000,1.0,none,92607,0.6449317183840423
False,char,"(2, 5)",1,True,0,1.0,none,92607,0.6449317183840423
True,char,"(2, 3)",1,False,100000,0.1,balanced,27540,0.6448247108703958
True,char,"(2, 3)",1,False,0,0.1,balanced,27540,0.6448247108703958
True,char,"(2, 5)",2,True,0,1.0,none,22922,0.644793707290131
True,char,"(2, 5)",2,True,100000,1.0,none,22922,0.644793707290131
False,char_wb,"(3, 5)",1,False,100000,10.0,none,54453,0.6447709426004085
False,char_wb,"(3, 5)",1,False,0,10.0,none,54453,0.6447709426004085
True,char,"(2, 3)",2,False,100000,0.3,none,10702,0.6447071767817879
True,char,"(2, 3)",2,False,0,0.3,none,10702,0.6447071767817879
False,char_wb,"(2, 4)",2,True,0,10.0,balanced,16214,0.644660295374625
False,char_wb,"(2, 4)",2,True,100000,10.0,balanced,16214,0.644660295374625
True,char,"(2, 3)",2,True,100000,1.0,none,10702,0.6445725113470765
True,char,"(2, 3)",2,True,0,1.0,none,10702,0.6445725113470765
True,char,"(2, 5)",2,False,0,1.0,none,22922,0.64441392435502
True,char,"(2, 5)",2,False,100000,1.0,none,22922,0.64441392435502
False,char_wb,"(3, 5)",1,False,0,3.0,balanced,54453,0.6441620345793819
False,char_wb,"(3, 5)",1,False,100000,3.0,balanced,54453,0.6441620345793819
False,char_wb,"(3, 5)",1,True,0,3.0,balanced,54453,0.6441620345793819
False,char_wb,"(3, 5)",1,True,100000,3.0,balanced,54453,0.6441620345793819
False,char,"(2, 5)",2,False,100000,1.0,balanced,25904,0.6441316145947755
False,char,"(2, 5)",2,False,0,1.0,balanced,25904,0.6441316145947755
True,char_wb,"(2, 3)",2,False,0,10.0,none,9500,0.6440730473067416
True,char_wb,"(2, 3)",2,False,100000,10.0,none,9500,0.6440730473067416
False,char,"(2, 5)",2,False,0,10.0,none,25904,0.6440381610385817
False,char,"(2, 5)",2,False,100000,10.0,none,25904,0.6440381610385817
False,char,"(2, 3)",2,True,0,3.0,none,12091,0.6439971010190317
False,char,"(2, 3)",2,True,100000,3.0,none,12091,0.6439971010190317
False,char,"(2, 4)",2,False,100000,10.0,none,19258,0.643929002738554
False,char,"(2, 4)",2,False,0,10.0,none,19258,0.643929002738554
True,char,"(2, 3)",2,True,0,0.3,none,10702,0.6438850489745422
True,char,"(2, 3)",2,True,100000,0.3,none,10702,0.6438850489745422
False,char,"(2, 3)",2,True,0,10.0,balanced,12091,0.643624807916632
False,char,"(2, 3)",2,True,100000,10.0,balanced,12091,0.643624807916632
False,char,"(2, 3)",2,False,0,3.0,none,12091,0.6434389264178862
False,char,"(2, 3)",2,False,100000,3.0,none,12091,0.6434389264178862
False,char_wb,"(3, 5)",1,False,100000,10.0,balanced,54453,0.6433892619932056
False,char_wb,"(3, 5)",1,False,0,10.0,balanced,54453,0.6433892619932056
False,char_wb,"(3, 5)",1,True,0,10.0,balanced,54453,0.6433892619932056
False,char_wb,"(3, 5)",1,True,100000,10.0,balanced,54453,0.6433892619932056
True,char_wb,"(2, 4)",2,True,100000,0.3,balanced,13607,0.6432102486373179
True,char_wb,"(2, 4)",2,True,0,0.3,balanced,13607,0.6432102486373179
False,char,"(2, 3)",2,False,100000,10.0,none,12091,0.6430406004469821
False,char,"(2, 3)",2,False,0,10.0,none,12091,0.6430406004469821
False,char,"(2, 3)",2,True,100000,0.3,none,12091,0.6429891487429307
False,char,"(2, 3)",2,True,0,0.3,none,12091,0.6429891487429307
True,char,"(2, 3)",2,True,100000,3.0,balanced,10702,0.6428277835133108
True,char,"(2, 3)",2,True,0,3.0,balanced,10702,0.6428277835133108
False,char_wb,"(2, 4)",2,False,0,10.0,balanced,16214,0.6427429938019362
False,char_wb,"(2, 4)",2,False,100000,10.0,balanced,16214,0.6427429938019362
False,char,"(2, 4)",2,True,0,10.0,none,19258,0.6426483559737022
False,char,"(2, 4)",2,True,100000,10.0,none,19258,0.6426483559737022
False,char_wb,"(2, 5)",2,False,0,10.0,balanced,20050,0.6424845391387632
False,char_wb,"(2, 5)",2,False,100000,10.0,balanced,20050,0.6424845391387632
False,char_wb,"(2, 3)",3,False,100000,0.3,none,6706,0.6424118752900895
False,char_wb,"(2, 3)",3,False,0,0.3,none,6706,0.6424118752900895
True,char_wb,"(2, 4)",3,True,0,1.0,balanced,7835,0.6424083954769757
True,char_wb,"(2, 4)",3,True,100000,1.0,balanced,7835,0.6424083954769757
False,char,"(2, 3)",2,False,100000,0.3,none,12091,0.6422770676711388
False,char,"(2, 3)",2,False,0,0.3,none,12091,0.6422770676711388
False,char_wb,"(2, 5)",2,True,100000,10.0,balanced,20050,0.6422071427492387
False,char_wb,"(2, 5)",2,True,0,10.0,balanced,20050,0.6422071427492387
False,char,"(2, 3)",2,False,100000,10.0,balanced,12091,0.6421438042113621
False,char,"(2, 3)",2,False,0,10.0,balanced,12091,0.6421438042113621
True,char,"(2, 3)",1,True,100000,0.1,balanced,27540,0.642085978071104
True,char,"(2, 3)",1,True,0,0.1,balanced,27540,0.642085978071104
True,char_wb,"(2, 5)",2,True,100000,0.3,balanced,16341,0.6419279853067115
True,char_wb,"(2, 5)",2,True,0,0.3,balanced,16341,0.6419279853067115
True,char_wb,"(2, 5)",2,False,100000,0.3,balanced,16341,0.6419219196407693
True,char_wb,"(2, 5)",2,False,0,0.3,balanced,16341,0.6419219196407693
False,char,"(2, 4)",2,True,100000,0.3,none,19258,0.6418999044025078
False,char,"(2, 4)",2,False,0,0.3,none,19258,0.6418999044025078
False,char,"(2, 4)",2,True,0,0.3,none,19258,0.6418999044025078
False,char,"(2, 4)",2,False,100000,0.3,none,19258,0.6418999044025078
False,char_wb,"(2, 3)",3,True,100000,0.3,none,6706,0.6417453105114717
False,char_wb,"(2, 3)",3,True,0,0.3,none,6706,0.6417453105114717
True,char,"(3, 5)",1,True,100000,10.0,balanced,73153,0.6416510743023114
True,char,"(3, 5)",1,True,0,10.0,balanced,73153,0.6416510743023114
True,char_wb,"(2, 3)",3,False,100000,1.0,balanced,5797,0.6415635953647596
True,char_wb,"(2, 3)",3,False,0,1.0,balanced,5797,0.6415635953647596
True,char_wb,"(2, 3)",3,True,0,1.0,balanced,5797,0.6413795374656818
True,char_wb,"(2, 3)",3,True,100000,1.0,balanced,5797,0.6413795374656818
False,char,"(2, 4)",3,False,100000,1.0,none,10556,0.641359548243512
False,char,"(2, 4)",3,False,0,1.0,none,10556,0.641359548243512
True,char,"(2, 5)",2,True,100000,0.3,none,22922,0.6411793031008782
True,char,"(2, 5)",2,True,0,0.3,none,22922,0.6411793031008782
False,char,"(2, 3)",1,False,0,0.3,balanced,31346,0.6410715087550136
False,char,"(2, 3)",1,False,100000,0.3,balanced,31346,0.6410715087550136
True,char,"(3, 5)",1,True,100000,3.0,none,73153,0.6409940205381897
True,char,"(3, 5)",1,True,0,3.0,none,73153,0.6409940205381897
True,char,"(3, 5)",1,False,100000,10.0,balanced,73153,0.6409634930865805
True,char,"(3, 5)",1,False,0,10.0,balanced,73153,0.6409634930865805
True,char,"(2, 5)",2,False,100000,0.3,none,22922,0.640963268141436
True,char,"(2, 5)",2,False,0,0.3,none,22922,0.640963268141436
False,char_wb,"(2, 3)",2,False,100000,0.3,balanced,11070,0.640624913658988
False,char_wb,"(2, 3)",2,False,0,0.3,balanced,11070,0.640624913658988
False,char_wb,"(2, 3)",2,True,100000,0.3,balanced,11070,0.640536447800389
False,char_wb,"(2, 3)",2,True,0,0.3,balanced,11070,0.640536447800389
True,char_wb,"(2, 5)",2,False,100000,3.0,none,16341,0.6404005206699235
True,char_wb,"(2, 5)",2,False,0,3.0,none,16341,0.6404005206699235
True,char,"(3, 5)",1,True,0,10.0,none,73153,0.6402727641035568
True,char,"(3, 5)",1,True,100000,10.0,none,73153,0.6402727641035568
False,char,"(2, 5)",3,False,100000,1.0,none,13470,0.6400035383223812
False,char,"(2, 5)",3,False,0,1.0,none,13470,0.6400035383223812
True,char_wb,"(2, 3)",2,False,0,10.0,balanced,9500,0.6398337226536082
True,char_wb,"(2, 3)",2,False,100000,10.0,balanced,9500,0.6398337226536082
True,char,"(2, 4)",2,True,0,0.3,balanced,17100,0.6397439579463067
True,char,"(2, 4)",2,True,100000,0.3,balanced,17100,0.6397439579463067
True,char,"(2, 4)",3,True,0,0.3,balanced,9431,0.6397109625710006
True,char,"(2, 4)",3,True,100000,0.3,balanced,9431,0.6397109625710006
True,char_wb,"(2, 3)",3,False,100000,0.3,balanced,5797,0.6396703263748781
True,char_wb,"(2, 3)",3,False,0,0.3,balanced,5797,0.6396703263748781
False,char_wb,"(2, 5)",1,False,100000,0.3,none,64263,0.6396436921887252
False,char_wb,"(2, 5)",1,False,0,0.3,none,64263,0.6396436921887252
False,char_wb,"(2, 5)",1,True,100000,0.3,none,64263,0.6396436921887252
False,char_wb,"(2, 5)",1,True,0,0.3,none,64263,0.6396436921887252
True,char,"(2, 4)",2,False,0,0.3,balanced,17100,0.6393004396913596
True,char,"(2, 4)",2,False,100000,0.3,balanced,17100,0.6393004396913596
True,char,"(2, 5)",2,False,0,0.3,balanced,22922,0.6390748566021022
True,char,"(2, 5)",2,False,100000,0.3,balanced,22922,0.6390748566021022
True,char,"(2, 5)",2,True,0,0.3,balanced,22922,0.6390748566021022
True,char,"(2, 5)",2,True,100000,0.3,balanced,22922,0.6390748566021022
True,char_wb,"(2, 3)",2,True,100000,10.0,balanced,9500,0.6390230892950468
True,char_wb,"(2, 3)",2,True,0,10.0,balanced,9500,0.6390230892950468
False,char,"(2, 3)",1,True,0,0.3,balanced,31346,0.6388062874761441
False,char,"(2, 3)",1,True,100000,0.3,balanced,31346,0.6388062874761441
False,char,"(2, 5)",3,True,100000,1.0,none,13470,0.6387774654291795
False,char,"(2, 5)",3,True,0,1.0,none,13470,0.6387774654291795
True,char,"(2, 4)",2,True,0,0.3,none,17100,0.6386491820349626
True,char,"(2, 4)",2,True,100000,0.3,none,17100,0.6386491820349626
True,char,"(2, 4)",2,False,100000,0.3,none,17100,0.6386247182607808
True,char,"(2, 4)",2,False,0,0.3,none,17100,0.6386247182607808
False,char,"(2, 4)",3,True,0,1.0,balanced,10556,0.6385227346158658
False,char,"(2, 4)",3,True,100000,1.0,balanced,10556,0.6385227346158658
True,char_wb,"(3, 5)",1,True,100000,0.3,balanced,40766,0.6384820907868407
True,char_wb,"(3, 5)",1,True,0,0.3,balanced,40766,0.6384820907868407
True,char_wb,"(2, 5)",3,True,100000,1.0,balanced,9104,0.6381497976884069
True,char_wb,"(2, 5)",3,True,0,1.0,balanced,9104,0.6381497976884069
True,char,"(3, 5)",1,False,100000,3.0,none,73153,0.6380492471467389
True,char,"(3, 5)",1,False,0,3.0,none,73153,0.6380492471467389
True,char_wb,"(3, 5)",1,False,100000,0.3,balanced,40766,0.638039033992312
True,char_wb,"(3, 5)",1,False,0,0.3,balanced,40766,0.638039033992312
False,char_wb,"(2, 4)",3,True,100000,0.3,none,9223,0.638038694938659
False,char_wb,"(2, 4)",3,True,0,0.3,none,9223,0.638038694938659
False,char,"(2, 3)",2,True,0,0.3,balanced,12091,0.6378221981502948
False,char,"(2, 3)",2,True,100000,0.3,balanced,12091,0.6378221981502948
True,char_wb,"(2, 5)",3,False,100000,1.0,balanced,9104,0.6376799208069106
True,char_wb,"(2, 5)",3,False,0,1.0,balanced,9104,0.6376799208069106
False,char,"(2, 5)",2,False,100000,0.3,none,25904,0.6375601929488547
False,char,"(2, 5)",2,False,0,0.3,none,25904,0.6375601929488547
False,char,"(2, 4)",2,False,0,10.0,balanced,19258,0.6374455048958835
False,char,"(2, 4)",2,False,100000,10.0,balanced,19258,0.6374455048958835
True,char,"(3, 5)",1,False,0,10.0,none,73153,0.6373660715488297
True,char,"(3, 5)",1,False,100000,10.0,none,73153,0.6373660715488297
False,char,"(2, 4)",2,True,0,10.0,balanced,19258,0.6373441785000378
False,char,"(2, 4)",2,True,100000,10.0,balanced,19258,0.6373441785000378
True,char,"(2, 3)",2,False,0,1.0,none,10702,0.6372746708031156
True,char,"(2, 3)",2,False,100000,1.0,none,10702,0.6372746708031156
False,char,"(2, 5)",2,True,100000,0.3,none,25904,0.6372585841944898
False,char,"(2, 5)",2,True,0,0.3,none,25904,0.6372585841944898
True,char,"(3, 5)",1,True,100000,0.3,balanced,73153,0.637238335515889
True,char,"(3, 5)",1,False,100000,0.3,balanced,73153,0.637238335515889
True,char,"(3, 5)",1,True,0,0.3,balanced,73153,0.637238335515889
True,char,"(3, 5)",1,False,0,0.3,balanced,73153,0.637238335515889
True,char_wb,"(2, 3)",3,True,100000,0.3,balanced,5797,0.6367248198723552
True,char_wb,"(2, 3)",3,True,0,0.3,balanced,5797,0.6367248198723552
True,char,"(2, 4)",1,False,100000,0.1,balanced,52901,0.6366735239811987
True,char,"(2, 4)",1,False,0,0.1,balanced,52901,0.6366735239811987
False,char,"(2, 3)",2,False,100000,0.3,balanced,12091,0.6365517331944455
False,char,"(2, 3)",2,False,0,0.3,balanced,12091,0.6365517331944455
False,char_wb,"(2, 4)",3,False,0,0.3,none,9223,0.6365091123214036
False,char_wb,"(2, 4)",3,False,100000,0.3,none,9223,0.6365091123214036
False,char,"(2, 3)",3,True,0,0.3,none,7158,0.6363946933241391
False,char,"(2, 3)",3,True,100000,0.3,none,7158,0.6363946933241391
False,char,"(2, 3)",3,False,100000,0.3,none,7158,0.6362509445917748
False,char,"(2, 3)",3,False,0,0.3,none,7158,0.6362509445917748
True,char_wb,"(2, 5)",3,True,0,0.3,none,9104,0.6359791476551913
True,char_wb,"(2, 5)",3,True,100000,0.3,none,9104,0.6359791476551913
True,char_wb,"(2, 3)",3,True,0,1.0,none,5797,0.6355385936204965
True,char_wb,"(2, 3)",3,True,100000,1.0,none,5797,0.6355385936204965
False,char,"(2, 4)",3,False,100000,1.0,balanced,10556,0.6354583119953792
False,char,"(2, 4)",3,False,0,1.0,balanced,10556,0.6354583119953792
True,char_wb,"(3, 5)",1,False,0,0.3,none,40766,0.635313803225566
True,char_wb,"(3, 5)",1,False,100000,0.3,none,40766,0.635313803225566
True,char,"(3, 5)",1,True,0,1.0,none,73153,0.6352977743846125
True,char,"(3, 5)",1,True,100000,1.0,none,73153,0.6352977743846125
True,char,"(2, 5)",2,True,0,3.0,balanced,22922,0.6352949240295549
True,char,"(2, 5)",2,True,100000,3.0,balanced,22922,0.6352949240295549
True,char,"(2, 3)",2,False,0,3.0,none,10702,0.6350609782455162
True,char,"(2, 3)",2,False,100000,3.0,none,10702,0.6350609782455162
True,char,"(2, 5)",2,False,0,3.0,balanced,22922,0.6349999525740465
True,char,"(2, 5)",2,False,100000,3.0,balanced,22922,0.6349999525740465
False,char_wb,"(2, 4)",2,True,0,0.3,balanced,16214,0.6348545706789597
False,char_wb,"(2, 4)",2,True,100000,0.3,balanced,16214,0.6348545706789597
False,char_wb,"(2, 5)",3,True,100000,0.3,none,10987,0.6347801353978899
False,char_wb,"(2, 5)",3,True,0,0.3,none,10987,0.6347801353978899
True,char,"(2, 3)",3,True,100000,1.0,none,6365,0.6347713023707915
True,char,"(2, 3)",3,True,0,1.0,none,6365,0.6347713023707915
False,char_wb,"(2, 3)",3,False,100000,1.0,none,6706,0.6345085635018866
False,char_wb,"(2, 3)",3,False,0,1.0,none,6706,0.6345085635018866
False,char_wb,"(2, 3)",3,True,0,1.0,none,6706,0.6344806180514059
False,char_wb,"(2, 3)",3,True,100000,1.0,none,6706,0.6344806180514059
True,char,"(2, 3)",2,True,0,3.0,none,10702,0.6344435194279724
True,char,"(2, 3)",2,True,100000,3.0,none,10702,0.6344435194279724
True,char,"(2, 3)",2,False,0,10.0,none,10702,0.6343960145390413
True,char,"(2, 3)",2,False,100000,10.0,none,10702,0.6343960145390413
False,char,"(2, 4)",1,False,100000,0.3,none,59904,0.6341377665216402
False,char,"(2, 4)",1,True,100000,0.3,none,59904,0.6341377665216402
False,char,"(2, 4)",1,True,0,0.3,none,59904,0.6341377665216402
False,char,"(2, 4)",1,False,0,0.3,none,59904,0.6341377665216402
True,char_wb,"(2, 5)",3,True,100000,1.0,none,9104,0.6340220376807011
True,char_wb,"(2, 5)",3,True,0,1.0,none,9104,0.6340220376807011
True,char_wb,"(2, 4)",3,False,0,1.0,balanced,7835,0.6339007682499893
True,char_wb,"(2, 4)",3,False,100000,1.0,balanced,7835,0.6339007682499893
True,char,"(2, 3)",2,False,0,10.0,balanced,10702,0.6338148931285406
True,char,"(2, 3)",2,False,100000,10.0,balanced,10702,0.6338148931285406
True,char,"(2, 3)",3,False,100000,1.0,none,6365,0.6335853450284304
True,char,"(2, 3)",3,False,0,1.0,none,6365,0.6335853450284304
False,char,"(2, 3)",3,False,100000,1.0,balanced,7158,0.63347079828582
False,char,"(2, 3)",3,False,0,1.0,balanced,7158,0.63347079828582
True,char_wb,"(3, 5)",1,True,100000,0.3,none,40766,0.633453977860029
True,char_wb,"(3, 5)",1,True,0,0.3,none,40766,0.633453977860029
False,char,"(2, 5)",2,True,100000,10.0,balanced,25904,0.6332938782265344
False,char,"(2, 5)",2,True,0,10.0,balanced,25904,0.6332938782265344
True,char_wb,"(2, 5)",3,False,100000,1.0,none,9104,0.6332894369481002
True,char_wb,"(2, 5)",3,False,0,1.0,none,9104,0.6332894369481002
True,char,"(2, 4)",1,True,100000,0.1,balanced,52901,0.6331509944258025
True,char,"(2, 4)",1,True,0,0.1,balanced,52901,0.6331509944258025
True,char,"(2, 5)",3,True,0,0.3,balanced,11988,0.6329540133069905
True,char,"(2, 5)",3,True,100000,0.3,balanced,11988,0.6329540133069905
True,char_wb,"(2, 5)",3,False,0,0.3,none,9104,0.6329429306383976
True,char_wb,"(2, 5)",3,False,100000,0.3,none,9104,0.6329429306383976
False,char,"(2, 3)",3,True,0,1.0,balanced,7158,0.6328746535990446
False,char,"(2, 3)",3,True,100000,1.0,balanced,7158,0.6328746535990446
False,char_wb,"(3, 5)",1,False,0,1.0,balanced,54453,0.6327771892299987
False,char_wb,"(3, 5)",1,False,100000,1.0,balanced,54453,0.6327771892299987
False,char_wb,"(2, 4)",2,False,0,0.3,balanced,16214,0.6326053637496918
False,char_wb,"(2, 4)",2,False,100000,0.3,balanced,16214,0.6326053637496918
True,char,"(2, 3)",2,True,0,10.0,none,10702,0.6325675664160079
True,char,"(2, 3)",2,True,100000,10.0,none,10702,0.6325675664160079
True,char_wb,"(2, 3)",3,False,100000,1.0,none,5797,0.6324770426799673
True,char_wb,"(2, 3)",3,False,0,1.0,none,5797,0.6324770426799673
True,char,"(3, 5)",1,False,100000,1.0,none,73153,0.6323855854095892
True,char,"(3, 5)",1,False,0,1.0,none,73153,0.6323855854095892
True,char,"(2, 4)",2,True,0,10.0,balanced,17100,0.6323511995155143
True,char,"(2, 4)",2,True,100000,10.0,balanced,17100,0.6323511995155143
True,char,"(2, 3)",2,True,100000,10.0,balanced,10702,0.6321910121831806
True,char,"(2, 3)",2,True,0,10.0,balanced,10702,0.6321910121831806
True,char,"(2, 4)",1,True,0,0.3,none,52901,0.6321657214402293
True,char,"(2, 4)",1,True,100000,0.3,none,52901,0.6321657214402293
False,char_wb,"(2, 3)",3,True,100000,1.0,balanced,6706,0.6321130308892557
False,char_wb,"(2, 3)",3,True,0,1.0,balanced,6706,0.6321130308892557
True,char_wb,"(2, 4)",1,False,100000,0.1,balanced,37967,0.6320556347746942
True,char_wb,"(2, 4)",1,False,0,0.1,balanced,37967,0.6320556347746942
False,char,"(2, 4)",1,False,100000,0.3,balanced,59904,0.632052836122401
False,char,"(2, 4)",1,False,0,0.3,balanced,59904,0.632052836122401
True,char_wb,"(2, 5)",3,False,0,0.3,balanced,9104,0.6319471815501767
True,char_wb,"(2, 5)",3,False,100000,0.3,balanced,9104,0.6319471815501767
True,char_wb,"(2, 5)",3,True,0,0.3,balanced,9104,0.6319471815501767
True,char_wb,"(2, 5)",3,True,100000,0.3,balanced,9104,0.6319471815501767
False,char_wb,"(2, 5)",2,False,0,0.3,balanced,20050,0.6318841345607021
False,char_wb,"(2, 5)",2,False,100000,0.3,balanced,20050,0.6318841345607021
False,char_wb,"(2, 5)",2,True,0,0.3,balanced,20050,0.6318841345607021
False,char_wb,"(2, 5)",2,True,100000,0.3,balanced,20050,0.6318841345607021
False,char_wb,"(3, 5)",1,True,0,1.0,balanced,54453,0.6318430279520457
False,char_wb,"(3, 5)",1,True,100000,1.0,balanced,54453,0.6318430279520457
True,char,"(2, 4)",3,False,0,0.3,balanced,9431,0.6318260984934614
True,char,"(2, 4)",3,False,100000,0.3,balanced,9431,0.6318260984934614
True,char,"(3, 5)",1,True,0,3.0,balanced,73153,0.6318159806960121
True,char,"(3, 5)",1,True,100000,3.0,balanced,73153,0.6318159806960121
False,char,"(2, 4)",1,True,0,0.3,balanced,59904,0.6316967555626329
False,char,"(2, 4)",1,True,100000,0.3,balanced,59904,0.6316967555626329
False,char_wb,"(2, 5)",3,True,100000,1.0,none,10987,0.6314860061469154
False,char_wb,"(2, 5)",3,True,0,1.0,none,10987,0.6314860061469154
True,char,"(2, 5)",3,False,0,0.3,balanced,11988,0.6314362620886993
True,char,"(2, 5)",3,False,100000,0.3,balanced,11988,0.6314362620886993
True,char_wb,"(2, 3)",2,True,100000,0.1,balanced,9500,0.631377908411795
True,char_wb,"(2, 3)",2,True,0,0.1,balanced,9500,0.631377908411795
True,char,"(2, 4)",2,True,0,1.0,none,17100,0.631300039973519
True,char,"(2, 4)",2,True,100000,1.0,none,17100,0.631300039973519
True,char_wb,"(2, 3)",2,False,0,0.1,balanced,9500,0.6312198997537865
True,char_wb,"(2, 3)",2,False,100000,0.1,balanced,9500,0.6312198997537865
False,char,"(2, 5)",2,False,0,10.0,balanced,25904,0.6311769932883502
False,char,"(2, 5)",2,False,100000,10.0,balanced,25904,0.6311769932883502
False,char,"(2, 5)",3,True,100000,1.0,balanced,13470,0.6309708723121273
False,char,"(2, 5)",3,False,0,1.0,balanced,13470,0.6309708723121273
False,char,"(2, 5)",3,True,0,1.0,balanced,13470,0.6309708723121273
False,char,"(2, 5)",3,False,100000,1.0,balanced,13470,0.6309708723121273
True,char,"(2, 3)",2,False,0,0.1,balanced,10702,0.630821739419203
True,char,"(2, 3)",2,False,100000,0.1,balanced,10702,0.630821739419203
False,char_wb,"(2, 3)",3,True,0,0.3,balanced,6706,0.6307775951864333
False,char_wb,"(2, 3)",3,True,100000,0.3,balanced,6706,0.6307775951864333
False,char_wb,"(2, 3)",3,False,0,0.3,balanced,6706,0.6307633981210043
False,char_wb,"(2, 3)",3,False,100000,0.3,balanced,6706,0.6307633981210043
True,char,"(2, 4)",2,False,100000,10.0,balanced,17100,0.6307517225151804
True,char,"(2, 4)",2,False,0,10.0,balanced,17100,0.6307517225151804
False,char_wb,"(2, 5)",3,False,100000,0.3,none,10987,0.6306888123069966
False,char_wb,"(2, 5)",3,False,0,0.3,none,10987,0.6306888123069966
False,char_wb,"(2, 5)",3,False,100000,1.0,none,10987,0.6306520027823557
False,char_wb,"(2, 5)",3,False,0,1.0,none,10987,0.6306520027823557
True,char_wb,"(2, 3)",3,True,100000,3.0,none,5797,0.6305758327177609
True,char_wb,"(2, 3)",3,True,0,3.0,none,5797,0.6305758327177609
False,char_wb,"(2, 4)",3,False,100000,3.0,none,9223,0.6304411116929634
False,char_wb,"(2, 4)",3,False,0,3.0,none,9223,0.6304411116929634
False,char_wb,"(2, 3)",3,False,100000,1.0,balanced,6706,0.63002360952679
False,char_wb,"(2, 3)",3,False,0,1.0,balanced,6706,0.63002360952679
True,char_wb,"(2, 4)",3,True,100000,1.0,none,7835,0.6299416457360334
True,char_wb,"(2, 4)",3,True,0,1.0,none,7835,0.6299416457360334
True,char,"(2, 5)",1,True,0,0.3,none,81633,0.6299167883651158
True,char,"(2, 5)",1,True,100000,0.3,none,81633,0.6299167883651158
True,char_wb,"(2, 3)",1,True,100000,0.1,balanced,23232,0.6298409278277303
True,char_wb,"(2, 3)",1,True,0,0.1,balanced,23232,0.6298409278277303
False,char_wb,"(2, 3)",3,False,0,3.0,balanced,6706,0.6298321098011065
False,char_wb,"(2, 3)",3,False,100000,3.0,balanced,6706,0.6298321098011065
True,char_wb,"(2, 3)",3,False,100000,3.0,none,5797,0.6296611782563737
True,char_wb,"(2, 3)",3,False,0,3.0,none,5797,0.6296611782563737
True,char,"(2, 5)",1,False,0,0.3,none,81633,0.6296063001657914
True,char,"(2, 5)",1,False,100000,0.3,none,81633,0.6296063001657914
False,char_wb,"(2, 4)",3,False,0,1.0,none,9223,0.6294772943766066
False,char_wb,"(2, 4)",3,False,100000,1.0,none,9223,0.6294772943766066
True,char,"(2, 4)",3,True,100000,0.3,none,9431,0.6293973422487191
True,char,"(2, 4)",3,True,0,0.3,none,9431,0.6293973422487191
False,char_wb,"(2, 3)",3,True,0,3.0,balanced,6706,0.6293905224029973
False,char_wb,"(2, 3)",3,True,100000,3.0,balanced,6706,0.6293905224029973
True,char,"(2, 5)",1,True,100000,0.1,balanced,81633,0.6293192611341161
True,char,"(2, 5)",1,True,0,0.1,balanced,81633,0.6293192611341161
True,char_wb,"(2, 3)",1,False,0,0.1,balanced,23232,0.6292468568660123
True,char_wb,"(2, 3)",1,False,100000,0.1,balanced,23232,0.6292468568660123
False,char_wb,"(3, 5)",2,False,100000,1.0,none,15141,0.629235594259291
False,char_wb,"(3, 5)",2,False,0,1.0,none,15141,0.629235594259291
False,char_wb,"(3, 5)",2,True,0,1.0,none,15141,0.629235594259291
False,char_wb,"(3, 5)",2,True,100000,1.0,none,15141,0.629235594259291
True,char,"(2, 3)",3,True,0,1.0,balanced,6365,0.629224707952862
True,char,"(2, 3)",3,True,100000,1.0,balanced,6365,0.629224707952862
False,char,"(2, 4)",2,True,0,0.3,balanced,19258,0.6291618601942813
False,char,"(2, 4)",2,True,100000,0.3,balanced,19258,0.6291618601942813
False,char_wb,"(2, 4)",3,True,0,1.0,none,9223,0.6291133284298166
False,char_wb,"(2, 4)",3,True,100000,1.0,none,9223,0.6291133284298166
True,char,"(2, 4)",1,False,0,0.3,none,52901,0.6290619255464798
True,char,"(2, 4)",1,False,100000,0.3,none,52901,0.6290619255464798
False,char,"(2, 3)",3,False,100000,3.0,balanced,7158,0.6288700086933369
False,char,"(2, 3)",3,False,0,3.0,balanced,7158,0.6288700086933369
True,char,"(2, 5)",1,False,100000,0.1,balanced,81633,0.6287363607324575
True,char,"(2, 5)",1,False,0,0.1,balanced,81633,0.6287363607324575
False,char_wb,"(2, 4)",3,True,100000,3.0,balanced,9223,0.6287128368649703
False,char_wb,"(2, 4)",3,True,0,3.0,balanced,9223,0.6287128368649703
True,char_wb,"(2, 4)",1,True,100000,0.1,balanced,37967,0.6286879716648133
True,char_wb,"(2, 4)",1,True,0,0.1,balanced,37967,0.6286879716648133
True,char,"(3, 5)",1,False,100000,3.0,balanced,73153,0.628373794862522
True,char,"(3, 5)",1,False,0,3.0,balanced,73153,0.628373794862522
True,char,"(2, 4)",2,False,0,1.0,none,17100,0.6283071186434352
True,char,"(2, 4)",2,False,100000,1.0,none,17100,0.6283071186434352
True,char_wb,"(2, 4)",3,True,100000,3.0,balanced,7835,0.6283001082060652
True,char_wb,"(2, 4)",3,True,0,3.0,balanced,7835,0.6283001082060652
False,char_wb,"(2, 4)",3,True,100000,3.0,none,9223,0.6282397780543021
False,char_wb,"(2, 4)",3,True,0,3.0,none,9223,0.6282397780543021
True,char,"(2, 3)",2,True,0,0.1,balanced,10702,0.6281822449304447
True,char,"(2, 3)",2,True,100000,0.1,balanced,10702,0.6281822449304447
True,char,"(2, 5)",3,True,100000,1.0,balanced,11988,0.6281635763424605
True,char,"(2, 5)",3,True,0,1.0,balanced,11988,0.6281635763424605
False,char,"(2, 4)",3,True,100000,3.0,balanced,10556,0.6279791404705399
False,char,"(2, 4)",3,True,0,3.0,balanced,10556,0.6279791404705399
False,char_wb,"(2, 3)",3,True,0,3.0,none,6706,0.6276395601568742
False,char_wb,"(2, 3)",3,True,100000,3.0,none,6706,0.6276395601568742
True,char,"(2, 5)",2,False,100000,10.0,balanced,22922,0.6275772505616006
True,char,"(2, 5)",2,False,0,10.0,balanced,22922,0.6275772505616006
True,char,"(2, 3)",2,False,0,3.0,balanced,10702,0.6272989647484034
True,char,"(2, 3)",2,False,100000,3.0,balanced,10702,0.6272989647484034
False,char,"(2, 4)",3,False,0,3.0,balanced,10556,0.6272946426749733
False,char,"(2, 4)",3,False,100000,3.0,balanced,10556,0.6272946426749733
True,char,"(2, 5)",2,True,100000,10.0,balanced,22922,0.6272687324688632
True,char,"(2, 5)",2,True,0,10.0,balanced,22922,0.6272687324688632
True,char_wb,"(2, 3)",3,True,0,3.0,balanced,5797,0.6271397308479225
True,char_wb,"(2, 3)",3,True,100000,3.0,balanced,5797,0.6271397308479225
True,char,"(2, 4)",3,False,0,0.3,none,9431,0.6270408557485708
True,char,"(2, 4)",3,False,100000,0.3,none,9431,0.6270408557485708
False,char,"(2, 4)",2,False,100000,0.3,balanced,19258,0.6269977385731653
False,char,"(2, 4)",2,False,0,0.3,balanced,19258,0.6269977385731653
True,char,"(2, 3)",3,False,100000,1.0,balanced,6365,0.6269118602646049
True,char,"(2, 3)",3,False,0,1.0,balanced,6365,0.6269118602646049
True,char_wb,"(2, 4)",3,True,100000,0.3,balanced,7835,0.6268825529880029
True,char_wb,"(2, 4)",3,True,0,0.3,balanced,7835,0.6268825529880029
True,char_wb,"(2, 4)",3,False,100000,3.0,balanced,7835,0.6267617320760915
True,char_wb,"(2, 4)",3,False,0,3.0,balanced,7835,0.6267617320760915
True,char_wb,"(2, 3)",3,False,0,3.0,balanced,5797,0.6266229741966248
True,char_wb,"(2, 3)",3,False,100000,3.0,balanced,5797,0.6266229741966248
True,char,"(2, 4)",2,False,0,10.0,none,17100,0.6263609898782317
True,char,"(2, 4)",2,True,100000,10.0,none,17100,0.6263609898782317
True,char,"(2, 4)",2,False,100000,10.0,none,17100,0.6263609898782317
True,char,"(2, 4)",2,True,0,10.0,none,17100,0.6263609898782317
False,char,"(2, 3)",1,False,0,0.1,balanced,31346,0.6262417688568223
False,char,"(2, 3)",1,False,100000,0.1,balanced,31346,0.6262417688568223
True,char_wb,"(2, 4)",3,False,0,0.3,balanced,7835,0.6261885730548925
True,char_wb,"(2, 4)",3,False,100000,0.3,balanced,7835,0.6261885730548925
False,char,"(2, 4)",3,False,0,0.3,none,10556,0.6261457789196532
False,char,"(2, 4)",3,False,100000,0.3,none,10556,0.6261457789196532
True,char,"(2, 5)",3,True,100000,1.0,none,11988,0.6259766020920797
True,char,"(2, 5)",3,True,0,1.0,none,11988,0.6259766020920797
False,char,"(2, 3)",3,True,0,3.0,none,7158,0.6256565633121587
False,char,"(2, 3)",3,True,100000,3.0,none,7158,0.6256565633121587
True,char,"(3, 5)",1,False,0,1.0,balanced,73153,0.6256139681966173
True,char,"(3, 5)",1,False,100000,1.0,balanced,73153,0.6256139681966173
False,char,"(2, 5)",1,True,100000,0.3,balanced,92607,0.6255405086473458
False,char,"(2, 5)",1,True,0,0.3,balanced,92607,0.6255405086473458
False,char_wb,"(2, 4)",3,False,100000,3.0,balanced,9223,0.6254129574205343
False,char_wb,"(2, 4)",3,False,0,3.0,balanced,9223,0.6254129574205343
False,char,"(2, 4)",3,True,0,0.3,none,10556,0.6253350261749059
False,char,"(2, 4)",3,True,100000,0.3,none,10556,0.6253350261749059
False,char_wb,"(2, 3)",3,False,100000,10.0,none,6706,0.6253248931501374
False,char_wb,"(2, 3)",3,False,0,10.0,none,6706,0.6253248931501374
False,char,"(2, 5)",1,False,100000,0.3,balanced,92607,0.6253102878301612
False,char,"(2, 5)",1,False,0,0.3,balanced,92607,0.6253102878301612
True,char_wb,"(2, 5)",1,False,100000,0.1,balanced,49285,0.625275299129312
True,char_wb,"(2, 5)",1,False,0,0.1,balanced,49285,0.625275299129312
True,char,"(2, 3)",3,True,100000,3.0,none,6365,0.6250821658378841
True,char,"(2, 3)",3,True,0,3.0,none,6365,0.6250821658378841
True,char,"(2, 4)",2,True,100000,3.0,none,17100,0.6250600813335798
True,char,"(2, 4)",2,True,0,3.0,none,17100,0.6250600813335798
True,char,"(2, 5)",2,True,0,3.0,none,22922,0.6248915924711034
True,char,"(2, 5)",2,True,100000,3.0,none,22922,0.6248915924711034
False,char_wb,"(2, 3)",3,True,0,10.0,balanced,6706,0.6248592267441812
False,char_wb,"(2, 3)",3,True,100000,10.0,balanced,6706,0.6248592267441812
True,char,"(2, 5)",3,False,100000,1.0,none,11988,0.6248229380651902
True,char,"(2, 5)",3,False,0,1.0,none,11988,0.6248229380651902
True,char,"(2, 4)",3,False,100000,1.0,none,9431,0.624750625149649
True,char,"(2, 4)",3,False,0,1.0,none,9431,0.624750625149649
True,char,"(2, 4)",3,True,100000,1.0,none,9431,0.6247403313125316
True,char,"(2, 4)",3,True,0,1.0,none,9431,0.6247403313125316
True,char_wb,"(2, 4)",3,False,0,1.0,none,7835,0.624707721713806
True,char_wb,"(2, 4)",3,False,100000,1.0,none,7835,0.624707721713806
False,char,"(2, 3)",3,False,100000,0.3,balanced,7158,0.6246476757744531
False,char,"(2, 3)",3,False,0,0.3,balanced,7158,0.6246476757744531
True,char,"(2, 5)",3,False,0,1.0,balanced,11988,0.6246150070427525
True,char,"(2, 5)",3,False,100000,1.0,balanced,11988,0.6246150070427525
False,char,"(2, 3)",3,True,100000,3.0,balanced,7158,0.6245616028422812
False,char,"(2, 3)",3,True,0,3.0,balanced,7158,0.6245616028422812
False,char_wb,"(2, 4)",3,False,0,1.0,balanced,9223,0.6245335168444396
False,char_wb,"(2, 4)",3,False,100000,1.0,balanced,9223,0.6245335168444396
True,char,"(2, 3)",3,False,0,3.0,none,6365,0.6244357294346525
True,char,"(2, 3)",3,False,100000,3.0,none,6365,0.6244357294346525
True,char,"(2, 4)",2,False,0,0.1,balanced,17100,0.6244134020015728
True,char,"(2, 4)",2,False,100000,0.1,balanced,17100,0.6244134020015728
True,char_wb,"(3, 5)",2,True,0,3.0,none,12103,0.6243802486013543
True,char_wb,"(3, 5)",2,True,100000,3.0,none,12103,0.6243802486013543
False,char_wb,"(2, 5)",3,True,100000,3.0,balanced,10987,0.6243181139425165
False,char_wb,"(2, 5)",3,True,0,3.0,balanced,10987,0.6243181139425165
True,char,"(2, 5)",2,False,0,3.0,none,22922,0.6241110866667579
True,char,"(2, 5)",2,False,100000,3.0,none,22922,0.6241110866667579
True,char_wb,"(2, 4)",3,True,0,3.0,none,7835,0.624041965957258
True,char_wb,"(2, 4)",3,True,100000,3.0,none,7835,0.624041965957258
True,char,"(3, 5)",1,True,100000,1.0,balanced,73153,0.6238217729721569
True,char,"(3, 5)",1,True,0,1.0,balanced,73153,0.6238217729721569
False,char_wb,"(2, 5)",3,False,100000,3.0,balanced,10987,0.6237957421191085
False,char_wb,"(2, 5)",3,False,0,3.0,balanced,10987,0.6237957421191085
True,char_wb,"(2, 5)",1,True,0,0.1,balanced,49285,0.6236615020396888
True,char_wb,"(2, 5)",1,True,100000,0.1,balanced,49285,0.6236615020396888
False,char,"(2, 3)",3,True,0,0.3,balanced,7158,0.6236261084295294
False,char,"(2, 3)",3,True,100000,0.3,balanced,7158,0.6236261084295294
True,char,"(2, 5)",3,True,0,3.0,balanced,11988,0.623614712086068
True,char,"(2, 5)",3,True,100000,3.0,balanced,11988,0.623614712086068
True,char_wb,"(2, 4)",3,False,100000,3.0,none,7835,0.6234038777581942
True,char_wb,"(2, 4)",3,False,0,3.0,none,7835,0.6234038777581942
False,char_wb,"(2, 3)",3,True,100000,10.0,none,6706,0.6231855464530038
False,char_wb,"(2, 3)",3,True,0,10.0,none,6706,0.6231855464530038
True,char_wb,"(2, 3)",3,True,0,0.1,balanced,5797,0.6228531474449281
True,char_wb,"(2, 3)",3,True,100000,0.1,balanced,5797,0.6228531474449281
True,char_wb,"(2, 3)",3,True,100000,0.3,none,5797,0.6228286008072522
True,char_wb,"(2, 3)",3,True,0,0.3,none,5797,0.6228286008072522
True,char,"(2, 4)",3,True,100000,1.0,balanced,9431,0.622790398328436
True,char,"(2, 4)",3,True,0,1.0,balanced,9431,0.622790398328436
True,char,"(2, 3)",3,False,100000,0.1,balanced,6365,0.6226742936136872
True,char,"(2, 3)",3,False,0,0.1,balanced,6365,0.6226742936136872
True,char,"(2, 3)",3,True,100000,0.1,balanced,6365,0.622652497702135
True,char,"(2, 3)",3,True,0,0.1,balanced,6365,0.622652497702135
False,char,"(2, 5)",1,False,100000,0.3,none,92607,0.622640914202179
False,char,"(2, 5)",1,False,0,0.3,none,92607,0.622640914202179
False,char_wb,"(2, 4)",3,True,100000,1.0,balanced,9223,0.6225162750049542
False,char_wb,"(2, 4)",3,True,0,1.0,balanced,9223,0.6225162750049542
False,char_wb,"(3, 5)",2,True,100000,0.3,none,15141,0.6225148609803008
False,char_wb,"(3, 5)",2,True,0,0.3,none,15141,0.6225148609803008
True,char_wb,"(2, 4)",3,True,0,0.3,none,7835,0.6225058873676178
True,char_wb,"(2, 4)",3,True,100000,0.3,none,7835,0.6225058873676178
True,char,"(2, 5)",3,False,100000,0.3,none,11988,0.6224966000664391
True,char,"(2, 5)",3,False,0,0.3,none,11988,0.6224966000664391
True,char_wb,"(3, 5)",2,False,100000,3.0,none,12103,0.6224615423076479
True,char_wb,"(3, 5)",2,False,0,3.0,none,12103,0.6224615423076479
True,char,"(2, 4)",3,True,100000,3.0,balanced,9431,0.622402602592703
True,char,"(2, 4)",3,True,0,3.0,balanced,9431,0.622402602592703
False,char,"(3, 5)",1,False,100000,3.0,balanced,82834,0.6223312883373664
False,char,"(3, 5)",1,False,0,3.0,balanced,82834,0.6223312883373664
True,char,"(2, 3)",3,False,100000,3.0,balanced,6365,0.6222338082216339
True,char,"(2, 3)",3,False,0,3.0,balanced,6365,0.6222338082216339
True,char,"(2, 4)",2,True,0,0.1,balanced,17100,0.6222182070736729
True,char,"(2, 4)",2,True,100000,0.1,balanced,17100,0.6222182070736729
False,char,"(2, 3)",3,False,100000,3.0,none,7158,0.6221807828279001
False,char,"(2, 3)",3,False,0,3.0,none,7158,0.6221807828279001
False,char,"(2, 4)",3,True,0,10.0,balanced,10556,0.6218770095072668
False,char,"(2, 4)",3,True,100000,10.0,balanced,10556,0.6218770095072668
False,char,"(2, 5)",3,False,0,0.3,none,13470,0.6218267858999018
False,char,"(2, 5)",3,False,100000,0.3,none,13470,0.6218267858999018
True,char,"(2, 5)",3,True,0,0.3,none,11988,0.6217465358307741
True,char,"(2, 5)",3,True,100000,0.3,none,11988,0.6217465358307741
True,char,"(2, 4)",3,False,0,0.1,balanced,9431,0.6217358801193764
True,char,"(2, 4)",3,False,100000,0.1,balanced,9431,0.6217358801193764
False,char,"(2, 5)",3,False,100000,3.0,balanced,13470,0.6216218146006366
False,char,"(2, 5)",3,False,0,3.0,balanced,13470,0.6216218146006366
True,char,"(2, 5)",2,False,0,10.0,none,22922,0.621477172495337
True,char,"(2, 5)",2,False,100000,10.0,none,22922,0.621477172495337
False,char_wb,"(3, 5)",2,True,100000,3.0,none,15141,0.6214044646879229
False,char_wb,"(3, 5)",2,True,0,3.0,none,15141,0.6214044646879229
False,char,"(3, 5)",1,False,0,10.0,balanced,82834,0.6211591782174335
False,char,"(3, 5)",1,False,100000,10.0,balanced,82834,0.6211591782174335
True,char,"(2, 5)",2,False,0,0.1,balanced,22922,0.6210677016319299
True,char,"(2, 5)",2,True,0,0.1,balanced,22922,0.6210677016319299
True,char,"(2, 5)",2,True,100000,0.1,balanced,22922,0.6210677016319299
True,char,"(2, 5)",2,False,100000,0.1,balanced,22922,0.6210677016319299
True,char_wb,"(2, 3)",3,False,0,0.3,none,5797,0.6210492320470521
True,char_wb,"(2, 3)",3,False,100000,0.3,none,5797,0.6210492320470521
True,char,"(2, 4)",3,False,100000,1.0,balanced,9431,0.6209887212087482
True,char,"(2, 4)",3,False,0,1.0,balanced,9431,0.6209887212087482
True,char_wb,"(2, 4)",3,False,100000,0.3,none,7835,0.6209535758185474
True,char_wb,"(2, 4)",3,False,0,0.3,none,7835,0.6209535758185474
False,char_wb,"(2, 5)",3,False,0,3.0,none,10987,0.6209437584613904
False,char_wb,"(2, 5)",3,False,100000,3.0,none,10987,0.6209437584613904
False,char_wb,"(2, 3)",3,False,100000,3.0,none,6706,0.620925161341607
False,char_wb,"(2, 3)",3,False,0,3.0,none,6706,0.620925161341607
False,char,"(2, 3)",1,True,0,0.1,balanced,31346,0.6208706049755462
False,char,"(2, 3)",1,True,100000,0.1,balanced,31346,0.6208706049755462
True,char,"(2, 4)",2,False,0,3.0,none,17100,0.6208678925783243
True,char,"(2, 4)",2,False,100000,3.0,none,17100,0.6208678925783243
True,char,"(2, 4)",3,True,100000,0.1,balanced,9431,0.6208068775803333
True,char,"(2, 4)",3,True,0,0.1,balanced,9431,0.6208068775803333
True,char_wb,"(2, 5)",3,False,100000,10.0,balanced,9104,0.6208062067772797
True,char_wb,"(2, 5)",3,False,0,10.0,balanced,9104,0.6208062067772797
True,char,"(2, 5)",2,True,100000,10.0,none,22922,0.6207729219557447
True,char,"(2, 5)",2,True,0,10.0,none,22922,0.6207729219557447
False,char,"(2, 5)",3,True,0,10.0,balanced,13470,0.6206636187112446
False,char,"(2, 5)",3,True,100000,10.0,balanced,13470,0.6206636187112446
False,char,"(2, 5)",1,True,0,0.3,none,92607,0.6205626139076429
False,char,"(2, 5)",1,True,100000,0.3,none,92607,0.6205626139076429
True,char_wb,"(2, 3)",3,False,100000,0.1,balanced,5797,0.620491264033816
True,char_wb,"(2, 3)",3,False,0,0.1,balanced,5797,0.620491264033816
False,char_wb,"(3, 5)",2,False,100000,0.3,none,15141,0.6204838471160522
False,char_wb,"(3, 5)",2,False,0,0.3,none,15141,0.6204838471160522
False,char,"(2, 4)",3,False,0,10.0,balanced,10556,0.6203909263088991
False,char,"(2, 4)",3,False,100000,10.0,balanced,10556,0.6203909263088991
False,char,"(2, 5)",3,False,100000,10.0,balanced,13470,0.6203159275798495
False,char,"(2, 5)",3,False,0,10.0,balanced,13470,0.6203159275798495
True,char_wb,"(2, 5)",3,True,0,3.0,balanced,9104,0.6203077290638846
True,char_wb,"(2, 5)",3,True,100000,3.0,balanced,9104,0.6203077290638846
False,char,"(3, 5)",1,True,100000,3.0,balanced,82834,0.6200816795736731
False,char,"(3, 5)",1,True,0,3.0,balanced,82834,0.6200816795736731
True,char_wb,"(2, 4)",2,False,0,0.1,balanced,13607,0.6200056653262647
True,char_wb,"(2, 4)",2,False,100000,0.1,balanced,13607,0.6200056653262647
False,char_wb,"(2, 5)",3,True,0,3.0,none,10987,0.6199319463928776
False,char_wb,"(2, 5)",3,True,100000,3.0,none,10987,0.6199319463928776
True,char,"(2, 3)",3,True,0,3.0,balanced,6365,0.619925694512912
True,char,"(2, 3)",3,True,100000,3.0,balanced,6365,0.619925694512912
False,char_wb,"(3, 5)",2,False,100000,3.0,none,15141,0.6199183585083619
False,char_wb,"(3, 5)",2,False,0,3.0,none,15141,0.6199183585083619
True,char_wb,"(3, 5)",2,True,100000,3.0,balanced,12103,0.6198273455198307
True,char_wb,"(3, 5)",2,True,0,3.0,balanced,12103,0.6198273455198307
True,char_wb,"(3, 5)",2,False,0,3.0,balanced,12103,0.6196518571663762
True,char_wb,"(3, 5)",2,False,100000,3.0,balanced,12103,0.6196518571663762
True,char,"(2, 5)",3,False,0,3.0,balanced,11988,0.6196032180140296
True,char,"(2, 5)",3,False,100000,3.0,balanced,11988,0.6196032180140296
True,char,"(2, 4)",3,False,100000,3.0,balanced,9431,0.619473847462162
True,char,"(2, 4)",3,False,0,3.0,balanced,9431,0.619473847462162
False,char,"(2, 5)",3,True,100000,0.3,none,13470,0.6193973506911006
False,char,"(2, 5)",3,True,0,0.3,none,13470,0.6193973506911006
False,char,"(2, 5)",3,True,0,3.0,balanced,13470,0.6193617523729396
False,char,"(2, 5)",3,True,100000,3.0,balanced,13470,0.6193617523729396
True,char_wb,"(2, 5)",3,True,100000,3.0,none,9104,0.6193042661643975
True,char_wb,"(2, 5)",3,True,0,3.0,none,9104,0.6193042661643975
False,char_wb,"(2, 4)",3,False,100000,10.0,none,9223,0.6192880508221669
False,char_wb,"(2, 4)",3,False,0,10.0,none,9223,0.6192880508221669
False,char,"(2, 5)",3,False,100000,10.0,none,13470,0.6192798875019145
False,char,"(2, 5)",3,False,0,10.0,none,13470,0.6192798875019145
False,char_wb,"(2, 3)",1,True,100000,0.1,balanced,27740,0.6191873991556505
False,char_wb,"(2, 3)",1,True,0,0.1,balanced,27740,0.6191873991556505
True,char_wb,"(2, 5)",3,True,0,10.0,balanced,9104,0.6190012107400256
True,char_wb,"(2, 5)",3,True,100000,10.0,balanced,9104,0.6190012107400256
False,char,"(2, 3)",3,False,100000,1.0,none,7158,0.6189560328258235
False,char,"(2, 3)",3,False,0,1.0,none,7158,0.6189560328258235
False,char,"(3, 5)",1,True,100000,10.0,none,82834,0.618838324961246
False,char,"(3, 5)",1,True,0,10.0,none,82834,0.618838324961246
False,char_wb,"(2, 3)",3,False,100000,10.0,balanced,6706,0.6188050925356876
False,char_wb,"(2, 3)",3,False,0,10.0,balanced,6706,0.6188050925356876
False,char_wb,"(2, 4)",3,True,0,10.0,none,9223,0.6186127932710342
False,char_wb,"(2, 4)",3,True,100000,10.0,none,9223,0.6186127932710342
False,char_wb,"(3, 5)",1,False,0,0.3,none,54453,0.6185615317530232
False,char_wb,"(3, 5)",1,False,100000,0.3,none,54453,0.6185615317530232
False,char_wb,"(3, 5)",1,True,0,0.3,none,54453,0.6185615317530232
False,char_wb,"(3, 5)",1,True,100000,0.3,none,54453,0.6185615317530232
False,char,"(2, 5)",3,True,100000,10.0,none,13470,0.618558114076561
False,char,"(2, 5)",3,True,0,10.0,none,13470,0.618558114076561
False,char_wb,"(2, 4)",3,False,100000,10.0,balanced,9223,0.6184708778088559
False,char_wb,"(2, 4)",3,False,0,10.0,balanced,9223,0.6184708778088559
False,char_wb,"(2, 4)",3,False,0,0.3,balanced,9223,0.6184689564751353
False,char_wb,"(2, 4)",3,False,100000,0.3,balanced,9223,0.6184689564751353
False,char,"(2, 3)",3,True,100000,1.0,none,7158,0.6183717804176145
False,char,"(2, 3)",3,True,0,1.0,none,7158,0.6183717804176145
True,char_wb,"(2, 5)",2,False,100000,0.1,balanced,16341,0.6183569054236586
True,char_wb,"(2, 5)",2,False,0,0.1,balanced,16341,0.6183569054236586
False,char_wb,"(2, 5)",3,False,100000,1.0,balanced,10987,0.6182570901015763
False,char_wb,"(2, 5)",3,False,0,1.0,balanced,10987,0.6182570901015763
False,char_wb,"(2, 3)",2,False,0,0.1,balanced,11070,0.6179484597718415
False,char_wb,"(2, 3)",2,False,100000,0.1,balanced,11070,0.6179484597718415
False,char,"(3, 5)",1,True,0,10.0,balanced,82834,0.6177874351652834
False,char,"(3, 5)",1,True,100000,10.0,balanced,82834,0.6177874351652834
False,char,"(3, 5)",1,False,0,10.0,none,82834,0.6175752848036007
False,char,"(3, 5)",1,False,100000,10.0,none,82834,0.6175752848036007
False,char,"(2, 3)",3,True,100000,10.0,none,7158,0.6173127237881375
False,char,"(2, 3)",3,True,0,10.0,none,7158,0.6173127237881375
False,char_wb,"(2, 3)",2,True,100000,0.1,balanced,11070,0.6172907996450825
False,char_wb,"(2, 3)",2,True,0,0.1,balanced,11070,0.6172907996450825
True,char,"(2, 3)",3,True,0,0.3,none,6365,0.6170592223085205
True,char,"(2, 3)",3,False,0,0.3,none,6365,0.6170592223085205
True,char,"(2, 3)",3,False,100000,0.3,none,6365,0.6170592223085205
True,char,"(2, 3)",3,True,100000,0.3,none,6365,0.6170592223085205
True,char_wb,"(2, 4)",2,True,100000,0.1,balanced,13607,0.6166704875170835
True,char_wb,"(2, 4)",2,True,0,0.1,balanced,13607,0.6166704875170835
False,char_wb,"(3, 5)",1,False,0,0.3,balanced,54453,0.6165902421729024
False,char_wb,"(3, 5)",1,False,100000,0.3,balanced,54453,0.6165902421729024
False,char_wb,"(2, 4)",3,True,0,0.3,balanced,9223,0.6165674588629593
False,char_wb,"(2, 4)",3,True,100000,0.3,balanced,9223,0.6165674588629593
True,char,"(3, 5)",2,True,0,3.0,none,18721,0.616407531272769
True,char,"(3, 5)",2,True,100000,3.0,none,18721,0.616407531272769
True,char_wb,"(2, 5)",3,False,0,3.0,balanced,9104,0.6163679949680939
True,char_wb,"(2, 5)",3,False,100000,3.0,balanced,9104,0.6163679949680939
True,char,"(3, 5)",2,False,0,3.0,balanced,18721,0.6160959590909151
True,char,"(3, 5)",2,True,0,3.0,balanced,18721,0.6160959590909151
True,char,"(3, 5)",2,True,100000,3.0,balanced,18721,0.6160959590909151
True,char,"(3, 5)",2,False,100000,3.0,balanced,18721,0.6160959590909151
False,char,"(2, 3)",3,False,0,10.0,none,7158,0.6160473225227363
False,char,"(2, 3)",3,False,100000,10.0,none,7158,0.6160473225227363
False,char,"(2, 5)",2,False,100000,0.3,balanced,25904,0.6159526088618937
False,char,"(2, 5)",2,True,0,0.3,balanced,25904,0.6159526088618937
False,char,"(2, 5)",2,False,0,0.3,balanced,25904,0.6159526088618937
False,char,"(2, 5)",2,True,100000,0.3,balanced,25904,0.6159526088618937
True,char_wb,"(2, 5)",2,False,0,0.1,none,16341,0.6158291245255637
True,char_wb,"(2, 5)",2,False,100000,0.1,none,16341,0.6158291245255637
True,char_wb,"(2, 3)",3,True,0,10.0,none,5797,0.615682889861868
True,char_wb,"(2, 3)",3,True,100000,10.0,none,5797,0.615682889861868
False,char_wb,"(3, 5)",1,True,100000,0.3,balanced,54453,0.6154390589319575
False,char_wb,"(3, 5)",1,True,0,0.3,balanced,54453,0.6154390589319575
False,char_wb,"(2, 5)",3,True,100000,0.3,balanced,10987,0.615354959925855
False,char_wb,"(2, 5)",3,True,0,0.3,balanced,10987,0.615354959925855
True,char,"(3, 5)",2,True,100000,1.0,balanced,18721,0.615298856524726
True,char,"(3, 5)",2,True,0,1.0,balanced,18721,0.615298856524726
True,char,"(3, 5)",2,False,0,1.0,balanced,18721,0.615298856524726
True,char,"(3, 5)",2,False,100000,1.0,balanced,18721,0.615298856524726
True,char,"(3, 5)",2,False,100000,3.0,none,18721,0.61528756733282
True,char,"(3, 5)",2,False,0,3.0,none,18721,0.61528756733282
False,char_wb,"(3, 5)",2,False,100000,3.0,balanced,15141,0.6152078002926705
False,char_wb,"(3, 5)",2,True,0,3.0,balanced,15141,0.6152078002926705
False,char_wb,"(3, 5)",2,False,0,3.0,balanced,15141,0.6152078002926705
False,char_wb,"(3, 5)",2,True,100000,3.0,balanced,15141,0.6152078002926705
True,char_wb,"(2, 5)",2,True,100000,0.1,balanced,16341,0.6151474062684581
True,char_wb,"(2, 5)",2,True,0,0.1,balanced,16341,0.6151474062684581
False,char_wb,"(2, 5)",3,False,100000,0.3,balanced,10987,0.6149158558565755
False,char_wb,"(2, 5)",3,False,0,0.3,balanced,10987,0.6149158558565755
False,char_wb,"(2, 5)",3,True,0,10.0,none,10987,0.6148432131851893
False,char_wb,"(2, 5)",3,True,100000,10.0,none,10987,0.6148432131851893
True,char_wb,"(2, 5)",3,False,0,3.0,none,9104,0.614831447445675
True,char_wb,"(2, 5)",3,False,100000,3.0,none,9104,0.614831447445675
False,char,"(2, 5)",3,True,0,3.0,none,13470,0.6148271794345731
False,char,"(2, 5)",3,True,100000,3.0,none,13470,0.6148271794345731
True,char,"(2, 5)",3,False,100000,0.1,balanced,11988,0.6147261918545872
True,char,"(2, 5)",3,False,0,0.1,balanced,11988,0.6147261918545872
False,char_wb,"(2, 4)",3,True,0,10.0,balanced,9223,0.6146702796375633
False,char_wb,"(2, 4)",3,True,100000,10.0,balanced,9223,0.6146702796375633
True,char_wb,"(2, 5)",2,True,100000,0.1,none,16341,0.6146243052484552
True,char_wb,"(2, 5)",2,True,0,0.1,none,16341,0.6146243052484552
True,char_wb,"(2, 5)",3,True,0,10.0,none,9104,0.6145043040961802
True,char_wb,"(2, 5)",3,True,100000,10.0,none,9104,0.6145043040961802
False,char_wb,"(2, 5)",3,True,0,1.0,balanced,10987,0.6143973607780513
False,char_wb,"(2, 5)",3,True,100000,1.0,balanced,10987,0.6143973607780513
True,char_wb,"(2, 3)",3,True,0,10.0,balanced,5797,0.6143887650586539
True,char_wb,"(2, 3)",3,True,100000,10.0,balanced,5797,0.6143887650586539
False,char,"(2, 3)",3,True,100000,10.0,balanced,7158,0.6143716283520076
False,char,"(2, 3)",3,True,0,10.0,balanced,7158,0.6143716283520076
False,char_wb,"(2, 5)",3,False,100000,10.0,none,10987,0.6143529456339755
False,char_wb,"(2, 5)",3,False,0,10.0,none,10987,0.6143529456339755
True,char_wb,"(2, 5)",3,False,100000,10.0,none,9104,0.6142959917724852
True,char_wb,"(2, 5)",3,False,0,10.0,none,9104,0.6142959917724852
True,char,"(3, 5)",2,True,0,0.3,none,18721,0.6141784425008832
True,char,"(3, 5)",2,True,100000,0.3,none,18721,0.6141784425008832
True,char_wb,"(2, 4)",3,False,0,10.0,balanced,7835,0.6141326895276947
True,char_wb,"(2, 4)",3,False,100000,10.0,balanced,7835,0.6141326895276947
False,char,"(3, 5)",2,False,100000,0.3,none,21031,0.6140342191147112
False,char,"(3, 5)",2,True,0,0.3,none,21031,0.6140342191147112
False,char,"(3, 5)",2,False,0,0.3,none,21031,0.6140342191147112
False,char,"(3, 5)",2,True,100000,0.3,none,21031,0.6140342191147112
True,char_wb,"(2, 3)",3,False,0,10.0,balanced,5797,0.6139384406430812
True,char_wb,"(2, 3)",3,False,100000,10.0,balanced,5797,0.6139384406430812
False,char,"(2, 4)",3,False,100000,0.3,balanced,10556,0.613689301577392
False,char,"(2, 4)",3,False,0,0.3,balanced,10556,0.613689301577392
True,char,"(2, 4)",3,True,0,3.0,none,9431,0.6136191096508024
True,char,"(2, 4)",3,True,100000,3.0,none,9431,0.6136191096508024
False,char,"(2, 4)",3,True,0,3.0,none,10556,0.6135974592179517
False,char,"(2, 4)",3,True,100000,3.0,none,10556,0.6135974592179517
False,char,"(2, 4)",3,True,0,0.3,balanced,10556,0.6134834192244509
False,char,"(2, 4)",3,True,100000,0.3,balanced,10556,0.6134834192244509
False,char_wb,"(2, 3)",1,False,100000,0.1,balanced,27740,0.6133118876169062
False,char_wb,"(2, 3)",1,False,0,0.1,balanced,27740,0.6133118876169062
True,char_wb,"(2, 4)",3,True,100000,10.0,balanced,7835,0.6131620903166957
True,char_wb,"(2, 4)",3,True,0,10.0,balanced,7835,0.6131620903166957
True,char_wb,"(3, 5)",3,False,0,1.0,none,6231,0.6128339196858354
True,char_wb,"(3, 5)",3,False,100000,1.0,none,6231,0.6128339196858354
True,char_wb,"(2, 4)",3,False,100000,10.0,none,7835,0.612829941039469
True,char_wb,"(2, 4)",3,False,0,10.0,none,7835,0.612829941039469
False,char,"(2, 3)",2,False,100000,0.1,balanced,12091,0.612811160037759
False,char,"(2, 3)",2,False,0,0.1,balanced,12091,0.612811160037759
True,char_wb,"(2, 5)",3,False,100000,0.1,balanced,9104,0.6126314398099816
True,char_wb,"(2, 5)",3,False,0,0.1,balanced,9104,0.6126314398099816
True,char,"(2, 4)",3,False,100000,3.0,none,9431,0.6126023866978205
True,char,"(2, 4)",3,False,0,3.0,none,9431,0.6126023866978205
True,char,"(3, 5)",2,False,0,1.0,none,18721,0.6124753486669021
True,char,"(3, 5)",2,False,100000,1.0,none,18721,0.6124753486669021
True,char,"(3, 5)",2,True,100000,1.0,none,18721,0.6124753486669021
True,char,"(3, 5)",2,True,0,1.0,none,18721,0.6124753486669021
True,char,"(2, 5)",3,True,100000,0.1,balanced,11988,0.6120110539929987
True,char,"(2, 5)",3,True,0,0.1,balanced,11988,0.6120110539929987
False,char,"(3, 5)",2,False,0,1.0,none,21031,0.6118478116175279
False,char,"(3, 5)",2,False,100000,1.0,none,21031,0.6118478116175279
False,char,"(2, 3)",2,True,0,0.1,balanced,12091,0.6118187894227723
False,char,"(2, 3)",2,True,100000,0.1,balanced,12091,0.6118187894227723
True,char,"(2, 4)",3,False,0,10.0,balanced,9431,0.6117188276038635
True,char,"(2, 4)",3,False,100000,10.0,balanced,9431,0.6117188276038635
True,char_wb,"(2, 4)",3,True,0,10.0,none,7835,0.6116798948790173
True,char_wb,"(2, 4)",3,True,100000,10.0,none,7835,0.6116798948790173
False,char,"(2, 4)",3,True,100000,10.0,none,10556,0.6115594201174039
False,char,"(2, 4)",3,True,0,10.0,none,10556,0.6115594201174039
False,char,"(3, 5)",2,True,100000,1.0,none,21031,0.6115250883637702
False,char,"(3, 5)",2,True,0,1.0,none,21031,0.6115250883637702
True,char_wb,"(2, 3)",3,False,100000,10.0,none,5797,0.6114572986808136
True,char_wb,"(2, 3)",3,False,0,10.0,none,5797,0.6114572986808136
True,char_wb,"(2, 4)",3,False,100000,0.1,balanced,7835,0.6113720957403052
True,char_wb,"(2, 4)",3,False,0,0.1,balanced,7835,0.6113720957403052
False,char_wb,"(3, 5)",3,False,100000,0.3,none,7641,0.6113484433481792
False,char_wb,"(3, 5)",3,False,0,0.3,none,7641,0.6113484433481792
False,char_wb,"(2, 4)",1,False,0,0.1,balanced,47115,0.6112712030455791
False,char_wb,"(2, 4)",1,True,100000,0.1,balanced,47115,0.6112712030455791
False,char_wb,"(2, 4)",1,False,100000,0.1,balanced,47115,0.6112712030455791
False,char_wb,"(2, 4)",1,True,0,0.1,balanced,47115,0.6112712030455791
True,char,"(2, 4)",3,True,0,10.0,balanced,9431,0.611260755173423
True,char,"(2, 4)",3,True,100000,10.0,balanced,9431,0.611260755173423
False,char,"(2, 3)",3,False,0,10.0,balanced,7158,0.6112225917211838
False,char,"(2, 3)",3,False,100000,10.0,balanced,7158,0.6112225917211838
False,char,"(2, 4)",3,False,100000,10.0,none,10556,0.6112198036386646
False,char,"(2, 4)",3,False,0,10.0,none,10556,0.6112198036386646
True,char,"(3, 5)",1,False,100000,0.3,none,73153,0.6107864223117645
True,char,"(3, 5)",1,False,0,0.3,none,73153,0.6107864223117645
False,char_wb,"(2, 5)",3,False,0,10.0,balanced,10987,0.6107274982855253
False,char_wb,"(2, 5)",3,False,100000,10.0,balanced,10987,0.6107274982855253
False,char_wb,"(2, 4)",2,False,100000,0.1,balanced,16214,0.6107234831628701
False,char_wb,"(2, 4)",2,False,0,0.1,balanced,16214,0.6107234831628701
True,char,"(3, 5)",2,False,100000,0.3,none,18721,0.6107052499228324
True,char,"(3, 5)",2,False,0,0.3,none,18721,0.6107052499228324
True,char_wb,"(3, 5)",3,False,100000,0.3,none,6231,0.6106818850201263
True,char_wb,"(3, 5)",3,False,0,0.3,none,6231,0.6106818850201263
False,char,"(2, 5)",3,True,100000,0.3,balanced,13470,0.6104463291486806
False,char,"(2, 5)",3,True,0,0.3,balanced,13470,0.6104463291486806
True,char_wb,"(3, 5)",3,True,0,1.0,none,6231,0.6103634351227286
True,char_wb,"(3, 5)",3,True,100000,1.0,none,6231,0.6103634351227286
False,char,"(2, 5)",3,False,100000,0.3,balanced,13470,0.6101635334412198
False,char,"(2, 5)",3,False,0,0.3,balanced,13470,0.6101635334412198
False,char_wb,"(2, 4)",2,True,0,0.1,balanced,16214,0.610050162541833
False,char_wb,"(2, 4)",2,True,100000,0.1,balanced,16214,0.610050162541833
False,char_wb,"(3, 5)",3,True,0,0.3,none,7641,0.6099128249629466
False,char_wb,"(3, 5)",3,True,100000,0.3,none,7641,0.6099128249629466
True,char,"(3, 5)",1,True,100000,0.3,none,73153,0.6098352809536057
True,char,"(3, 5)",1,True,0,0.3,none,73153,0.6098352809536057
True,char,"(2, 3)",3,True,100000,10.0,balanced,6365,0.6098177970252128
True,char,"(2, 3)",3,True,0,10.0,balanced,6365,0.6098177970252128
False,char_wb,"(2, 5)",3,True,100000,10.0,balanced,10987,0.609765178356249
False,char_wb,"(2, 5)",3,True,0,10.0,balanced,10987,0.609765178356249
False,char,"(2, 4)",1,False,100000,0.1,balanced,59904,0.6097041667829568
False,char,"(2, 4)",1,False,0,0.1,balanced,59904,0.6097041667829568
True,char_wb,"(2, 4)",1,True,0,0.1,none,37967,0.6096053251833176
True,char_wb,"(2, 4)",1,True,100000,0.1,none,37967,0.6096053251833176
True,char,"(2, 3)",3,False,0,10.0,balanced,6365,0.6095247639726651
True,char,"(2, 3)",3,False,100000,10.0,balanced,6365,0.6095247639726651
True,char,"(3, 5)",2,True,100000,10.0,balanced,18721,0.6094634627883802
True,char,"(3, 5)",2,True,0,10.0,balanced,18721,0.6094634627883802
True,char_wb,"(2, 4)",1,False,100000,0.1,none,37967,0.6094420165600465
True,char_wb,"(2, 4)",1,False,0,0.1,none,37967,0.6094420165600465
False,char,"(3, 5)",1,False,100000,3.0,none,82834,0.6091503576678825
False,char,"(3, 5)",1,False,0,3.0,none,82834,0.6091503576678825
False,char,"(3, 5)",1,True,0,3.0,none,82834,0.608994982506074
False,char,"(3, 5)",1,True,100000,3.0,none,82834,0.608994982506074
True,char,"(2, 3)",3,True,0,10.0,none,6365,0.6089793109007323
True,char,"(2, 3)",3,True,100000,10.0,none,6365,0.6089793109007323
True,char,"(2, 3)",3,False,0,10.0,none,6365,0.6089339820735218
True,char,"(2, 3)",3,False,100000,10.0,none,6365,0.6089339820735218
False,char_wb,"(2, 4)",2,True,100000,0.1,none,16214,0.6089253054463687
False,char_wb,"(2, 4)",2,True,0,0.1,none,16214,0.6089253054463687
False,char,"(2, 4)",1,True,100000,0.1,balanced,59904,0.6087835307703461
False,char,"(2, 4)",1,True,0,0.1,balanced,59904,0.6087835307703461
True,char,"(3, 5)",2,False,0,10.0,balanced,18721,0.6084477956124921
True,char,"(3, 5)",2,False,100000,10.0,balanced,18721,0.6084477956124921
False,char,"(2, 5)",3,False,100000,3.0,none,13470,0.6083923869737313
False,char,"(2, 5)",3,False,0,3.0,none,13470,0.6083923869737313
True,char_wb,"(3, 5)",2,False,0,0.3,balanced,12103,0.6083387940977607
True,char_wb,"(3, 5)",2,False,100000,0.3,balanced,12103,0.6083387940977607
True,char_wb,"(2, 5)",3,True,0,0.1,balanced,9104,0.6082553763257563
True,char_wb,"(2, 5)",3,True,100000,0.1,balanced,9104,0.6082553763257563
True,char_wb,"(2, 4)",3,True,100000,0.1,balanced,7835,0.6081959374755865
True,char_wb,"(2, 4)",3,True,0,0.1,balanced,7835,0.6081959374755865
True,char,"(3, 5)",2,False,0,0.3,balanced,18721,0.6081742770419635
True,char,"(3, 5)",2,False,100000,0.3,balanced,18721,0.6081742770419635
True,char_wb,"(2, 5)",1,True,100000,0.1,none,49285,0.6081528840328254
True,char_wb,"(2, 5)",1,True,0,0.1,none,49285,0.6081528840328254
False,char,"(2, 4)",3,False,0,3.0,none,10556,0.6080076346313911
False,char,"(2, 4)",3,False,100000,3.0,none,10556,0.6080076346313911
True,char_wb,"(3, 5)",2,True,100000,0.3,balanced,12103,0.6079558846771094
True,char_wb,"(3, 5)",2,True,0,0.3,balanced,12103,0.6079558846771094
False,char,"(3, 5)",1,True,100000,1.0,balanced,82834,0.6079033041764322
False,char,"(3, 5)",1,True,0,1.0,balanced,82834,0.6079033041764322
False,char,"(3, 5)",1,False,100000,1.0,balanced,82834,0.6079033041764322
False,char,"(3, 5)",1,False,0,1.0,balanced,82834,0.6079033041764322
True,char_wb,"(3, 5)",2,True,100000,10.0,balanced,12103,0.607604033405281
True,char_wb,"(3, 5)",2,True,0,10.0,balanced,12103,0.607604033405281
False,char_wb,"(2, 5)",2,False,100000,0.1,none,20050,0.607383377963335
False,char_wb,"(2, 5)",2,False,0,0.1,none,20050,0.607383377963335
True,char_wb,"(2, 5)",1,False,100000,0.1,none,49285,0.6071988713648223
True,char_wb,"(2, 5)",1,False,0,0.1,none,49285,0.6071988713648223
True,char,"(3, 5)",2,True,100000,0.3,balanced,18721,0.6071691577337042
True,char,"(3, 5)",2,True,0,0.3,balanced,18721,0.6071691577337042
False,char_wb,"(3, 5)",2,False,0,10.0,balanced,15141,0.6064273268805365
False,char_wb,"(3, 5)",2,False,100000,10.0,balanced,15141,0.6064273268805365
True,char_wb,"(3, 5)",2,False,0,1.0,balanced,12103,0.6063205179384125
True,char_wb,"(3, 5)",2,False,100000,1.0,balanced,12103,0.6063205179384125
False,char_wb,"(3, 5)",2,True,100000,10.0,balanced,15141,0.6061237504150109
False,char_wb,"(3, 5)",2,True,0,10.0,balanced,15141,0.6061237504150109
True,char_wb,"(3, 5)",2,False,0,10.0,balanced,12103,0.6060789333138636
True,char_wb,"(3, 5)",2,False,100000,10.0,balanced,12103,0.6060789333138636
True,char_wb,"(2, 3)",1,True,100000,0.1,none,23232,0.6059276306533545
True,char_wb,"(2, 3)",1,True,0,0.1,none,23232,0.6059276306533545
True,char_wb,"(3, 5)",2,True,100000,1.0,balanced,12103,0.6058347083440038
True,char_wb,"(3, 5)",2,True,0,1.0,balanced,12103,0.6058347083440038
True,char_wb,"(3, 5)",3,True,0,0.3,none,6231,0.6053521710504077
True,char_wb,"(3, 5)",3,True,100000,0.3,none,6231,0.6053521710504077
True,char,"(2, 5)",3,False,0,3.0,none,11988,0.6051920542116325
True,char,"(2, 5)",3,False,100000,3.0,none,11988,0.6051920542116325
False,char,"(2, 3)",3,True,100000,0.1,balanced,7158,0.6047711765622875
False,char,"(2, 3)",3,True,0,0.1,balanced,7158,0.6047711765622875
False,char_wb,"(2, 3)",3,False,100000,0.1,balanced,6706,0.6045309909375101
False,char_wb,"(2, 3)",3,False,0,0.1,balanced,6706,0.6045309909375101
False,char_wb,"(2, 5)",2,True,0,0.1,none,20050,0.6042711521917716
False,char_wb,"(2, 5)",2,True,100000,0.1,none,20050,0.6042711521917716
False,char_wb,"(3, 5)",2,True,0,1.0,balanced,15141,0.604256383464008
False,char_wb,"(3, 5)",2,False,100000,1.0,balanced,15141,0.604256383464008
False,char_wb,"(3, 5)",2,True,100000,1.0,balanced,15141,0.604256383464008
False,char_wb,"(3, 5)",2,False,0,1.0,balanced,15141,0.604256383464008
False,char_wb,"(2, 3)",3,True,100000,0.1,balanced,6706,0.6037411315838643
False,char_wb,"(2, 3)",3,True,0,0.1,balanced,6706,0.6037411315838643
True,char_wb,"(2, 4)",2,True,100000,0.1,none,13607,0.6035697687340568
True,char_wb,"(2, 4)",2,True,0,0.1,none,13607,0.6035697687340568
True,char_wb,"(2, 4)",2,False,0,0.1,none,13607,0.6035105610629174
True,char_wb,"(2, 4)",2,False,100000,0.1,none,13607,0.6035105610629174
True,char,"(2, 5)",3,True,100000,3.0,none,11988,0.6034119041881385
True,char,"(2, 5)",3,True,0,3.0,none,11988,0.6034119041881385
False,char,"(2, 3)",3,False,0,0.1,balanced,7158,0.6031660696567782
False,char,"(2, 3)",3,False,100000,0.1,balanced,7158,0.6031660696567782
False,char,"(3, 5)",2,True,100000,3.0,balanced,21031,0.6027814909035822
False,char,"(3, 5)",2,True,0,3.0,balanced,21031,0.6027814909035822
True,char,"(2, 4)",3,False,0,10.0,none,9431,0.6027160907605612
True,char,"(2, 4)",3,False,100000,10.0,none,9431,0.6027160907605612
True,char_wb,"(3, 5)",1,True,0,0.1,balanced,40766,0.6026914200870347
True,char_wb,"(3, 5)",1,True,100000,0.1,balanced,40766,0.6026914200870347
True,char,"(2, 5)",3,False,0,10.0,balanced,11988,0.6025120385168087
True,char,"(2, 5)",3,False,100000,10.0,balanced,11988,0.6025120385168087
False,char,"(3, 5)",2,True,100000,1.0,balanced,21031,0.6025061027717189
False,char,"(3, 5)",2,True,0,1.0,balanced,21031,0.6025061027717189
False,char,"(3, 5)",2,True,100000,10.0,none,21031,0.6024911239056105
False,char,"(3, 5)",2,False,0,10.0,none,21031,0.6024911239056105
False,char,"(3, 5)",2,True,0,10.0,none,21031,0.6024911239056105
False,char,"(3, 5)",2,False,100000,10.0,none,21031,0.6024911239056105
False,char_wb,"(3, 5)",3,False,0,1.0,none,7641,0.6024342039935444
False,char_wb,"(3, 5)",3,False,100000,1.0,none,7641,0.6024342039935444
False,char_wb,"(3, 5)",3,True,100000,1.0,none,7641,0.6024342039935444
False,char_wb,"(3, 5)",3,True,0,1.0,none,7641,0.6024342039935444
True,char,"(3, 5)",2,False,100000,10.0,none,18721,0.60235797733427
True,char,"(3, 5)",2,False,0,10.0,none,18721,0.60235797733427
True,char,"(3, 5)",2,True,0,10.0,none,18721,0.6023307398394585
True,char,"(3, 5)",2,True,100000,10.0,none,18721,0.6023307398394585
False,char_wb,"(2, 5)",2,False,0,0.1,balanced,20050,0.6018688797599758
False,char_wb,"(2, 5)",2,False,100000,0.1,balanced,20050,0.6018688797599758
False,char_wb,"(2, 5)",3,False,0,0.1,balanced,10987,0.6018047047604035
False,char_wb,"(2, 5)",3,False,100000,0.1,balanced,10987,0.6018047047604035
False,char_wb,"(2, 5)",1,True,0,0.1,balanced,64263,0.601577700653529
False,char_wb,"(2, 5)",1,True,100000,0.1,balanced,64263,0.601577700653529
True,char,"(2, 5)",3,True,100000,10.0,balanced,11988,0.6014682063542324
True,char,"(2, 5)",3,True,0,10.0,balanced,11988,0.6014682063542324
True,char,"(2, 4)",3,True,0,10.0,none,9431,0.6014228139441268
True,char,"(2, 4)",3,True,100000,10.0,none,9431,0.6014228139441268
False,char,"(3, 5)",2,False,0,3.0,balanced,21031,0.601268941219677
False,char,"(3, 5)",2,False,100000,3.0,balanced,21031,0.601268941219677
False,char,"(3, 5)",1,False,0,1.0,none,82834,0.6012010152049364
False,char,"(3, 5)",1,False,100000,1.0,none,82834,0.6012010152049364
True,char_wb,"(3, 5)",1,False,0,0.1,balanced,40766,0.6010728556442458
True,char_wb,"(3, 5)",1,False,100000,0.1,balanced,40766,0.6010728556442458
False,char,"(3, 5)",3,True,100000,0.3,none,10149,0.6008537564476949
False,char,"(3, 5)",3,True,0,0.3,none,10149,0.6008537564476949
False,char,"(2, 5)",1,False,100000,0.1,balanced,92607,0.6007938207358381
False,char,"(2, 5)",1,False,0,0.1,balanced,92607,0.6007938207358381
False,char_wb,"(2, 5)",2,True,100000,0.1,balanced,20050,0.6007278558446888
False,char_wb,"(2, 5)",2,True,0,0.1,balanced,20050,0.6007278558446888
False,char_wb,"(2, 4)",3,False,0,0.1,balanced,9223,0.6005607914832886
False,char_wb,"(2, 4)",3,True,0,0.1,balanced,9223,0.6005607914832886
False,char_wb,"(2, 4)",3,True,100000,0.1,balanced,9223,0.6005607914832886
False,char_wb,"(2, 4)",3,False,100000,0.1,balanced,9223,0.6005607914832886
False,char,"(2, 5)",1,True,100000,0.1,balanced,92607,0.6004939181661146
False,char,"(2, 5)",1,True,0,0.1,balanced,92607,0.6004939181661146
False,char_wb,"(2, 5)",3,True,100000,0.1,balanced,10987,0.6002247392113923
False,char_wb,"(2, 5)",3,True,0,0.1,balanced,10987,0.6002247392113923
False,char,"(2, 4)",2,False,0,0.1,balanced,19258,0.6001660713104027
False,char,"(2, 4)",2,False,100000,0.1,balanced,19258,0.6001660713104027
False,char,"(3, 5)",2,True,0,3.0,none,21031,0.5997801310250424
False,char,"(3, 5)",2,True,100000,3.0,none,21031,0.5997801310250424
False,char_wb,"(2, 5)",1,False,100000,0.1,balanced,64263,0.5996154773369966
False,char_wb,"(2, 5)",1,False,0,0.1,balanced,64263,0.5996154773369966
True,char_wb,"(2, 3)",2,True,0,0.1,none,9500,0.5995725202827984
True,char_wb,"(2, 3)",2,True,100000,0.1,none,9500,0.5995725202827984
False,char,"(3, 5)",1,True,0,1.0,none,82834,0.5994617021748587
False,char,"(3, 5)",1,True,100000,1.0,none,82834,0.5994617021748587
False,char,"(3, 5)",1,True,0,0.3,balanced,82834,0.5991286693538316
False,char,"(3, 5)",1,False,0,0.3,balanced,82834,0.5991286693538316
False,char,"(3, 5)",1,True,100000,0.3,balanced,82834,0.5991286693538316
False,char,"(3, 5)",1,False,100000,0.3,balanced,82834,0.5991286693538316
False,char_wb,"(3, 5)",2,False,0,10.0,none,15141,0.5989579493399586
False,char_wb,"(3, 5)",2,False,100000,10.0,none,15141,0.5989579493399586
False,char,"(3, 5)",2,False,0,1.0,balanced,21031,0.5985052244230145
False,char,"(3, 5)",2,False,100000,1.0,balanced,21031,0.5985052244230145
True,char_wb,"(2, 3)",2,False,100000,0.1,none,9500,0.5984048228544966
True,char_wb,"(2, 3)",2,False,0,0.1,none,9500,0.5984048228544966
True,char_wb,"(2, 4)",3,True,0,0.1,none,7835,0.5981991128830988
True,char_wb,"(2, 4)",3,True,100000,0.1,none,7835,0.5981991128830988
False,char,"(3, 5)",3,False,100000,0.3,none,10149,0.5980786330203975
False,char,"(3, 5)",3,False,0,0.3,none,10149,0.5980786330203975
False,char_wb,"(3, 5)",2,True,0,10.0,none,15141,0.5978107360369626
False,char_wb,"(3, 5)",2,True,100000,10.0,none,15141,0.5978107360369626
True,char_wb,"(3, 5)",2,True,100000,10.0,none,12103,0.5975459170945846
True,char_wb,"(3, 5)",2,True,0,10.0,none,12103,0.5975459170945846
True,char_wb,"(2, 5)",3,True,100000,0.1,none,9104,0.5974317946012427
True,char_wb,"(2, 5)",3,True,0,0.1,none,9104,0.5974317946012427
False,char,"(2, 4)",2,True,0,0.1,balanced,19258,0.5972633940780552
False,char,"(2, 4)",2,True,100000,0.1,balanced,19258,0.5972633940780552
True,char_wb,"(3, 5)",2,False,100000,10.0,none,12103,0.5971757857436976
True,char_wb,"(3, 5)",2,False,0,10.0,none,12103,0.5971757857436976
False,char,"(3, 5)",2,False,100000,3.0,none,21031,0.5969432060489963
False,char,"(3, 5)",2,False,0,3.0,none,21031,0.5969432060489963
False,char,"(3, 5)",2,True,100000,10.0,balanced,21031,0.5968363514294616
False,char,"(3, 5)",2,True,0,10.0,balanced,21031,0.5968363514294616
True,char_wb,"(2, 3)",3,True,0,0.1,none,5797,0.5966040243453657
True,char_wb,"(2, 3)",3,True,100000,0.1,none,5797,0.5966040243453657
False,char,"(3, 5)",2,False,0,10.0,balanced,21031,0.5961305580626821
False,char,"(3, 5)",2,False,100000,10.0,balanced,21031,0.5961305580626821
False,char,"(2, 5)",2,False,100000,0.1,balanced,25904,0.5957245994039468
False,char,"(2, 5)",2,False,0,0.1,balanced,25904,0.5957245994039468
True,char,"(3, 5)",3,False,0,0.3,none,9148,0.5953981668712156
True,char,"(3, 5)",3,True,100000,0.3,none,9148,0.5953981668712156
True,char,"(3, 5)",3,True,0,0.3,none,9148,0.5953981668712156
True,char,"(3, 5)",3,False,100000,0.3,none,9148,0.5953981668712156
True,char,"(3, 5)",1,False,100000,0.1,balanced,73153,0.5950231502444953
True,char,"(3, 5)",1,False,0,0.1,balanced,73153,0.5950231502444953
True,char_wb,"(2, 5)",3,False,0,0.1,none,9104,0.5948350483622257
True,char_wb,"(2, 5)",3,False,100000,0.1,none,9104,0.5948350483622257
True,char_wb,"(2, 3)",1,False,0,0.1,none,23232,0.5947648328660027
True,char_wb,"(2, 3)",1,False,100000,0.1,none,23232,0.5947648328660027
True,char,"(3, 5)",1,True,0,0.1,balanced,73153,0.5943068951839413
True,char,"(3, 5)",1,True,100000,0.1,balanced,73153,0.5943068951839413
True,char,"(2, 5)",3,True,100000,10.0,none,11988,0.5941471935100712
True,char,"(2, 5)",3,True,0,10.0,none,11988,0.5941471935100712
True,char_wb,"(3, 5)",3,True,100000,0.3,balanced,6231,0.5940033015735633
True,char_wb,"(3, 5)",3,False,100000,0.3,balanced,6231,0.5940033015735633
True,char_wb,"(3, 5)",3,False,0,0.3,balanced,6231,0.5940033015735633
True,char_wb,"(3, 5)",3,True,0,0.3,balanced,6231,0.5940033015735633
False,char_wb,"(3, 5)",2,True,100000,0.3,balanced,15141,0.5935751477419402
False,char_wb,"(3, 5)",2,True,0,0.3,balanced,15141,0.5935751477419402
False,char_wb,"(3, 5)",2,False,100000,0.3,balanced,15141,0.5935107690171557
False,char_wb,"(3, 5)",2,False,0,0.3,balanced,15141,0.5935107690171557
True,char_wb,"(2, 4)",3,False,0,0.1,none,7835,0.5934006120825459
True,char_wb,"(2, 4)",3,False,100000,0.1,none,7835,0.5934006120825459
False,char_wb,"(2, 4)",2,False,100000,0.1,none,16214,0.5933518625001363
False,char_wb,"(2, 4)",2,False,0,0.1,none,16214,0.5933518625001363
True,char_wb,"(2, 3)",3,False,100000,0.1,none,5797,0.592971694577438
True,char_wb,"(2, 3)",3,False,0,0.1,none,5797,0.592971694577438
False,char,"(3, 5)",2,False,0,0.3,balanced,21031,0.5926636291420906
False,char,"(3, 5)",2,True,0,0.3,balanced,21031,0.5926636291420906
False,char,"(3, 5)",2,False,100000,0.3,balanced,21031,0.5926636291420906
False,char,"(3, 5)",2,True,100000,0.3,balanced,21031,0.5926636291420906
False,char,"(2, 5)",2,True,0,0.1,balanced,25904,0.5926377425090366
False,char,"(2, 5)",2,True,100000,0.1,balanced,25904,0.5926377425090366
True,char,"(2, 5)",3,False,100000,10.0,none,11988,0.5926246472146539
True,char,"(2, 5)",3,False,0,10.0,none,11988,0.5926246472146539
False,char,"(2, 4)",3,True,0,0.1,balanced,10556,0.5918455848097929
False,char,"(2, 4)",3,True,100000,0.1,balanced,10556,0.5918455848097929
False,char,"(2, 4)",3,False,0,0.1,balanced,10556,0.5903781673714135
False,char,"(2, 4)",3,False,100000,0.1,balanced,10556,0.5903781673714135
True,char_wb,"(3, 5)",3,False,100000,1.0,balanced,6231,0.5903693578273188
True,char_wb,"(3, 5)",3,False,0,1.0,balanced,6231,0.5903693578273188
False,char,"(3, 5)",3,True,0,1.0,none,10149,0.5895005372443529
False,char,"(3, 5)",3,True,100000,1.0,none,10149,0.5895005372443529
False,char,"(3, 5)",3,False,100000,1.0,none,10149,0.5895005372443529
False,char,"(3, 5)",3,False,0,1.0,none,10149,0.5895005372443529
True,char_wb,"(3, 5)",1,False,0,0.1,none,40766,0.589343847654274
True,char_wb,"(3, 5)",1,False,100000,0.1,none,40766,0.589343847654274
True,char_wb,"(3, 5)",2,True,0,0.1,balanced,12103,0.5889430200111575
True,char_wb,"(3, 5)",2,True,100000,0.1,balanced,12103,0.5889430200111575
True,char_wb,"(3, 5)",2,False,100000,0.1,balanced,12103,0.5889430200111575
True,char_wb,"(3, 5)",2,False,0,0.1,balanced,12103,0.5889430200111575
False,char,"(3, 5)",3,False,0,1.0,balanced,10149,0.5889048875653339
False,char,"(3, 5)",3,True,0,1.0,balanced,10149,0.5889048875653339
False,char,"(3, 5)",3,False,100000,1.0,balanced,10149,0.5889048875653339
False,char,"(3, 5)",3,True,100000,1.0,balanced,10149,0.5889048875653339
True,char_wb,"(3, 5)",3,True,100000,1.0,balanced,6231,0.5877078023884165
True,char_wb,"(3, 5)",3,True,0,1.0,balanced,6231,0.5877078023884165
False,char_wb,"(2, 4)",1,True,100000,0.1,none,47115,0.5876520093696752
False,char_wb,"(2, 4)",1,True,0,0.1,none,47115,0.5876520093696752
False,char_wb,"(2, 4)",1,False,0,0.1,none,47115,0.5875019522945238
False,char_wb,"(2, 4)",1,False,100000,0.1,none,47115,0.5875019522945238
False,char_wb,"(2, 3)",1,False,0,0.1,none,27740,0.5871871891965169
False,char_wb,"(2, 3)",1,False,100000,0.1,none,27740,0.5871871891965169
True,char,"(3, 5)",3,False,100000,1.0,none,9148,0.587107157407343
True,char,"(3, 5)",3,False,0,1.0,none,9148,0.587107157407343
True,char_wb,"(3, 5)",1,True,0,0.1,none,40766,0.5868900850393681
True,char_wb,"(3, 5)",1,True,100000,0.1,none,40766,0.5868900850393681
False,char_wb,"(2, 3)",1,True,0,0.1,none,27740,0.5867843431603483
False,char_wb,"(2, 3)",1,True,100000,0.1,none,27740,0.5867843431603483
True,char_wb,"(3, 5)",2,False,0,0.1,none,12103,0.585722766898274
True,char_wb,"(3, 5)",2,False,100000,0.1,none,12103,0.585722766898274
True,char_wb,"(3, 5)",2,True,100000,0.1,none,12103,0.5855602457498472
True,char_wb,"(3, 5)",2,True,0,0.1,none,12103,0.5855602457498472
False,char,"(2, 5)",3,False,100000,0.1,balanced,13470,0.585484652717965
False,char,"(2, 5)",3,False,0,0.1,balanced,13470,0.585484652717965
True,word,"(1, 1)",1,True,100000,10.0,none,5060,0.5853176276393872
True,word,"(1, 1)",1,False,100000,10.0,none,5060,0.5853176276393872
True,word,"(1, 1)",1,True,0,10.0,none,5060,0.5853176276393872
True,word,"(1, 1)",1,False,0,10.0,none,5060,0.5853176276393872
False,char_wb,"(2, 4)",3,True,100000,0.1,none,9223,0.5852276163970137
False,char_wb,"(2, 4)",3,True,0,0.1,none,9223,0.5852276163970137
True,char,"(3, 5)",3,True,100000,1.0,none,9148,0.58517683777791
True,char,"(3, 5)",3,True,0,1.0,none,9148,0.58517683777791
True,char,"(3, 5)",3,False,100000,3.0,balanced,9148,0.5849925178770153
True,char,"(3, 5)",3,False,0,3.0,balanced,9148,0.5849925178770153
False,char_wb,"(3, 5)",3,False,100000,1.0,balanced,7641,0.5849683303592211
False,char_wb,"(3, 5)",3,False,0,1.0,balanced,7641,0.5849683303592211
True,word,"(1, 1)",1,False,0,3.0,balanced,5060,0.5849496982509244
True,word,"(1, 1)",1,False,100000,3.0,balanced,5060,0.5849496982509244
False,char,"(2, 3)",3,False,100000,0.1,none,7158,0.5848701112042842
False,char,"(2, 3)",3,False,0,0.1,none,7158,0.5848701112042842
False,char,"(2, 3)",3,True,100000,0.1,none,7158,0.5848518090296005
False,char,"(2, 3)",3,True,0,0.1,none,7158,0.5848518090296005
True,word,"(1, 1)",1,True,0,3.0,balanced,5060,0.5847643619804939
True,word,"(1, 1)",1,True,100000,3.0,balanced,5060,0.5847643619804939
False,char,"(2, 3)",2,False,100000,0.1,none,12091,0.584762876652341
False,char,"(2, 3)",2,True,100000,0.1,none,12091,0.584762876652341
False,char,"(2, 3)",2,False,0,0.1,none,12091,0.584762876652341
False,char,"(2, 3)",2,True,0,0.1,none,12091,0.584762876652341
False,char_wb,"(3, 5)",3,True,100000,1.0,balanced,7641,0.5846991792205048
False,char_wb,"(3, 5)",3,True,0,1.0,balanced,7641,0.5846991792205048
False,char_wb,"(2, 3)",2,False,100000,0.1,none,11070,0.5845816478926359
False,char_wb,"(2, 3)",2,False,0,0.1,none,11070,0.5845816478926359
True,char,"(3, 5)",2,False,0,0.1,balanced,18721,0.5845036976713821
True,char,"(3, 5)",2,False,100000,0.1,balanced,18721,0.5845036976713821
True,word,"(1, 1)",1,False,100000,10.0,balanced,5060,0.5841705438100784
True,word,"(1, 1)",1,True,100000,10.0,balanced,5060,0.5841705438100784
True,word,"(1, 1)",1,False,0,10.0,balanced,5060,0.5841705438100784
True,word,"(1, 1)",1,True,0,10.0,balanced,5060,0.5841705438100784
False,char_wb,"(2, 5)",1,False,0,0.1,none,64263,0.5840317103406931
False,char_wb,"(2, 5)",1,False,100000,0.1,none,64263,0.5840317103406931
False,char,"(2, 5)",3,True,0,0.1,balanced,13470,0.5838974019405735
False,char,"(2, 5)",3,True,100000,0.1,balanced,13470,0.5838974019405735
False,char_wb,"(2, 3)",2,True,100000,0.1,none,11070,0.5833036998731148
False,char_wb,"(2, 3)",2,True,0,0.1,none,11070,0.5833036998731148
True,char,"(2, 4)",1,True,0,0.1,none,52901,0.5831986763192409
True,char,"(2, 4)",1,True,100000,0.1,none,52901,0.5831986763192409
True,char_wb,"(3, 5)",3,True,0,3.0,none,6231,0.5831775242454936
True,char_wb,"(3, 5)",3,True,100000,3.0,none,6231,0.5831775242454936
False,char_wb,"(2, 4)",3,False,0,0.1,none,9223,0.5831528032403124
False,char_wb,"(2, 4)",3,False,100000,0.1,none,9223,0.5831528032403124
False,char_wb,"(2, 3)",3,False,0,0.1,none,6706,0.583058591298733
False,char_wb,"(2, 3)",3,False,100000,0.1,none,6706,0.583058591298733
True,char,"(3, 5)",2,True,0,0.1,balanced,18721,0.5827050681181267
True,char,"(3, 5)",2,True,100000,0.1,balanced,18721,0.5827050681181267
True,char_wb,"(3, 5)",3,False,100000,3.0,none,6231,0.5825014924387941
True,char_wb,"(3, 5)",3,False,0,3.0,none,6231,0.5825014924387941
False,char_wb,"(3, 5)",3,True,0,0.3,balanced,7641,0.5822508793539977
False,char_wb,"(3, 5)",3,True,100000,0.3,balanced,7641,0.5822508793539977
True,char,"(3, 5)",3,True,100000,3.0,none,9148,0.5821891959466565
True,char,"(3, 5)",3,True,0,3.0,none,9148,0.5821891959466565
False,char_wb,"(3, 5)",3,False,100000,0.3,balanced,7641,0.5819321773403804
False,char_wb,"(3, 5)",3,False,0,0.3,balanced,7641,0.5819321773403804
True,char,"(3, 5)",3,False,100000,10.0,none,9148,0.5818346020672762
True,char,"(3, 5)",3,False,0,10.0,none,9148,0.5818346020672762
False,char_wb,"(3, 5)",1,True,100000,0.1,balanced,54453,0.5817224238525115
False,char_wb,"(3, 5)",1,True,0,0.1,balanced,54453,0.5817224238525115
False,char_wb,"(3, 5)",1,False,100000,0.1,balanced,54453,0.581567582758646
False,char_wb,"(3, 5)",1,False,0,0.1,balanced,54453,0.581567582758646
True,char,"(3, 5)",3,True,100000,3.0,balanced,9148,0.5807083690099861
True,char,"(3, 5)",3,True,0,3.0,balanced,9148,0.5807083690099861
False,char,"(2, 3)",1,False,100000,0.1,none,31346,0.5806226160207572
False,char,"(2, 3)",1,False,0,0.1,none,31346,0.5806226160207572
False,char,"(2, 3)",1,True,100000,0.1,none,31346,0.5806226160207572
False,char,"(2, 3)",1,True,0,0.1,none,31346,0.5806226160207572
True,char,"(3, 5)",3,False,0,10.0,balanced,9148,0.5805007710537176
True,char,"(3, 5)",3,False,100000,10.0,balanced,9148,0.5805007710537176
True,char_wb,"(3, 5)",3,False,0,0.1,none,6231,0.5801981519669821
True,char_wb,"(3, 5)",3,False,100000,0.1,none,6231,0.5801981519669821
False,char_wb,"(2, 5)",1,True,100000,0.1,none,64263,0.5801512728561412
False,char_wb,"(2, 5)",1,True,0,0.1,none,64263,0.5801512728561412
True,char,"(3, 5)",3,False,100000,3.0,none,9148,0.5799148196947341
True,char,"(3, 5)",3,False,0,3.0,none,9148,0.5799148196947341
True,char,"(3, 5)",3,False,100000,1.0,balanced,9148,0.5791643245365777
True,char,"(3, 5)",3,False,0,1.0,balanced,9148,0.5791643245365777
False,char,"(2, 5)",2,False,0,0.1,none,25904,0.5790370136336984
False,char,"(2, 5)",2,False,100000,0.1,none,25904,0.5790370136336984
True,char,"(3, 5)",3,True,0,10.0,balanced,9148,0.5788541203321883
True,char,"(3, 5)",3,True,100000,10.0,balanced,9148,0.5788541203321883
True,char_wb,"(3, 5)",3,True,0,0.1,none,6231,0.5786372284421677
True,char_wb,"(3, 5)",3,True,100000,0.1,none,6231,0.5786372284421677
False,char_wb,"(3, 5)",3,True,100000,3.0,none,7641,0.5784233269986689
False,char_wb,"(3, 5)",3,True,0,3.0,none,7641,0.5784233269986689
True,word,"(1, 1)",1,False,100000,3.0,none,5060,0.5781384788882398
True,word,"(1, 1)",1,False,0,3.0,none,5060,0.5781384788882398
True,word,"(1, 1)",1,True,100000,3.0,none,5060,0.5781384788882398
True,word,"(1, 1)",1,True,0,3.0,none,5060,0.5781384788882398
False,char_wb,"(3, 5)",3,False,0,3.0,none,7641,0.5778798487377993
False,char_wb,"(3, 5)",3,False,100000,3.0,none,7641,0.5778798487377993
False,char,"(3, 5)",3,False,100000,0.3,balanced,10149,0.5777360886401562
False,char,"(3, 5)",3,True,0,0.3,balanced,10149,0.5777360886401562
False,char,"(3, 5)",3,False,0,0.3,balanced,10149,0.5777360886401562
False,char,"(3, 5)",3,True,100000,0.3,balanced,10149,0.5777360886401562
True,char,"(3, 5)",3,True,100000,10.0,none,9148,0.5775113338712872
True,char,"(3, 5)",3,True,0,10.0,none,9148,0.5775113338712872
True,char,"(3, 5)",3,True,100000,0.3,balanced,9148,0.5771945223721204
True,char,"(3, 5)",3,False,0,0.3,balanced,9148,0.5771945223721204
True,char,"(3, 5)",3,False,100000,0.3,balanced,9148,0.5771945223721204
True,char,"(3, 5)",3,True,0,0.3,balanced,9148,0.5771945223721204
False,char,"(2, 4)",2,True,100000,0.1,none,19258,0.5767552491645087
False,char,"(2, 4)",2,True,0,0.1,none,19258,0.5767552491645087
True,char,"(2, 4)",1,False,100000,0.1,none,52901,0.5766091572777248
True,char,"(2, 4)",1,False,0,0.1,none,52901,0.5766091572777248
False,char,"(2, 4)",2,False,100000,0.1,none,19258,0.5763235490062345
False,char,"(2, 4)",2,False,0,0.1,none,19258,0.5763235490062345
False,char,"(3, 5)",1,False,100000,0.3,none,82834,0.5762557759408952
False,char,"(3, 5)",1,True,0,0.3,none,82834,0.5762557759408952
False,char,"(3, 5)",1,False,0,0.3,none,82834,0.5762557759408952
False,char,"(3, 5)",1,True,100000,0.3,none,82834,0.5762557759408952
True,char,"(3, 5)",3,True,100000,1.0,balanced,9148,0.5761129060968613
True,char,"(3, 5)",3,True,0,1.0,balanced,9148,0.5761129060968613
False,char_wb,"(3, 5)",2,False,0,0.1,balanced,15141,0.5757297498546522
False,char_wb,"(3, 5)",2,False,100000,0.1,balanced,15141,0.5757297498546522
False,char_wb,"(3, 5)",2,True,100000,0.1,balanced,15141,0.5742889391244452
False,char_wb,"(3, 5)",2,True,0,0.1,balanced,15141,0.5742889391244452
True,word,"(1, 1)",1,True,0,1.0,none,5060,0.5738895959675505
True,word,"(1, 1)",1,True,100000,1.0,none,5060,0.5738895959675505
True,word,"(1, 1)",1,False,100000,1.0,none,5060,0.5738895959675505
True,word,"(1, 1)",1,False,0,1.0,none,5060,0.5738895959675505
False,char_wb,"(3, 5)",3,True,100000,3.0,balanced,7641,0.5731744927227875
False,char_wb,"(3, 5)",3,True,0,3.0,balanced,7641,0.5731744927227875
True,char,"(3, 5)",3,True,100000,0.1,balanced,9148,0.5729220875692909
True,char,"(3, 5)",3,True,0,0.1,balanced,9148,0.5729220875692909
True,char_wb,"(3, 5)",3,True,0,0.1,balanced,6231,0.5725981379522533
True,char_wb,"(3, 5)",3,True,100000,0.1,balanced,6231,0.5725981379522533
True,char,"(3, 5)",3,False,0,0.1,balanced,9148,0.5724796446583993
True,char,"(3, 5)",3,False,100000,0.1,balanced,9148,0.5724796446583993
True,char_wb,"(3, 5)",3,False,100000,0.1,balanced,6231,0.5724758625668201
True,char_wb,"(3, 5)",3,False,0,0.1,balanced,6231,0.5724758625668201
False,char,"(2, 4)",1,True,0,0.1,none,59904,0.572347805562628
False,char,"(2, 4)",1,True,100000,0.1,none,59904,0.572347805562628
False,char_wb,"(2, 3)",3,True,0,0.1,none,6706,0.5723471994745251
False,char_wb,"(2, 3)",3,True,100000,0.1,none,6706,0.5723471994745251
True,char,"(2, 3)",1,False,0,0.1,none,27540,0.5719605805758465
True,char,"(2, 3)",1,False,100000,0.1,none,27540,0.5719605805758465
False,char,"(3, 5)",3,True,100000,3.0,balanced,10149,0.571742090699088
False,char,"(3, 5)",3,True,0,3.0,balanced,10149,0.571742090699088
False,char_wb,"(2, 5)",3,True,100000,0.1,none,10987,0.5714737953506647
False,char_wb,"(2, 5)",3,True,0,0.1,none,10987,0.5714737953506647
False,char,"(2, 5)",3,False,100000,0.1,none,13470,0.5714316891505776
False,char,"(2, 5)",3,False,0,0.1,none,13470,0.5714316891505776
False,char_wb,"(3, 5)",3,False,100000,3.0,balanced,7641,0.5712755583238531
False,char_wb,"(3, 5)",3,False,0,3.0,balanced,7641,0.5712755583238531
False,word,"(1, 1)",1,False,100000,3.0,balanced,5180,0.571198012931505
False,word,"(1, 1)",1,False,0,3.0,balanced,5180,0.571198012931505
True,char,"(2, 3)",1,True,100000,0.1,none,27540,0.5710421832735489
True,char,"(2, 3)",1,True,0,0.1,none,27540,0.5710421832735489
False,word,"(1, 1)",1,True,100000,3.0,balanced,5180,0.5709415814861996
False,word,"(1, 1)",1,True,0,3.0,balanced,5180,0.5709415814861996
False,word,"(1, 1)",1,False,0,10.0,none,5180,0.5705708280337289
False,word,"(1, 1)",1,True,100000,10.0,none,5180,0.5705708280337289
False,word,"(1, 1)",1,True,0,10.0,none,5180,0.5705708280337289
False,word,"(1, 1)",1,False,100000,10.0,none,5180,0.5705708280337289
True,char,"(2, 5)",2,True,100000,0.1,none,22922,0.5704690134205496
True,char,"(2, 5)",2,True,0,0.1,none,22922,0.5704690134205496
False,char,"(2, 5)",2,True,100000,0.1,none,25904,0.570318183659249
False,char,"(2, 5)",2,True,0,0.1,none,25904,0.570318183659249
False,char,"(3, 5)",3,False,0,3.0,balanced,10149,0.570189270164295
False,char,"(3, 5)",3,False,100000,3.0,balanced,10149,0.570189270164295
False,char,"(2, 4)",1,False,0,0.1,none,59904,0.5699230837441686
False,char,"(2, 4)",1,False,100000,0.1,none,59904,0.5699230837441686
False,char_wb,"(2, 5)",3,False,100000,0.1,none,10987,0.5698191637336458
False,char_wb,"(2, 5)",3,False,0,0.1,none,10987,0.5698191637336458
True,char,"(2, 3)",3,True,100000,0.1,none,6365,0.5694240235438947
True,char,"(2, 3)",3,True,0,0.1,none,6365,0.5694240235438947
False,char,"(3, 5)",2,True,100000,0.1,balanced,21031,0.5690221976457477
False,char,"(3, 5)",2,True,0,0.1,balanced,21031,0.5690221976457477
False,word,"(1, 1)",1,False,0,10.0,balanced,5180,0.5685492980811471
False,word,"(1, 1)",1,False,100000,10.0,balanced,5180,0.5685492980811471
False,word,"(1, 1)",1,True,100000,10.0,balanced,5180,0.5685492980811471
False,word,"(1, 1)",1,True,0,10.0,balanced,5180,0.5685492980811471
True,char,"(2, 3)",2,True,0,0.1,none,10702,0.5684469437634919
True,char,"(2, 3)",2,True,100000,0.1,none,10702,0.5684469437634919
True,char,"(2, 3)",2,False,0,0.1,none,10702,0.5684469437634919
True,char,"(2, 3)",2,False,100000,0.1,none,10702,0.5684469437634919
True,char_wb,"(3, 5)",3,False,0,3.0,balanced,6231,0.5681691207229564
True,char_wb,"(3, 5)",3,False,100000,3.0,balanced,6231,0.5681691207229564
True,char,"(2, 4)",2,False,0,0.1,none,17100,0.568067088247328
True,char,"(2, 4)",2,False,100000,0.1,none,17100,0.568067088247328
True,char,"(3, 5)",2,False,0,0.1,none,18721,0.5680415839575031
True,char,"(3, 5)",2,True,100000,0.1,none,18721,0.5680415839575031
True,char,"(3, 5)",2,True,0,0.1,none,18721,0.5680415839575031
True,char,"(3, 5)",2,False,100000,0.1,none,18721,0.5680415839575031
True,char,"(2, 4)",2,True,0,0.1,none,17100,0.5679571304853013
True,char,"(2, 4)",2,True,100000,0.1,none,17100,0.5679571304853013
True,char_wb,"(3, 5)",3,True,100000,3.0,balanced,6231,0.567872654178881
True,char_wb,"(3, 5)",3,True,0,3.0,balanced,6231,0.567872654178881
False,char,"(3, 5)",2,False,0,0.1,balanced,21031,0.5673091131462775
False,char,"(3, 5)",2,False,100000,0.1,balanced,21031,0.5673091131462775
False,char,"(2, 4)",3,True,0,0.1,none,10556,0.5668947953718099
False,char,"(2, 4)",3,True,100000,0.1,none,10556,0.5668947953718099
False,char,"(2, 4)",3,False,0,0.1,none,10556,0.5659654081023392
False,char,"(2, 4)",3,False,100000,0.1,none,10556,0.5659654081023392
True,char,"(2, 5)",2,False,0,0.1,none,22922,0.5659193820300807
True,char,"(2, 5)",2,False,100000,0.1,none,22922,0.5659193820300807
True,char_wb,"(3, 5)",3,False,100000,10.0,none,6231,0.5640282486563846
True,char_wb,"(3, 5)",3,False,0,10.0,none,6231,0.5640282486563846
True,char_wb,"(3, 5)",3,True,0,10.0,none,6231,0.5639249598155777
True,char_wb,"(3, 5)",3,True,100000,10.0,none,6231,0.5639249598155777
True,char,"(2, 3)",3,False,100000,0.1,none,6365,0.5636735348504732
True,char,"(2, 3)",3,False,0,0.1,none,6365,0.5636735348504732
False,char_wb,"(3, 5)",3,True,100000,10.0,balanced,7641,0.5636372646194959
False,char_wb,"(3, 5)",3,True,0,10.0,balanced,7641,0.5636372646194959
False,char_wb,"(3, 5)",3,False,100000,10.0,balanced,7641,0.5636272641193508
False,char_wb,"(3, 5)",3,False,0,10.0,balanced,7641,0.5636272641193508
False,word,"(1, 2)",1,False,100000,10.0,balanced,13205,0.5633891566506861
False,word,"(1, 2)",1,False,0,10.0,balanced,13205,0.5633891566506861
False,char,"(2, 5)",3,True,0,0.1,none,13470,0.5627146150625914
False,char,"(2, 5)",3,True,100000,0.1,none,13470,0.5627146150625914
False,char,"(3, 5)",3,True,100000,3.0,none,10149,0.5620173395527177
False,char,"(3, 5)",3,True,0,3.0,none,10149,0.5620173395527177
False,word,"(1, 2)",1,True,0,10.0,balanced,13205,0.5617098015230552
False,word,"(1, 2)",1,True,100000,10.0,balanced,13205,0.5617098015230552
True,word,"(1, 1)",1,True,0,0.3,none,5060,0.5616961754180626
True,word,"(1, 1)",1,True,100000,0.3,none,5060,0.5616961754180626
True,word,"(1, 1)",1,False,100000,0.3,none,5060,0.5616961754180626
True,word,"(1, 1)",1,False,0,0.3,none,5060,0.5616961754180626
True,char_wb,"(3, 5)",3,False,100000,10.0,balanced,6231,0.5613017601501475
True,char_wb,"(3, 5)",3,False,0,10.0,balanced,6231,0.5613017601501475
False,char,"(3, 5)",3,False,0,3.0,none,10149,0.5612040306174325
False,char,"(3, 5)",3,False,100000,3.0,none,10149,0.5612040306174325
True,char_wb,"(3, 5)",3,True,100000,10.0,balanced,6231,0.5611017731786146
True,char_wb,"(3, 5)",3,True,0,10.0,balanced,6231,0.5611017731786146
True,char,"(2, 5)",1,True,0,0.1,none,81633,0.5608340559793674
True,char,"(2, 5)",1,False,100000,0.1,none,81633,0.5608340559793674
True,char,"(2, 5)",1,True,100000,0.1,none,81633,0.5608340559793674
True,char,"(2, 5)",1,False,0,0.1,none,81633,0.5608340559793674
False,word,"(1, 2)",1,True,0,10.0,none,13205,0.5604731095305697
False,word,"(1, 2)",1,True,100000,10.0,none,13205,0.5604731095305697
False,char,"(3, 5)",3,True,0,10.0,none,10149,0.5599970340094683
False,char,"(3, 5)",3,True,100000,10.0,none,10149,0.5599970340094683
False,char_wb,"(3, 5)",2,False,0,0.1,none,15141,0.5595642537433865
False,char_wb,"(3, 5)",2,False,100000,0.1,none,15141,0.5595642537433865
True,char,"(2, 4)",3,True,100000,0.1,none,9431,0.5593553214135205
True,char,"(2, 4)",3,True,0,0.1,none,9431,0.5593553214135205
True,char,"(2, 4)",3,False,0,0.1,none,9431,0.5593553214135205
True,char,"(2, 4)",3,False,100000,0.1,none,9431,0.5593553214135205
True,word,"(1, 2)",1,False,100000,10.0,none,12433,0.5593512399859331
True,word,"(1, 2)",1,False,0,10.0,none,12433,0.5593512399859331
True,word,"(1, 2)",1,True,0,10.0,none,12433,0.5591662095790351
True,word,"(1, 2)",1,True,100000,10.0,none,12433,0.5591662095790351
True,word,"(1, 2)",1,False,0,3.0,balanced,12433,0.5590006300729782
True,word,"(1, 2)",1,True,0,3.0,balanced,12433,0.5590006300729782
True,word,"(1, 2)",1,True,100000,3.0,balanced,12433,0.5590006300729782
True,word,"(1, 2)",1,False,100000,3.0,balanced,12433,0.5590006300729782
False,char_wb,"(3, 5)",2,True,0,0.1,none,15141,0.5588777119526351
False,char_wb,"(3, 5)",2,True,100000,0.1,none,15141,0.5588777119526351
False,char,"(3, 5)",3,True,0,0.1,balanced,10149,0.5585307535396001
False,char,"(3, 5)",3,True,100000,0.1,balanced,10149,0.5585307535396001
False,char,"(3, 5)",3,False,0,0.1,balanced,10149,0.5585069440157906
False,char,"(3, 5)",3,False,100000,0.1,balanced,10149,0.5585069440157906
False,word,"(1, 1)",1,True,0,3.0,none,5180,0.5578453948606885
False,word,"(1, 1)",1,True,100000,3.0,none,5180,0.5578453948606885
False,word,"(1, 1)",1,False,100000,3.0,none,5180,0.5578453948606885
False,word,"(1, 1)",1,False,0,3.0,none,5180,0.5578453948606885
False,word,"(1, 2)",1,False,100000,10.0,none,13205,0.5577523973518931
False,word,"(1, 2)",1,False,0,10.0,none,13205,0.5577523973518931
False,char,"(3, 5)",3,False,100000,10.0,none,10149,0.5573536924820037
False,char,"(3, 5)",3,False,0,10.0,none,10149,0.5573536924820037
True,word,"(1, 1)",1,True,0,1.0,balanced,5060,0.557142596017391
True,word,"(1, 1)",1,True,100000,1.0,balanced,5060,0.557142596017391
False,word,"(1, 2)",1,True,100000,3.0,none,13205,0.5571252503896175
False,word,"(1, 2)",1,False,100000,3.0,none,13205,0.5571252503896175
False,word,"(1, 2)",1,False,0,3.0,none,13205,0.5571252503896175
False,word,"(1, 2)",1,True,0,3.0,none,13205,0.5571252503896175
False,word,"(1, 2)",1,True,0,1.0,none,13205,0.5568423654843364
False,word,"(1, 2)",1,False,0,1.0,none,13205,0.5568423654843364
False,word,"(1, 2)",1,True,100000,1.0,none,13205,0.5568423654843364
False,word,"(1, 2)",1,False,100000,1.0,none,13205,0.5568423654843364
False,word,"(1, 2)",1,False,100000,3.0,balanced,13205,0.556676495221238
False,word,"(1, 2)",1,True,100000,3.0,balanced,13205,0.556676495221238
False,word,"(1, 2)",1,False,0,3.0,balanced,13205,0.556676495221238
False,word,"(1, 2)",1,True,0,3.0,balanced,13205,0.556676495221238
False,char_wb,"(3, 5)",3,False,100000,10.0,none,7641,0.5564056136550474
False,char_wb,"(3, 5)",3,True,0,10.0,none,7641,0.5564056136550474
False,char_wb,"(3, 5)",3,True,100000,10.0,none,7641,0.5564056136550474
False,char_wb,"(3, 5)",3,False,0,10.0,none,7641,0.5564056136550474
False,char,"(2, 5)",1,False,0,0.1,none,92607,0.5563270965581609
False,char,"(2, 5)",1,False,100000,0.1,none,92607,0.5563270965581609
False,char,"(2, 5)",1,True,0,0.1,none,92607,0.5562441786893602
False,char,"(2, 5)",1,True,100000,0.1,none,92607,0.5562441786893602
False,char,"(3, 5)",1,False,0,0.1,balanced,82834,0.555908389152756
False,char,"(3, 5)",1,False,100000,0.1,balanced,82834,0.555908389152756
False,word,"(1, 1)",1,False,0,1.0,none,5180,0.555894871436817
False,word,"(1, 1)",1,False,100000,1.0,none,5180,0.555894871436817
True,char,"(2, 5)",3,True,100000,0.1,none,11988,0.5558867880732207
True,char,"(2, 5)",3,True,0,0.1,none,11988,0.5558867880732207
True,word,"(1, 1)",1,False,0,1.0,balanced,5060,0.5558747226394259
True,word,"(1, 1)",1,False,100000,1.0,balanced,5060,0.5558747226394259
False,char_wb,"(3, 5)",3,False,100000,0.1,none,7641,0.555720189221301
False,char_wb,"(3, 5)",3,False,0,0.1,none,7641,0.555720189221301
False,word,"(1, 1)",1,True,0,1.0,none,5180,0.5556758360862029
False,word,"(1, 1)",1,True,100000,1.0,none,5180,0.5556758360862029
False,char_wb,"(3, 5)",3,True,100000,0.1,none,7641,0.5555533832058608
False,char_wb,"(3, 5)",3,True,0,0.1,none,7641,0.5555533832058608
True,word,"(1, 2)",1,False,100000,10.0,balanced,12433,0.5554232233602853
True,word,"(1, 2)",1,False,0,10.0,balanced,12433,0.5554232233602853
True,word,"(1, 2)",1,True,0,10.0,balanced,12433,0.5552381929533873
True,word,"(1, 2)",1,True,100000,10.0,balanced,12433,0.5552381929533873
False,char_wb,"(3, 5)",1,True,100000,0.1,none,54453,0.5548645428733324
False,char_wb,"(3, 5)",1,True,0,0.1,none,54453,0.5548645428733324
False,char_wb,"(3, 5)",1,False,100000,0.1,none,54453,0.5548645428733324
False,char_wb,"(3, 5)",1,False,0,0.1,none,54453,0.5548645428733324
False,char,"(3, 5)",1,True,100000,0.1,balanced,82834,0.5546936981184352
False,char,"(3, 5)",1,True,0,0.1,balanced,82834,0.5546936981184352
False,char_wb,"(3, 5)",3,False,0,0.1,balanced,7641,0.5542429802168118
False,char_wb,"(3, 5)",3,False,100000,0.1,balanced,7641,0.5542429802168118
False,char_wb,"(3, 5)",3,True,0,0.1,balanced,7641,0.5540754729122004
False,char_wb,"(3, 5)",3,True,100000,0.1,balanced,7641,0.5540754729122004
True,char,"(3, 5)",3,False,0,0.1,none,9148,0.5540619462665172
True,char,"(3, 5)",3,False,100000,0.1,none,9148,0.5540619462665172
True,char,"(2, 5)",3,False,0,0.1,none,11988,0.5535731040962878
True,char,"(2, 5)",3,False,100000,0.1,none,11988,0.5535731040962878
True,char,"(3, 5)",3,True,100000,0.1,none,9148,0.553051312843283
True,char,"(3, 5)",3,True,0,0.1,none,9148,0.553051312843283
True,word,"(1, 1)",1,True,0,0.3,balanced,5060,0.5526277570586764
True,word,"(1, 1)",1,False,100000,0.3,balanced,5060,0.5526277570586764
True,word,"(1, 1)",1,False,0,0.3,balanced,5060,0.5526277570586764
True,word,"(1, 1)",1,True,100000,0.3,balanced,5060,0.5526277570586764
False,word,"(1, 1)",1,False,0,1.0,balanced,5180,0.5523902075709922
False,word,"(1, 1)",1,False,100000,1.0,balanced,5180,0.5523902075709922
False,word,"(1, 1)",1,True,100000,1.0,balanced,5180,0.5523902075709922
False,word,"(1, 1)",1,True,0,1.0,balanced,5180,0.5523902075709922
False,word,"(1, 2)",1,False,0,1.0,balanced,13205,0.5520347084832207
False,word,"(1, 2)",1,False,100000,1.0,balanced,13205,0.5520347084832207
False,word,"(1, 2)",1,True,0,1.0,balanced,13205,0.5518868502531706
False,word,"(1, 2)",1,True,100000,1.0,balanced,13205,0.5518868502531706
True,word,"(1, 2)",1,False,0,3.0,none,12433,0.5507616901591086
True,word,"(1, 2)",1,True,0,3.0,none,12433,0.5507616901591086
True,word,"(1, 2)",1,True,100000,3.0,none,12433,0.5507616901591086
True,word,"(1, 2)",1,False,100000,3.0,none,12433,0.5507616901591086
False,char,"(3, 5)",3,False,100000,10.0,balanced,10149,0.5501651123903831
False,char,"(3, 5)",3,False,0,10.0,balanced,10149,0.5501651123903831
False,char,"(3, 5)",3,True,100000,10.0,balanced,10149,0.5501651123903831
False,char,"(3, 5)",3,True,0,10.0,balanced,10149,0.5501651123903831
False,char,"(3, 5)",2,True,100000,0.1,none,21031,0.5465104787537791
False,char,"(3, 5)",2,True,0,0.1,none,21031,0.5465104787537791
False,char,"(3, 5)",2,False,0,0.1,none,21031,0.5463379532831271
False,char,"(3, 5)",2,False,100000,0.1,none,21031,0.5463379532831271
False,word,"(1, 2)",1,True,0,0.3,balanced,13205,0.5452157959072004
False,word,"(1, 2)",1,True,100000,0.3,balanced,13205,0.5452157959072004
False,word,"(1, 1)",1,True,100000,0.3,none,5180,0.5451565232679942
False,word,"(1, 1)",1,True,0,0.3,none,5180,0.5451565232679942
True,word,"(1, 2)",1,True,0,1.0,balanced,12433,0.5451156174171576
True,word,"(1, 2)",1,True,100000,1.0,balanced,12433,0.5451156174171576
True,word,"(1, 2)",1,False,0,1.0,balanced,12433,0.5449930906856169
True,word,"(1, 2)",1,False,100000,1.0,balanced,12433,0.5449930906856169
False,word,"(1, 2)",1,False,100000,0.3,balanced,13205,0.5446337246806221
False,word,"(1, 2)",1,False,0,0.3,balanced,13205,0.5446337246806221
False,word,"(1, 1)",1,False,0,0.3,none,5180,0.5445381031057762
False,word,"(1, 1)",1,False,100000,0.3,none,5180,0.5445381031057762
True,word,"(1, 2)",1,False,100000,1.0,none,12433,0.5418223977071207
True,word,"(1, 2)",1,False,0,1.0,none,12433,0.5418223977071207
True,word,"(1, 2)",1,True,0,1.0,none,12433,0.5418069957809051
True,word,"(1, 2)",1,True,100000,1.0,none,12433,0.5418069957809051
False,word,"(1, 1)",1,False,100000,0.3,balanced,5180,0.5400430043383407
False,word,"(1, 1)",1,True,0,0.3,balanced,5180,0.5400430043383407
False,word,"(1, 1)",1,False,0,0.3,balanced,5180,0.5400430043383407
False,word,"(1, 1)",1,True,100000,0.3,balanced,5180,0.5400430043383407
True,word,"(1, 2)",1,True,0,0.3,balanced,12433,0.5381076166030884
True,word,"(1, 2)",1,False,100000,0.3,balanced,12433,0.5381076166030884
True,word,"(1, 2)",1,False,0,0.3,balanced,12433,0.5381076166030884
True,word,"(1, 2)",1,True,100000,0.3,balanced,12433,0.5381076166030884
False,word,"(1, 2)",1,True,0,0.3,none,13205,0.5362188658850198
False,word,"(1, 2)",1,True,100000,0.3,none,13205,0.5362188658850198
False,word,"(1, 2)",1,False,100000,0.3,none,13205,0.536107965057873
False,word,"(1, 2)",1,False,0,0.3,none,13205,0.536107965057873
True,char,"(3, 5)",1,True,100000,0.1,none,73153,0.5353741334818746
True,char,"(3, 5)",1,False,0,0.1,none,73153,0.5353741334818746
True,char,"(3, 5)",1,False,100000,0.1,none,73153,0.5353741334818746
True,char,"(3, 5)",1,True,0,0.1,none,73153,0.5353741334818746
False,char,"(3, 5)",3,False,100000,0.1,none,10149,0.5348037540332614
False,char,"(3, 5)",3,True,100000,0.1,none,10149,0.5348037540332614
False,char,"(3, 5)",3,False,0,0.1,none,10149,0.5348037540332614
False,char,"(3, 5)",3,True,0,0.1,none,10149,0.5348037540332614
False,word,"(1, 2)",2,True,0,1.0,none,2400,0.5326186364182643
False,word,"(1, 2)",2,True,100000,1.0,none,2400,0.5326186364182643
True,word,"(1, 2)",1,True,0,0.3,none,12433,0.5325413167746085
True,word,"(1, 2)",1,False,100000,0.3,none,12433,0.5325413167746085
True,word,"(1, 2)",1,False,0,0.3,none,12433,0.5325413167746085
True,word,"(1, 2)",1,True,100000,0.3,none,12433,0.5325413167746085
False,word,"(1, 2)",2,False,100000,1.0,none,2400,0.5308473608667766
False,word,"(1, 2)",2,False,0,1.0,none,2400,0.5308473608667766
False,char,"(3, 5)",1,False,100000,0.1,none,82834,0.5297612856756089
False,char,"(3, 5)",1,True,100000,0.1,none,82834,0.5297612856756089
False,char,"(3, 5)",1,False,0,0.1,none,82834,0.5297612856756089
False,char,"(3, 5)",1,True,0,0.1,none,82834,0.5297612856756089
False,word,"(1, 1)",2,True,100000,1.0,none,1333,0.5282158678235181
False,word,"(1, 1)",2,True,0,1.0,none,1333,0.5282158678235181
False,word,"(1, 1)",2,False,0,1.0,none,1333,0.5261923261181524
False,word,"(1, 1)",2,False,100000,1.0,none,1333,0.5261923261181524
False,word,"(1, 1)",2,True,0,0.3,none,1333,0.5231653363629538
False,word,"(1, 1)",2,True,100000,0.3,none,1333,0.5231653363629538
False,word,"(1, 2)",2,True,100000,1.0,balanced,2400,0.5225916787916718
False,word,"(1, 2)",2,False,100000,1.0,balanced,2400,0.5225916787916718
False,word,"(1, 2)",2,True,0,1.0,balanced,2400,0.5225916787916718
False,word,"(1, 2)",2,False,0,1.0,balanced,2400,0.5225916787916718
False,word,"(1, 1)",2,False,100000,0.3,none,1333,0.5219545925613011
False,word,"(1, 1)",2,False,0,0.3,none,1333,0.5219545925613011
False,word,"(1, 1)",2,False,100000,1.0,balanced,1333,0.5206688603108829
False,word,"(1, 1)",2,True,0,1.0,balanced,1333,0.5206688603108829
False,word,"(1, 1)",2,False,0,1.0,balanced,1333,0.5206688603108829
False,word,"(1, 1)",2,True,100000,1.0,balanced,1333,0.5206688603108829
False,word,"(1, 2)",2,True,100000,0.3,none,2400,0.5206597868402775
False,word,"(1, 2)",2,False,0,0.3,none,2400,0.5206597868402775
False,word,"(1, 2)",2,True,0,0.3,none,2400,0.5206597868402775
False,word,"(1, 2)",2,False,100000,0.3,none,2400,0.5206597868402775
False,word,"(1, 2)",2,False,0,0.3,balanced,2400,0.520511610586279
False,word,"(1, 2)",2,False,100000,0.3,balanced,2400,0.520511610586279
False,word,"(1, 2)",2,True,0,0.3,balanced,2400,0.5202515075924763
False,word,"(1, 2)",2,True,100000,0.3,balanced,2400,0.5202515075924763
False,word,"(1, 2)",2,False,100000,3.0,none,2400,0.5196140353230754
False,word,"(1, 2)",2,False,0,3.0,none,2400,0.5196140353230754
True,word,"(1, 1)",2,False,100000,1.0,none,1291,0.5193731019083593
True,word,"(1, 1)",2,True,100000,1.0,none,1291,0.5193731019083593
True,word,"(1, 1)",2,False,0,1.0,none,1291,0.5193731019083593
True,word,"(1, 1)",2,True,0,1.0,none,1291,0.5193731019083593
False,word,"(1, 1)",2,False,100000,3.0,none,1333,0.5181578689933856
False,word,"(1, 1)",2,False,0,3.0,none,1333,0.5181578689933856
False,word,"(1, 1)",2,True,100000,3.0,none,1333,0.5174695459537466
False,word,"(1, 1)",2,True,0,3.0,none,1333,0.5174695459537466
False,word,"(1, 2)",2,True,0,3.0,none,2400,0.5160280138176989
False,word,"(1, 2)",2,True,100000,3.0,none,2400,0.5160280138176989
True,word,"(1, 1)",2,True,0,3.0,none,1291,0.5153971019804251
True,word,"(1, 1)",2,True,100000,3.0,none,1291,0.5153971019804251
True,word,"(1, 1)",2,False,100000,3.0,none,1291,0.5153971019804251
True,word,"(1, 1)",2,False,0,3.0,none,1291,0.5153971019804251
True,word,"(1, 1)",2,True,100000,0.3,none,1291,0.5136211874883957
True,word,"(1, 1)",2,False,0,0.3,none,1291,0.5136211874883957
True,word,"(1, 1)",2,True,0,0.3,none,1291,0.5136211874883957
True,word,"(1, 1)",2,False,100000,0.3,none,1291,0.5136211874883957
False,word,"(1, 1)",2,True,100000,10.0,none,1333,0.5126111782918852
False,word,"(1, 1)",2,True,0,10.0,none,1333,0.5126111782918852
False,word,"(1, 2)",2,False,0,3.0,balanced,2400,0.5122312945890435
False,word,"(1, 2)",2,False,100000,3.0,balanced,2400,0.5122312945890435
False,word,"(1, 2)",2,True,100000,3.0,balanced,2400,0.5122312945890435
False,word,"(1, 2)",2,True,0,3.0,balanced,2400,0.5122312945890435
False,word,"(1, 1)",2,False,100000,10.0,none,1333,0.511601550291792
False,word,"(1, 1)",2,False,0,10.0,none,1333,0.511601550291792
True,word,"(1, 2)",2,False,0,3.0,none,2249,0.5110996113135294
True,word,"(1, 2)",2,True,0,3.0,none,2249,0.5110996113135294
True,word,"(1, 2)",2,False,100000,3.0,none,2249,0.5110996113135294
True,word,"(1, 2)",2,True,100000,3.0,none,2249,0.5110996113135294
False,word,"(1, 1)",2,True,100000,3.0,balanced,1333,0.5109728027593036
False,word,"(1, 1)",2,False,100000,3.0,balanced,1333,0.5109728027593036
False,word,"(1, 1)",2,False,0,3.0,balanced,1333,0.5109728027593036
False,word,"(1, 1)",2,True,0,3.0,balanced,1333,0.5109728027593036
True,word,"(1, 2)",2,False,100000,1.0,none,2249,0.5100075018086911
True,word,"(1, 2)",2,False,0,1.0,none,2249,0.5100075018086911
True,word,"(1, 2)",2,True,0,1.0,none,2249,0.5100075018086911
True,word,"(1, 2)",2,True,100000,1.0,none,2249,0.5100075018086911
False,word,"(1, 1)",2,True,100000,0.3,balanced,1333,0.509932420768471
False,word,"(1, 1)",2,False,100000,0.3,balanced,1333,0.509932420768471
False,word,"(1, 1)",2,True,0,0.3,balanced,1333,0.509932420768471
False,word,"(1, 1)",2,False,0,0.3,balanced,1333,0.509932420768471
False,word,"(1, 1)",1,True,0,0.1,balanced,5180,0.5068917887369466
False,word,"(1, 1)",1,True,100000,0.1,balanced,5180,0.5068917887369466
False,word,"(1, 1)",1,False,100000,0.1,balanced,5180,0.5064144616472814
False,word,"(1, 1)",1,False,0,0.1,balanced,5180,0.5064144616472814
False,word,"(1, 2)",2,True,100000,0.1,balanced,2400,0.5040673307256395
False,word,"(1, 2)",2,False,100000,0.1,balanced,2400,0.5040673307256395
False,word,"(1, 2)",2,True,0,0.1,balanced,2400,0.5040673307256395
False,word,"(1, 2)",2,False,0,0.1,balanced,2400,0.5040673307256395
True,word,"(1, 1)",2,True,100000,10.0,none,1291,0.5039781928614643
True,word,"(1, 1)",2,True,0,10.0,none,1291,0.5039781928614643
True,word,"(1, 1)",2,False,100000,10.0,none,1291,0.5039781928614643
True,word,"(1, 1)",2,False,0,10.0,none,1291,0.5039781928614643
True,word,"(1, 2)",2,True,100000,10.0,none,2249,0.5037053505200825
True,word,"(1, 2)",2,True,0,10.0,none,2249,0.5037053505200825
True,word,"(1, 2)",2,False,100000,10.0,none,2249,0.5037053505200825
True,word,"(1, 2)",2,False,0,10.0,none,2249,0.5037053505200825
True,word,"(1, 1)",2,True,0,3.0,balanced,1291,0.5029159975179438
True,word,"(1, 1)",2,True,100000,3.0,balanced,1291,0.5029159975179438
True,word,"(1, 1)",2,False,0,3.0,balanced,1291,0.5029159975179438
True,word,"(1, 1)",2,False,100000,3.0,balanced,1291,0.5029159975179438
False,word,"(1, 1)",1,False,100000,0.1,none,5180,0.5023313424128804
False,word,"(1, 1)",1,False,0,0.1,none,5180,0.5023313424128804
False,word,"(1, 1)",1,True,0,0.1,none,5180,0.5023313424128804
False,word,"(1, 1)",1,True,100000,0.1,none,5180,0.5023313424128804
True,word,"(1, 2)",2,False,0,3.0,balanced,2249,0.5022781419296892
True,word,"(1, 2)",2,False,100000,3.0,balanced,2249,0.5022781419296892
False,word,"(1, 2)",1,False,0,0.1,balanced,13205,0.50205030758767
False,word,"(1, 2)",1,True,0,0.1,balanced,13205,0.50205030758767
False,word,"(1, 2)",1,True,100000,0.1,balanced,13205,0.50205030758767
False,word,"(1, 2)",1,False,100000,0.1,balanced,13205,0.50205030758767
True,word,"(1, 2)",2,True,100000,3.0,balanced,2249,0.5019428299581057
True,word,"(1, 2)",2,True,0,3.0,balanced,2249,0.5019428299581057
True,word,"(1, 2)",2,False,100000,0.3,none,2249,0.5019057673981723
True,word,"(1, 2)",2,False,0,0.3,none,2249,0.5019057673981723
True,word,"(1, 2)",2,True,100000,0.3,none,2249,0.5019057673981723
True,word,"(1, 2)",2,True,0,0.3,none,2249,0.5019057673981723
False,word,"(1, 1)",2,True,100000,0.1,balanced,1333,0.5017779524539241
False,word,"(1, 1)",2,False,0,0.1,balanced,1333,0.5017779524539241
False,word,"(1, 1)",2,True,0,0.1,balanced,1333,0.5017779524539241
False,word,"(1, 1)",2,False,100000,0.1,balanced,1333,0.5017779524539241
True,word,"(1, 2)",2,False,0,0.3,balanced,2249,0.5014892278530375
True,word,"(1, 2)",2,False,100000,0.3,balanced,2249,0.5014892278530375
True,word,"(1, 1)",1,False,100000,0.1,balanced,5060,0.5012146092252252
True,word,"(1, 1)",1,False,0,0.1,balanced,5060,0.5012146092252252
False,word,"(1, 1)",2,False,100000,10.0,balanced,1333,0.5011210164509439
False,word,"(1, 1)",2,True,0,10.0,balanced,1333,0.5011210164509439
False,word,"(1, 1)",2,False,0,10.0,balanced,1333,0.5011210164509439
False,word,"(1, 1)",2,True,100000,10.0,balanced,1333,0.5011210164509439
True,word,"(1, 2)",2,False,100000,1.0,balanced,2249,0.5010689524158953
True,word,"(1, 2)",2,False,0,1.0,balanced,2249,0.5010689524158953
True,word,"(1, 2)",2,True,0,1.0,balanced,2249,0.5010689524158953
True,word,"(1, 2)",2,True,100000,1.0,balanced,2249,0.5010689524158953
True,word,"(1, 1)",2,True,100000,0.3,balanced,1291,0.5006974385503145
True,word,"(1, 1)",2,True,0,0.3,balanced,1291,0.5006974385503145
True,word,"(1, 1)",2,False,100000,0.3,balanced,1291,0.5006974385503145
True,word,"(1, 1)",2,False,0,0.3,balanced,1291,0.5006974385503145
True,word,"(1, 2)",2,True,100000,0.3,balanced,2249,0.5005125402819226
True,word,"(1, 2)",2,True,0,0.3,balanced,2249,0.5005125402819226
True,word,"(1, 1)",1,True,100000,0.1,balanced,5060,0.500302315117567
True,word,"(1, 1)",1,True,0,0.1,balanced,5060,0.500302315117567
True,word,"(1, 1)",2,True,0,1.0,balanced,1291,0.4995221915415865
True,word,"(1, 1)",2,True,100000,1.0,balanced,1291,0.4995221915415865
False,word,"(1, 2)",2,False,0,10.0,none,2400,0.49845024111698066
False,word,"(1, 2)",2,False,100000,10.0,none,2400,0.49845024111698066
False,word,"(1, 2)",2,True,0,10.0,none,2400,0.49845024111698066
False,word,"(1, 2)",2,True,100000,10.0,none,2400,0.49845024111698066
True,word,"(1, 1)",2,False,100000,1.0,balanced,1291,0.4981516439605126
True,word,"(1, 1)",2,False,0,1.0,balanced,1291,0.4981516439605126
False,word,"(1, 2)",2,False,0,10.0,balanced,2400,0.49364483024420835
False,word,"(1, 2)",2,False,100000,10.0,balanced,2400,0.49364483024420835
False,word,"(1, 2)",2,True,100000,10.0,balanced,2400,0.49221573302563737
False,word,"(1, 2)",2,True,0,10.0,balanced,2400,0.49221573302563737
True,word,"(1, 2)",2,True,100000,10.0,balanced,2249,0.49188382616316045
True,word,"(1, 2)",2,True,0,10.0,balanced,2249,0.49188382616316045
True,word,"(1, 2)",2,False,0,10.0,balanced,2249,0.4916815943793922
True,word,"(1, 2)",2,False,100000,10.0,balanced,2249,0.4916815943793922
True,word,"(1, 1)",2,False,100000,0.1,balanced,1291,0.48973284352925617
True,word,"(1, 1)",2,False,0,0.1,balanced,1291,0.48973284352925617
True,word,"(1, 1)",2,True,0,0.1,balanced,1291,0.48973284352925617
True,word,"(1, 1)",2,True,100000,0.1,balanced,1291,0.48973284352925617
False,word,"(1, 2)",3,True,0,1.0,balanced,1104,0.48937048712237263
False,word,"(1, 2)",3,False,100000,1.0,balanced,1104,0.48937048712237263
False,word,"(1, 2)",3,False,0,1.0,balanced,1104,0.48937048712237263
False,word,"(1, 2)",3,True,100000,1.0,balanced,1104,0.48937048712237263
True,word,"(1, 1)",2,False,0,10.0,balanced,1291,0.48874358646385263
True,word,"(1, 1)",2,True,0,10.0,balanced,1291,0.48874358646385263
True,word,"(1, 1)",2,True,100000,10.0,balanced,1291,0.48874358646385263
True,word,"(1, 1)",2,False,100000,10.0,balanced,1291,0.48874358646385263
True,word,"(1, 2)",1,True,0,0.1,balanced,12433,0.4881570128766133
True,word,"(1, 2)",1,True,100000,0.1,balanced,12433,0.4881570128766133
True,word,"(1, 2)",1,False,0,0.1,balanced,12433,0.4881570128766133
True,word,"(1, 2)",1,False,100000,0.1,balanced,12433,0.4881570128766133
False,word,"(1, 2)",2,True,100000,0.1,none,2400,0.4877174690278455
False,word,"(1, 2)",2,True,0,0.1,none,2400,0.4877174690278455
False,word,"(1, 2)",2,False,0,0.1,none,2400,0.4876228173112961
False,word,"(1, 2)",2,False,100000,0.1,none,2400,0.4876228173112961
False,word,"(1, 1)",2,False,100000,0.1,none,1333,0.48335708257067483
False,word,"(1, 1)",2,False,0,0.1,none,1333,0.48335708257067483
False,word,"(1, 1)",2,True,100000,0.1,none,1333,0.48335708257067483
False,word,"(1, 1)",2,True,0,0.1,none,1333,0.48335708257067483
True,word,"(1, 1)",2,False,0,0.1,none,1291,0.4815210586025427
True,word,"(1, 1)",2,False,100000,0.1,none,1291,0.4815210586025427
True,word,"(1, 1)",2,True,100000,0.1,none,1291,0.4815210586025427
True,word,"(1, 1)",2,True,0,0.1,none,1291,0.4815210586025427
False,word,"(1, 2)",3,True,100000,10.0,balanced,1104,0.4795270943126784
False,word,"(1, 2)",3,False,0,10.0,balanced,1104,0.4795270943126784
False,word,"(1, 2)",3,False,100000,10.0,balanced,1104,0.4795270943126784
False,word,"(1, 2)",3,True,0,10.0,balanced,1104,0.4795270943126784
True,word,"(1, 2)",2,False,100000,0.1,balanced,2249,0.47837543904134544
True,word,"(1, 2)",2,False,0,0.1,balanced,2249,0.47837543904134544
True,word,"(1, 2)",2,True,0,0.1,balanced,2249,0.47837543904134544
True,word,"(1, 2)",2,True,100000,0.1,balanced,2249,0.47837543904134544
False,word,"(1, 2)",3,True,0,3.0,balanced,1104,0.47812942662299196
False,word,"(1, 2)",3,True,100000,3.0,balanced,1104,0.47812942662299196
False,word,"(1, 2)",3,False,0,3.0,balanced,1104,0.47812942662299196
False,word,"(1, 2)",3,False,100000,3.0,balanced,1104,0.47812942662299196
False,word,"(1, 2)",3,True,0,0.3,balanced,1104,0.4768525363324828
False,word,"(1, 2)",3,False,100000,0.3,balanced,1104,0.4768525363324828
False,word,"(1, 2)",3,False,0,0.3,balanced,1104,0.4768525363324828
False,word,"(1, 2)",3,True,100000,0.3,balanced,1104,0.4768525363324828
False,word,"(1, 2)",1,False,100000,0.1,none,13205,0.4761033853612554
False,word,"(1, 2)",1,False,0,0.1,none,13205,0.4761033853612554
False,word,"(1, 2)",1,True,100000,0.1,none,13205,0.4761033853612554
False,word,"(1, 2)",1,True,0,0.1,none,13205,0.4761033853612554
True,word,"(1, 2)",3,False,0,1.0,balanced,1022,0.4759887545487175
True,word,"(1, 2)",3,True,100000,1.0,balanced,1022,0.4759887545487175
True,word,"(1, 2)",3,False,100000,1.0,balanced,1022,0.4759887545487175
True,word,"(1, 2)",3,True,0,1.0,balanced,1022,0.4759887545487175
True,word,"(1, 2)",1,False,100000,0.1,none,12433,0.47567489471414764
True,word,"(1, 2)",1,False,0,0.1,none,12433,0.47567489471414764
True,word,"(1, 1)",1,True,100000,0.1,none,5060,0.47462437158547627
True,word,"(1, 1)",1,False,0,0.1,none,5060,0.47462437158547627
True,word,"(1, 1)",1,False,100000,0.1,none,5060,0.47462437158547627
True,word,"(1, 1)",1,True,0,0.1,none,5060,0.47462437158547627
True,word,"(1, 2)",1,True,0,0.1,none,12433,0.4745192218542541
True,word,"(1, 2)",1,True,100000,0.1,none,12433,0.4745192218542541
False,word,"(1, 2)",3,False,100000,1.0,none,1104,0.47427786682039264
False,word,"(1, 2)",3,True,0,1.0,none,1104,0.47427786682039264
False,word,"(1, 2)",3,False,0,1.0,none,1104,0.47427786682039264
False,word,"(1, 2)",3,True,100000,1.0,none,1104,0.47427786682039264
False,word,"(1, 2)",3,False,100000,0.3,none,1104,0.47267211472082654
False,word,"(1, 2)",3,True,100000,0.3,none,1104,0.47267211472082654
False,word,"(1, 2)",3,False,0,0.3,none,1104,0.47267211472082654
False,word,"(1, 2)",3,True,0,0.3,none,1104,0.47267211472082654
False,word,"(1, 1)",3,True,0,0.3,balanced,684,0.4724731640178682
False,word,"(1, 1)",3,True,100000,0.3,balanced,684,0.4724731640178682
False,word,"(1, 1)",3,False,100000,0.3,balanced,684,0.4724731640178682
False,word,"(1, 1)",3,False,0,0.3,balanced,684,0.4724731640178682
False,word,"(1, 1)",3,True,0,1.0,none,684,0.4706153287243303
False,word,"(1, 1)",3,True,100000,1.0,none,684,0.4706153287243303
False,word,"(1, 1)",3,False,0,1.0,none,684,0.47046773737737907
False,word,"(1, 1)",3,False,100000,1.0,none,684,0.47046773737737907
False,word,"(1, 1)",3,False,100000,0.3,none,684,0.469793146210702
False,word,"(1, 1)",3,True,100000,0.3,none,684,0.469793146210702
False,word,"(1, 1)",3,True,0,0.3,none,684,0.469793146210702
False,word,"(1, 1)",3,False,0,0.3,none,684,0.469793146210702
False,word,"(1, 1)",3,False,100000,1.0,balanced,684,0.4674550677413477
False,word,"(1, 1)",3,False,0,1.0,balanced,684,0.4674550677413477
True,word,"(1, 2)",2,False,100000,0.1,none,2249,0.46567074640132516
True,word,"(1, 2)",2,False,0,0.1,none,2249,0.46567074640132516
True,word,"(1, 2)",2,True,0,0.1,none,2249,0.46567074640132516
True,word,"(1, 2)",2,True,100000,0.1,none,2249,0.46567074640132516
False,word,"(1, 2)",3,True,0,10.0,none,1104,0.4647954807044206
False,word,"(1, 2)",3,True,100000,10.0,none,1104,0.4647954807044206
False,word,"(1, 2)",3,False,100000,10.0,none,1104,0.464555919633892
False,word,"(1, 2)",3,False,0,10.0,none,1104,0.464555919633892
True,word,"(1, 2)",3,False,100000,0.3,balanced,1022,0.463597643035443
True,word,"(1, 2)",3,True,0,0.3,balanced,1022,0.463597643035443
True,word,"(1, 2)",3,True,100000,0.3,balanced,1022,0.463597643035443
True,word,"(1, 2)",3,False,0,0.3,balanced,1022,0.463597643035443
False,word,"(1, 2)",3,False,100000,3.0,none,1104,0.463525696213509
False,word,"(1, 2)",3,True,100000,3.0,none,1104,0.463525696213509
False,word,"(1, 2)",3,True,0,3.0,none,1104,0.463525696213509
False,word,"(1, 2)",3,False,0,3.0,none,1104,0.463525696213509
True,word,"(1, 1)",3,False,0,0.3,none,648,0.46348655242746306
True,word,"(1, 1)",3,True,0,0.3,none,648,0.46348655242746306
True,word,"(1, 1)",3,True,100000,0.3,none,648,0.46348655242746306
True,word,"(1, 1)",3,False,100000,0.3,none,648,0.46348655242746306
False,word,"(1, 1)",3,True,0,1.0,balanced,684,0.4631352898546909
False,word,"(1, 1)",3,True,100000,1.0,balanced,684,0.4631352898546909
False,word,"(1, 1)",3,False,100000,10.0,balanced,684,0.46262971012409465
False,word,"(1, 1)",3,True,0,10.0,balanced,684,0.46262971012409465
False,word,"(1, 1)",3,True,100000,10.0,balanced,684,0.46262971012409465
False,word,"(1, 1)",3,False,0,10.0,balanced,684,0.46262971012409465
False,word,"(1, 1)",3,False,0,3.0,balanced,684,0.462400077764367
False,word,"(1, 1)",3,False,100000,3.0,balanced,684,0.462400077764367
False,word,"(1, 1)",3,True,0,3.0,balanced,684,0.4614839000629015
False,word,"(1, 1)",3,True,100000,3.0,balanced,684,0.4614839000629015
False,word,"(1, 1)",3,True,0,0.1,balanced,684,0.4597590488991526
False,word,"(1, 1)",3,False,0,0.1,balanced,684,0.4597590488991526
False,word,"(1, 1)",3,True,100000,0.1,balanced,684,0.4597590488991526
False,word,"(1, 1)",3,False,100000,0.1,balanced,684,0.4597590488991526
True,word,"(1, 2)",3,True,100000,1.0,none,1022,0.4597435647721535
True,word,"(1, 2)",3,True,0,1.0,none,1022,0.4597435647721535
True,word,"(1, 2)",3,False,0,1.0,none,1022,0.4597435647721535
True,word,"(1, 2)",3,False,100000,1.0,none,1022,0.4597435647721535
True,word,"(1, 1)",3,False,0,0.3,balanced,648,0.45876648903364553
True,word,"(1, 1)",3,True,100000,0.3,balanced,648,0.45876648903364553
True,word,"(1, 1)",3,True,0,0.3,balanced,648,0.45876648903364553
True,word,"(1, 1)",3,False,100000,0.3,balanced,648,0.45876648903364553
False,word,"(1, 1)",3,True,100000,3.0,none,684,0.45806911392306515
False,word,"(1, 1)",3,True,0,3.0,none,684,0.45806911392306515
False,word,"(1, 1)",3,False,100000,3.0,none,684,0.4572283959843128
False,word,"(1, 1)",3,False,0,3.0,none,684,0.4572283959843128
True,word,"(1, 1)",3,False,0,10.0,none,648,0.456754949602431
True,word,"(1, 1)",3,True,100000,10.0,none,648,0.456754949602431
True,word,"(1, 1)",3,True,0,10.0,none,648,0.456754949602431
True,word,"(1, 1)",3,False,100000,10.0,none,648,0.456754949602431
True,word,"(1, 1)",3,False,100000,3.0,none,648,0.45629090233131464
True,word,"(1, 1)",3,False,0,3.0,none,648,0.45629090233131464
True,word,"(1, 1)",3,True,0,1.0,balanced,648,0.45585637551923586
True,word,"(1, 1)",3,True,100000,1.0,balanced,648,0.45585637551923586
True,word,"(1, 1)",3,False,0,1.0,balanced,648,0.45585637551923586
True,word,"(1, 1)",3,False,100000,1.0,balanced,648,0.45585637551923586
True,word,"(1, 1)",3,True,100000,3.0,none,648,0.45565693611337627
True,word,"(1, 1)",3,True,0,3.0,none,648,0.45565693611337627
False,word,"(1, 2)",3,False,100000,0.1,balanced,1104,0.4542115305438295
False,word,"(1, 2)",3,True,100000,0.1,balanced,1104,0.4542115305438295
False,word,"(1, 2)",3,True,0,0.1,balanced,1104,0.4542115305438295
False,word,"(1, 2)",3,False,0,0.1,balanced,1104,0.4542115305438295
True,word,"(1, 1)",3,True,100000,1.0,none,648,0.4537425785070101
True,word,"(1, 1)",3,True,0,1.0,none,648,0.4537425785070101
True,word,"(1, 1)",3,False,100000,1.0,none,648,0.45247286437288803
True,word,"(1, 1)",3,False,0,1.0,none,648,0.45247286437288803
False,word,"(1, 1)",3,False,100000,10.0,none,684,0.4517995414509337
False,word,"(1, 1)",3,False,0,10.0,none,684,0.4517995414509337
True,word,"(1, 2)",3,False,0,3.0,balanced,1022,0.45174802859068536
True,word,"(1, 2)",3,False,100000,3.0,balanced,1022,0.45174802859068536
True,word,"(1, 2)",3,True,0,3.0,balanced,1022,0.45174802859068536
True,word,"(1, 2)",3,True,100000,3.0,balanced,1022,0.45174802859068536
True,word,"(1, 2)",3,True,100000,0.1,balanced,1022,0.4512908053100335
True,word,"(1, 2)",3,False,0,0.1,balanced,1022,0.4512908053100335
True,word,"(1, 2)",3,False,100000,0.1,balanced,1022,0.4512908053100335
True,word,"(1, 2)",3,True,0,0.1,balanced,1022,0.4512908053100335
False,word,"(1, 1)",3,True,100000,10.0,none,684,0.4512776541765805
False,word,"(1, 1)",3,True,0,10.0,none,684,0.4512776541765805
True,word,"(1, 1)",3,True,0,0.1,balanced,648,0.4512210179583208
True,word,"(1, 1)",3,False,100000,0.1,balanced,648,0.4512210179583208
True,word,"(1, 1)",3,False,0,0.1,balanced,648,0.4512210179583208
True,word,"(1, 1)",3,True,100000,0.1,balanced,648,0.4512210179583208
True,word,"(1, 2)",3,True,0,0.3,none,1022,0.4509763423611427
True,word,"(1, 2)",3,True,100000,0.3,none,1022,0.4509763423611427
True,word,"(1, 2)",3,True,100000,10.0,balanced,1022,0.45092932094710747
True,word,"(1, 2)",3,True,0,10.0,balanced,1022,0.45092932094710747
True,word,"(1, 2)",3,False,0,0.3,none,1022,0.45066576465219105
True,word,"(1, 2)",3,False,100000,0.3,none,1022,0.45066576465219105
True,word,"(1, 1)",3,True,100000,3.0,balanced,648,0.450652370264413
True,word,"(1, 1)",3,True,0,3.0,balanced,648,0.450652370264413
False,word,"(1, 2)",3,False,100000,0.1,none,1104,0.4504181230528544
False,word,"(1, 2)",3,False,0,0.1,none,1104,0.4504181230528544
False,word,"(1, 2)",3,True,0,0.1,none,1104,0.449708787315647
False,word,"(1, 2)",3,True,100000,0.1,none,1104,0.449708787315647
True,word,"(1, 2)",3,False,0,10.0,balanced,1022,0.449362735818619
True,word,"(1, 2)",3,False,100000,10.0,balanced,1022,0.449362735818619
True,word,"(1, 1)",3,False,100000,3.0,balanced,648,0.4492476106692373
True,word,"(1, 1)",3,False,0,3.0,balanced,648,0.4492476106692373
False,word,"(1, 1)",3,False,0,0.1,none,684,0.44843921393562897
False,word,"(1, 1)",3,False,100000,0.1,none,684,0.44843921393562897
False,word,"(1, 1)",3,True,100000,0.1,none,684,0.44837493444986476
False,word,"(1, 1)",3,True,0,0.1,none,684,0.44837493444986476
True,word,"(1, 2)",3,True,100000,10.0,none,1022,0.4448716845469177
True,word,"(1, 2)",3,True,0,10.0,none,1022,0.4448716845469177
True,word,"(1, 2)",3,False,100000,10.0,none,1022,0.44471090801127644
True,word,"(1, 2)",3,False,0,10.0,none,1022,0.44471090801127644
True,word,"(1, 1)",3,False,0,10.0,balanced,648,0.4435105294901679
True,word,"(1, 1)",3,False,100000,10.0,balanced,648,0.4435105294901679
True,word,"(1, 1)",3,True,0,10.0,balanced,648,0.4435105294901679
True,word,"(1, 1)",3,True,100000,10.0,balanced,648,0.4435105294901679
True,word,"(1, 2)",3,False,0,3.0,none,1022,0.44282401127396714
True,word,"(1, 2)",3,True,100000,3.0,none,1022,0.44282401127396714
True,word,"(1, 2)",3,True,0,3.0,none,1022,0.44282401127396714
True,word,"(1, 2)",3,False,100000,3.0,none,1022,0.44282401127396714
True,word,"(1, 1)",3,False,0,0.1,none,648,0.4414900094055218
True,word,"(1, 1)",3,True,100000,0.1,none,648,0.4414900094055218
True,word,"(1, 1)",3,True,0,0.1,none,648,0.4414900094055218
True,word,"(1, 1)",3,False,100000,0.1,none,648,0.4414900094055218
True,word,"(1, 2)",3,True,100000,0.1,none,1022,0.4303740574807744
True,word,"(1, 2)",3,False,0,0.1,none,1022,0.4303740574807744
True,word,"(1, 2)",3,True,0,0.1,none,1022,0.4303740574807744
True,word,"(1, 2)",3,False,100000,0.1,none,1022,0.4303740574807744
