정규화,analyzer,ngram,min_df,sublinear,max_features,C,class_weight,피처수,Val_MacroF1
False,char_wb,"(2, 3)",2,False,0,1.0,balanced,9187,0.8715843611056326
False,char_wb,"(2, 3)",2,False,100000,1.0,balanced,9187,0.8715843611056326
False,char_wb,"(2, 3)",2,True,100000,1.0,balanced,9187,0.8699061063088096
False,char_wb,"(2, 3)",2,True,0,1.0,balanced,9187,0.8699061063088096
True,char,"(2, 3)",2,False,0,0.3,balanced,9626,0.8642768564960931
True,char,"(2, 3)",2,False,100000,0.3,balanced,9626,0.8642768564960931
True,char_wb,"(2, 5)",2,False,0,0.3,balanced,14348,0.8633982716071443
True,char_wb,"(2, 5)",2,True,100000,0.3,balanced,14348,0.8633982716071443
True,char_wb,"(2, 5)",2,True,0,0.3,balanced,14348,0.8633982716071443
True,char_wb,"(2, 5)",2,False,100000,0.3,balanced,14348,0.8633982716071443
False,char,"(2, 3)",2,True,0,1.0,balanced,10526,0.8631084564672034
False,char,"(2, 3)",2,True,100000,1.0,balanced,10526,0.8631084564672034
True,char_wb,"(2, 5)",3,False,0,0.3,balanced,7943,0.8611980039525382
True,char_wb,"(2, 5)",3,False,100000,0.3,balanced,7943,0.8611980039525382
True,char_wb,"(2, 4)",3,False,0,1.0,balanced,6929,0.8608972479560459
True,char_wb,"(2, 4)",3,False,100000,1.0,balanced,6929,0.8608972479560459
True,char_wb,"(2, 4)",2,False,100000,0.3,balanced,12057,0.8593279465081416
True,char_wb,"(2, 4)",2,False,0,0.3,balanced,12057,0.8593279465081416
True,char_wb,"(2, 3)",2,True,100000,1.0,balanced,8406,0.8588549194827686
True,char_wb,"(2, 3)",2,True,0,1.0,balanced,8406,0.8588549194827686
True,char_wb,"(2, 4)",3,True,100000,1.0,balanced,6929,0.8586552181777753
True,char_wb,"(2, 4)",3,True,0,1.0,balanced,6929,0.8586552181777753
True,char_wb,"(2, 5)",3,True,100000,0.3,balanced,7943,0.8585560575819683
True,char_wb,"(2, 5)",3,True,0,0.3,balanced,7943,0.8585560575819683
True,char_wb,"(2, 3)",3,False,0,1.0,balanced,5165,0.8580739508481123
True,char_wb,"(2, 3)",3,False,100000,1.0,balanced,5165,0.8580739508481123
True,char_wb,"(2, 3)",2,False,0,1.0,balanced,8406,0.8579195441022441
True,char_wb,"(2, 3)",2,False,100000,1.0,balanced,8406,0.8579195441022441
True,char,"(2, 3)",2,True,0,1.0,balanced,9626,0.8577091332197203
True,char,"(2, 3)",2,True,100000,1.0,balanced,9626,0.8577091332197203
True,char,"(2, 3)",2,False,0,1.0,balanced,9626,0.8575996598144062
True,char,"(2, 3)",2,False,100000,1.0,balanced,9626,0.8575996598144062
True,char_wb,"(2, 5)",2,False,100000,1.0,balanced,14348,0.8569100064764874
True,char_wb,"(2, 5)",2,False,0,1.0,balanced,14348,0.8569100064764874
True,char_wb,"(2, 4)",2,False,100000,1.0,balanced,12057,0.8569100064764874
True,char_wb,"(2, 4)",2,False,0,1.0,balanced,12057,0.8569100064764874
True,char_wb,"(2, 5)",2,True,0,1.0,balanced,14348,0.8569100064764874
True,char_wb,"(2, 5)",2,True,100000,1.0,balanced,14348,0.8569100064764874
True,char_wb,"(2, 4)",2,True,0,0.3,balanced,12057,0.8561599363264543
True,char_wb,"(2, 4)",2,True,100000,0.3,balanced,12057,0.8561599363264543
False,char,"(2, 3)",3,True,0,1.0,balanced,6222,0.8561079803563758
False,char,"(2, 3)",3,True,100000,1.0,balanced,6222,0.8561079803563758
True,char_wb,"(2, 3)",3,True,100000,1.0,balanced,5165,0.8558180387372933
True,char_wb,"(2, 3)",3,True,0,1.0,balanced,5165,0.8558180387372933
True,char_wb,"(2, 5)",3,False,0,1.0,balanced,7943,0.8553337174570897
True,char_wb,"(2, 5)",3,False,100000,1.0,balanced,7943,0.8553337174570897
True,char_wb,"(2, 4)",2,True,0,1.0,balanced,12057,0.8552477413583434
True,char_wb,"(2, 4)",2,True,100000,1.0,balanced,12057,0.8552477413583434
True,char,"(2, 3)",2,True,0,0.3,balanced,9626,0.8551749494019774
True,char,"(2, 3)",2,True,100000,0.3,balanced,9626,0.8551749494019774
False,char_wb,"(2, 3)",3,False,0,3.0,balanced,5604,0.8550630754870986
False,char_wb,"(2, 3)",3,False,100000,3.0,balanced,5604,0.8550630754870986
False,char_wb,"(2, 3)",3,False,100000,1.0,balanced,5604,0.8543338345631519
False,char_wb,"(2, 3)",3,False,0,1.0,balanced,5604,0.8543338345631519
True,char_wb,"(2, 5)",3,True,0,1.0,balanced,7943,0.8538152630648502
True,char_wb,"(2, 5)",3,True,100000,1.0,balanced,7943,0.8538152630648502
False,char_wb,"(2, 5)",3,True,100000,0.3,balanced,8758,0.8536836079098583
False,char_wb,"(2, 5)",3,True,0,0.3,balanced,8758,0.8536836079098583
True,char_wb,"(2, 3)",2,False,100000,0.3,balanced,8406,0.8536104143787469
True,char_wb,"(2, 3)",2,False,0,0.3,balanced,8406,0.8536104143787469
False,char_wb,"(2, 3)",3,True,100000,1.0,balanced,5604,0.8533948167192128
False,char_wb,"(2, 3)",3,True,0,1.0,balanced,5604,0.8533948167192128
True,char_wb,"(2, 4)",3,False,100000,0.3,balanced,6929,0.8531335607258171
True,char_wb,"(2, 4)",3,True,100000,0.3,balanced,6929,0.8531335607258171
True,char_wb,"(2, 4)",3,False,0,0.3,balanced,6929,0.8531335607258171
True,char_wb,"(2, 4)",3,True,0,0.3,balanced,6929,0.8531335607258171
True,char,"(2, 3)",3,True,0,0.3,balanced,5674,0.8527564660553147
True,char,"(2, 3)",3,False,100000,0.3,balanced,5674,0.8527564660553147
True,char,"(2, 3)",3,False,0,0.3,balanced,5674,0.8527564660553147
True,char,"(2, 3)",3,True,100000,0.3,balanced,5674,0.8527564660553147
True,char,"(2, 5)",2,False,100000,0.3,balanced,20206,0.8523890396713912
True,char,"(2, 5)",2,False,0,0.3,balanced,20206,0.8523890396713912
True,char,"(2, 5)",2,True,0,0.3,balanced,20206,0.8523890396713912
True,char,"(2, 5)",2,True,100000,0.3,balanced,20206,0.8523890396713912
True,char_wb,"(2, 3)",2,True,0,0.3,balanced,8406,0.8521658433945235
True,char_wb,"(2, 3)",2,True,100000,0.3,balanced,8406,0.8521658433945235
False,char,"(2, 4)",3,True,100000,0.3,balanced,9271,0.8520354142647288
False,char,"(2, 4)",3,False,0,0.3,balanced,9271,0.8520354142647288
False,char,"(2, 4)",3,False,100000,0.3,balanced,9271,0.8520354142647288
False,char,"(2, 4)",3,True,0,0.3,balanced,9271,0.8520354142647288
True,char_wb,"(2, 4)",3,True,100000,3.0,none,6929,0.8517585444400755
True,char_wb,"(2, 4)",3,True,0,3.0,none,6929,0.8517585444400755
False,char_wb,"(2, 3)",3,True,0,0.3,balanced,5604,0.8511639145717109
False,char_wb,"(2, 3)",3,True,100000,0.3,balanced,5604,0.8511639145717109
False,char_wb,"(2, 4)",2,False,0,0.1,balanced,13220,0.8511259726088783
False,char_wb,"(2, 4)",2,False,100000,0.1,balanced,13220,0.8511259726088783
False,char_wb,"(2, 4)",2,True,100000,0.3,balanced,13220,0.8510329240409858
False,char_wb,"(2, 4)",2,True,0,0.3,balanced,13220,0.8510329240409858
True,char_wb,"(2, 3)",3,False,0,3.0,none,5165,0.8509597221383709
True,char_wb,"(2, 3)",3,False,100000,3.0,none,5165,0.8509597221383709
False,char_wb,"(2, 3)",3,True,0,10.0,balanced,5604,0.8508471438793168
False,char_wb,"(2, 3)",3,True,100000,10.0,balanced,5604,0.8508471438793168
False,char_wb,"(2, 5)",3,True,0,1.0,balanced,8758,0.8507655131866854
False,char_wb,"(2, 5)",3,True,100000,1.0,balanced,8758,0.8507655131866854
False,char_wb,"(2, 3)",3,False,100000,0.3,balanced,5604,0.8506785275861084
False,char_wb,"(2, 3)",3,False,0,0.3,balanced,5604,0.8506785275861084
False,char,"(2, 3)",3,True,0,0.3,balanced,6222,0.850440790025927
False,char,"(2, 3)",3,False,100000,0.3,balanced,6222,0.850440790025927
False,char,"(2, 3)",3,True,100000,0.3,balanced,6222,0.850440790025927
False,char,"(2, 3)",3,False,0,0.3,balanced,6222,0.850440790025927
True,char,"(2, 3)",3,True,0,1.0,balanced,5674,0.8503438034949033
True,char,"(2, 3)",3,False,100000,1.0,balanced,5674,0.8503438034949033
True,char,"(2, 3)",3,False,0,1.0,balanced,5674,0.8503438034949033
True,char,"(2, 3)",3,True,100000,1.0,balanced,5674,0.8503438034949033
True,char,"(2, 4)",2,False,0,0.3,balanced,15320,0.8502381890427834
True,char,"(2, 4)",2,False,100000,0.3,balanced,15320,0.8502381890427834
True,char,"(2, 5)",3,True,100000,1.0,balanced,10454,0.850123522905257
True,char,"(2, 5)",3,True,0,1.0,balanced,10454,0.850123522905257
True,char,"(2, 4)",2,True,0,0.3,balanced,15320,0.8501067820769397
True,char,"(2, 4)",2,True,100000,0.3,balanced,15320,0.8501067820769397
True,char,"(2, 5)",3,False,0,1.0,balanced,10454,0.8500487675319927
True,char,"(2, 5)",3,False,100000,1.0,balanced,10454,0.8500487675319927
False,char,"(2, 4)",2,True,0,0.3,balanced,16903,0.8500058675890126
False,char,"(2, 4)",2,True,100000,0.3,balanced,16903,0.8500058675890126
False,char,"(2, 4)",2,False,100000,0.3,balanced,16903,0.8500058675890126
False,char,"(2, 4)",2,False,0,0.3,balanced,16903,0.8500058675890126
True,char_wb,"(2, 3)",3,False,100000,10.0,balanced,5165,0.8498031223735714
True,char_wb,"(2, 3)",3,False,0,10.0,balanced,5165,0.8498031223735714
True,char_wb,"(2, 4)",3,False,0,3.0,none,6929,0.8497280435736856
True,char_wb,"(2, 4)",3,False,100000,3.0,none,6929,0.8497280435736856
True,char_wb,"(2, 5)",3,True,0,0.1,balanced,7943,0.8495114961201575
True,char_wb,"(2, 5)",3,True,100000,0.1,balanced,7943,0.8495114961201575
True,char_wb,"(2, 3)",3,False,100000,0.3,balanced,5165,0.8493789092112225
True,char_wb,"(2, 3)",3,False,0,0.3,balanced,5165,0.8493789092112225
True,char_wb,"(2, 4)",3,False,100000,10.0,balanced,6929,0.8492945792892097
True,char_wb,"(2, 4)",3,False,0,10.0,balanced,6929,0.8492945792892097
False,char_wb,"(2, 3)",2,False,100000,0.3,balanced,9187,0.8491820449600599
False,char_wb,"(2, 3)",2,False,0,0.3,balanced,9187,0.8491820449600599
False,char_wb,"(2, 3)",2,True,100000,0.3,balanced,9187,0.8491820449600599
False,char_wb,"(2, 3)",2,True,0,0.3,balanced,9187,0.8491820449600599
False,char_wb,"(2, 4)",3,False,100000,0.3,balanced,7564,0.848945516009109
False,char_wb,"(2, 4)",3,False,0,0.3,balanced,7564,0.848945516009109
False,char_wb,"(2, 4)",2,True,100000,1.0,balanced,13220,0.8488789683164218
False,char_wb,"(2, 4)",2,True,0,1.0,balanced,13220,0.8488789683164218
False,char_wb,"(2, 4)",2,False,100000,1.0,balanced,13220,0.8488789683164218
False,char_wb,"(2, 4)",2,False,0,1.0,balanced,13220,0.8488789683164218
True,char_wb,"(2, 3)",3,False,0,3.0,balanced,5165,0.8488608550302451
True,char_wb,"(2, 3)",3,False,100000,3.0,balanced,5165,0.8488608550302451
False,char_wb,"(2, 4)",3,True,100000,1.0,balanced,7564,0.8487924416519241
False,char_wb,"(2, 4)",3,False,0,1.0,balanced,7564,0.8487924416519241
False,char_wb,"(2, 4)",3,True,0,1.0,balanced,7564,0.8487924416519241
False,char_wb,"(2, 4)",3,False,100000,1.0,balanced,7564,0.8487924416519241
True,char_wb,"(2, 4)",3,False,0,0.1,balanced,6929,0.8487647471916622
True,char_wb,"(2, 4)",3,False,100000,0.1,balanced,6929,0.8487647471916622
False,char_wb,"(2, 5)",3,False,100000,1.0,balanced,8758,0.8485994299291842
False,char_wb,"(2, 5)",3,False,0,1.0,balanced,8758,0.8485994299291842
True,char_wb,"(2, 5)",3,False,100000,0.1,balanced,7943,0.8485804881388747
True,char_wb,"(2, 5)",3,False,0,0.1,balanced,7943,0.8485804881388747
True,char_wb,"(2, 3)",3,True,0,10.0,balanced,5165,0.8485297119487268
True,char_wb,"(2, 3)",3,True,100000,10.0,balanced,5165,0.8485297119487268
True,char_wb,"(2, 3)",3,True,100000,0.3,balanced,5165,0.8484275358212041
True,char_wb,"(2, 3)",3,True,0,0.3,balanced,5165,0.8484275358212041
False,char_wb,"(2, 5)",3,False,0,0.1,balanced,8758,0.8483667873205064
False,char_wb,"(2, 5)",3,False,100000,0.1,balanced,8758,0.8483667873205064
False,char,"(2, 3)",3,False,0,1.0,balanced,6222,0.8483305003916575
False,char,"(2, 3)",3,False,100000,1.0,balanced,6222,0.8483305003916575
True,char,"(2, 4)",3,False,0,1.0,balanced,8357,0.848328302626735
True,char,"(2, 4)",3,False,100000,1.0,balanced,8357,0.848328302626735
False,char,"(2, 5)",3,True,0,0.3,balanced,11726,0.8482113900482209
False,char,"(2, 5)",3,True,100000,0.3,balanced,11726,0.8482113900482209
True,char_wb,"(2, 4)",3,False,100000,3.0,balanced,6929,0.8481250103395112
True,char_wb,"(2, 4)",3,False,0,3.0,balanced,6929,0.8481250103395112
False,char_wb,"(2, 4)",2,True,100000,0.1,balanced,13220,0.8481163034866772
False,char_wb,"(2, 4)",2,True,0,0.1,balanced,13220,0.8481163034866772
False,char_wb,"(2, 4)",3,True,100000,0.1,balanced,7564,0.8480155733305618
False,char_wb,"(2, 4)",3,False,100000,0.1,balanced,7564,0.8480155733305618
False,char_wb,"(2, 4)",3,False,0,0.1,balanced,7564,0.8480155733305618
False,char_wb,"(2, 4)",3,True,0,0.1,balanced,7564,0.8480155733305618
True,char,"(2, 5)",3,False,100000,0.3,balanced,10454,0.8477370859325365
True,char,"(2, 5)",3,False,0,0.3,balanced,10454,0.8477370859325365
True,char_wb,"(2, 5)",3,False,100000,10.0,balanced,7943,0.8476856802581706
True,char_wb,"(2, 5)",3,False,0,10.0,balanced,7943,0.8476856802581706
True,char_wb,"(2, 5)",3,False,100000,3.0,balanced,7943,0.8473635580940572
True,char_wb,"(2, 5)",3,False,0,3.0,balanced,7943,0.8473635580940572
False,char,"(2, 3)",2,False,0,1.0,balanced,10526,0.8472896069153378
False,char,"(2, 3)",2,False,100000,1.0,balanced,10526,0.8472896069153378
True,char_wb,"(2, 3)",3,True,100000,3.0,balanced,5165,0.8472414288386511
True,char_wb,"(2, 3)",3,True,0,3.0,balanced,5165,0.8472414288386511
True,char,"(2, 5)",2,True,100000,1.0,balanced,20206,0.8471498164335601
True,char,"(2, 5)",2,True,0,1.0,balanced,20206,0.8471498164335601
True,char_wb,"(2, 4)",3,True,0,10.0,balanced,6929,0.8470762408509787
True,char_wb,"(2, 4)",3,True,100000,10.0,balanced,6929,0.8470762408509787
False,char_wb,"(2, 3)",3,False,0,0.1,balanced,5604,0.8470748273167603
False,char_wb,"(2, 3)",3,True,0,0.1,balanced,5604,0.8470748273167603
False,char_wb,"(2, 3)",3,False,100000,0.1,balanced,5604,0.8470748273167603
False,char_wb,"(2, 3)",3,True,100000,0.1,balanced,5604,0.8470748273167603
False,char_wb,"(2, 5)",3,True,100000,0.1,balanced,8758,0.8467972068035574
False,char_wb,"(2, 5)",3,True,0,0.1,balanced,8758,0.8467972068035574
True,char,"(2, 4)",3,True,100000,1.0,balanced,8357,0.8467445416437579
True,char,"(2, 4)",3,True,0,1.0,balanced,8357,0.8467445416437579
True,char,"(2, 5)",3,True,0,0.3,balanced,10454,0.846567411917968
True,char,"(2, 5)",3,True,100000,0.3,balanced,10454,0.846567411917968
False,char_wb,"(2, 4)",3,True,100000,0.3,balanced,7564,0.8464985400237198
False,char_wb,"(2, 4)",3,True,0,0.3,balanced,7564,0.8464985400237198
False,char,"(2, 5)",3,False,0,0.3,balanced,11726,0.8464386116166093
False,char,"(2, 5)",3,False,100000,0.3,balanced,11726,0.8464386116166093
False,char,"(2, 3)",2,False,0,0.1,balanced,10526,0.8464345868148639
False,char,"(2, 3)",2,False,100000,0.1,balanced,10526,0.8464345868148639
True,char_wb,"(2, 5)",2,False,0,0.1,balanced,14348,0.8464219274007853
True,char_wb,"(2, 5)",2,True,0,0.1,balanced,14348,0.8464219274007853
True,char_wb,"(2, 5)",2,False,100000,0.1,balanced,14348,0.8464219274007853
True,char_wb,"(2, 5)",2,True,100000,0.1,balanced,14348,0.8464219274007853
True,char_wb,"(2, 4)",3,True,100000,3.0,balanced,6929,0.8462348522592136
True,char_wb,"(2, 4)",3,True,0,3.0,balanced,6929,0.8462348522592136
True,char_wb,"(2, 5)",3,True,0,3.0,balanced,7943,0.8460309390307404
True,char_wb,"(2, 5)",3,True,100000,3.0,balanced,7943,0.8460309390307404
False,char_wb,"(2, 5)",2,False,100000,1.0,balanced,15892,0.8452836254779562
False,char_wb,"(2, 5)",2,True,0,1.0,balanced,15892,0.8452836254779562
False,char_wb,"(2, 5)",2,True,100000,1.0,balanced,15892,0.8452836254779562
False,char_wb,"(2, 5)",2,False,0,1.0,balanced,15892,0.8452836254779562
True,char_wb,"(2, 4)",3,True,100000,0.1,balanced,6929,0.8452722203366468
True,char_wb,"(2, 4)",3,True,0,0.1,balanced,6929,0.8452722203366468
True,char_wb,"(2, 4)",2,True,0,0.1,balanced,12057,0.8451571447783941
True,char_wb,"(2, 4)",2,False,100000,0.1,balanced,12057,0.8451571447783941
True,char_wb,"(2, 4)",2,False,0,0.1,balanced,12057,0.8451571447783941
True,char_wb,"(2, 4)",2,True,100000,0.1,balanced,12057,0.8451571447783941
True,char_wb,"(2, 3)",3,True,0,3.0,none,5165,0.8450314710328066
True,char_wb,"(2, 3)",3,True,100000,3.0,none,5165,0.8450314710328066
True,char,"(2, 4)",3,False,100000,0.3,balanced,8357,0.8450139047116334
True,char,"(2, 4)",3,True,100000,0.3,balanced,8357,0.8450139047116334
True,char,"(2, 4)",3,False,0,0.3,balanced,8357,0.8450139047116334
True,char,"(2, 4)",3,True,0,0.3,balanced,8357,0.8450139047116334
True,char_wb,"(2, 5)",3,True,100000,10.0,balanced,7943,0.8449506972055268
True,char_wb,"(2, 5)",3,True,0,10.0,balanced,7943,0.8449506972055268
False,char,"(2, 3)",2,True,100000,0.1,balanced,10526,0.8448916909865309
False,char,"(2, 3)",2,True,0,0.1,balanced,10526,0.8448916909865309
False,char,"(2, 3)",2,True,0,0.3,balanced,10526,0.8443776048421464
False,char,"(2, 3)",2,True,100000,0.3,balanced,10526,0.8443776048421464
True,char_wb,"(3, 5)",3,True,100000,0.3,balanced,5396,0.8443517892681809
True,char_wb,"(3, 5)",3,True,0,0.3,balanced,5396,0.8443517892681809
False,char,"(2, 3)",2,False,100000,0.3,balanced,10526,0.8438451703619383
False,char,"(2, 3)",2,False,0,0.3,balanced,10526,0.8438451703619383
False,char_wb,"(2, 3)",2,False,100000,3.0,none,9187,0.8437513254873443
False,char_wb,"(2, 3)",2,False,0,3.0,none,9187,0.8437513254873443
True,char_wb,"(3, 5)",3,False,100000,0.3,balanced,5396,0.8434891517180572
True,char_wb,"(3, 5)",3,False,0,0.3,balanced,5396,0.8434891517180572
True,char_wb,"(2, 4)",3,False,0,10.0,none,6929,0.8434101220691766
True,char_wb,"(2, 4)",3,False,100000,10.0,none,6929,0.8434101220691766
True,char_wb,"(2, 3)",2,False,0,3.0,none,8406,0.8430210948810006
True,char_wb,"(2, 3)",2,False,100000,3.0,none,8406,0.8430210948810006
False,char_wb,"(2, 4)",2,True,100000,3.0,balanced,13220,0.8426378939997745
False,char_wb,"(2, 4)",2,True,0,3.0,balanced,13220,0.8426378939997745
True,char_wb,"(2, 5)",2,True,100000,3.0,balanced,14348,0.8423258776118503
True,char_wb,"(2, 5)",2,True,0,3.0,balanced,14348,0.8423258776118503
True,char_wb,"(2, 5)",2,False,100000,3.0,balanced,14348,0.8423258776118503
True,char_wb,"(2, 5)",2,False,0,3.0,balanced,14348,0.8423258776118503
False,char,"(2, 4)",2,False,100000,0.1,balanced,16903,0.8422151511701217
False,char,"(2, 4)",2,False,0,0.1,balanced,16903,0.8422151511701217
False,char_wb,"(2, 3)",2,True,0,3.0,none,9187,0.8419609806553809
False,char_wb,"(2, 3)",2,True,100000,3.0,none,9187,0.8419609806553809
False,char_wb,"(2, 3)",2,False,100000,0.1,balanced,9187,0.8416542386576664
False,char_wb,"(2, 3)",2,False,0,0.1,balanced,9187,0.8416542386576664
False,char_wb,"(2, 5)",2,False,0,3.0,balanced,15892,0.8411337561156014
False,char_wb,"(2, 5)",2,False,100000,3.0,balanced,15892,0.8411337561156014
True,char,"(2, 5)",3,False,0,0.1,balanced,10454,0.8410851462614402
True,char,"(2, 5)",3,False,100000,0.1,balanced,10454,0.8410851462614402
True,char,"(2, 5)",3,True,0,0.1,balanced,10454,0.8410851462614402
True,char,"(2, 5)",3,True,100000,0.1,balanced,10454,0.8410851462614402
False,char_wb,"(2, 4)",2,False,100000,3.0,balanced,13220,0.8410800550199731
False,char_wb,"(2, 4)",2,False,0,3.0,balanced,13220,0.8410800550199731
False,char_wb,"(2, 3)",2,True,0,0.1,balanced,9187,0.8407206282207876
False,char_wb,"(2, 3)",2,True,100000,0.1,balanced,9187,0.8407206282207876
False,char,"(2, 4)",2,True,100000,0.1,balanced,16903,0.8406774753041719
False,char,"(2, 4)",2,True,0,0.1,balanced,16903,0.8406774753041719
True,char,"(2, 3)",2,False,100000,0.1,balanced,9626,0.8405879221246213
True,char,"(2, 3)",2,False,0,0.1,balanced,9626,0.8405879221246213
True,char,"(2, 3)",2,True,0,0.1,balanced,9626,0.8405879221246213
True,char,"(2, 3)",2,True,100000,0.1,balanced,9626,0.8405879221246213
False,char_wb,"(2, 3)",2,False,0,3.0,balanced,9187,0.8402542804970844
False,char_wb,"(2, 3)",2,False,100000,3.0,balanced,9187,0.8402542804970844
False,char,"(2, 3)",2,False,0,3.0,balanced,10526,0.8402031932659089
False,char,"(2, 3)",2,False,100000,3.0,balanced,10526,0.8402031932659089
False,char_wb,"(2, 5)",3,False,0,0.3,balanced,8758,0.8401721088283354
False,char_wb,"(2, 5)",3,False,100000,0.3,balanced,8758,0.8401721088283354
False,char_wb,"(2, 3)",3,True,100000,3.0,balanced,5604,0.8399432858992238
False,char_wb,"(2, 3)",3,True,0,3.0,balanced,5604,0.8399432858992238
False,char_wb,"(2, 3)",1,True,100000,1.0,balanced,24396,0.8398613065386643
False,char_wb,"(2, 3)",1,True,0,1.0,balanced,24396,0.8398613065386643
True,char_wb,"(2, 3)",3,False,100000,0.1,balanced,5165,0.8397263192501522
True,char_wb,"(2, 3)",3,False,0,0.1,balanced,5165,0.8397263192501522
False,char_wb,"(2, 5)",2,False,100000,0.1,balanced,15892,0.8394894083800477
False,char_wb,"(2, 5)",2,False,0,0.1,balanced,15892,0.8394894083800477
True,char_wb,"(2, 3)",3,True,100000,0.1,balanced,5165,0.8393722002866992
True,char_wb,"(2, 3)",3,True,0,0.1,balanced,5165,0.8393722002866992
True,char_wb,"(2, 3)",2,False,100000,3.0,balanced,8406,0.8393305004096319
True,char_wb,"(2, 3)",2,False,0,3.0,balanced,8406,0.8393305004096319
True,char_wb,"(2, 4)",2,True,100000,3.0,balanced,12057,0.8390928583581592
True,char_wb,"(2, 4)",2,True,0,3.0,balanced,12057,0.8390928583581592
True,char_wb,"(2, 4)",2,False,100000,3.0,none,12057,0.8390170351746138
True,char_wb,"(2, 4)",2,False,0,3.0,none,12057,0.8390170351746138
True,char_wb,"(2, 4)",2,False,100000,3.0,balanced,12057,0.8386248572052735
True,char_wb,"(2, 4)",2,False,0,3.0,balanced,12057,0.8386248572052735
False,char,"(2, 3)",1,True,0,0.3,balanced,29262,0.8384983208926872
False,char,"(2, 3)",1,True,100000,0.3,balanced,29262,0.8384983208926872
True,char_wb,"(2, 4)",2,True,100000,3.0,none,12057,0.8380942132513086
True,char_wb,"(2, 4)",2,True,0,3.0,none,12057,0.8380942132513086
False,char_wb,"(2, 3)",1,False,100000,1.0,balanced,24396,0.8380703541378838
False,char_wb,"(2, 3)",1,False,0,1.0,balanced,24396,0.8380703541378838
False,char_wb,"(2, 5)",3,False,100000,3.0,balanced,8758,0.8380575754032054
False,char_wb,"(2, 5)",3,False,0,3.0,balanced,8758,0.8380575754032054
False,char_wb,"(2, 5)",2,True,100000,0.1,balanced,15892,0.8379826142634055
False,char_wb,"(2, 5)",2,True,0,0.1,balanced,15892,0.8379826142634055
False,char,"(2, 4)",1,False,100000,0.1,balanced,58035,0.8378922672458675
False,char,"(2, 4)",1,False,0,0.1,balanced,58035,0.8378922672458675
True,char_wb,"(2, 4)",3,False,100000,1.0,none,6929,0.8376354477273817
True,char_wb,"(2, 4)",3,False,0,1.0,none,6929,0.8376354477273817
True,char_wb,"(3, 5)",2,False,0,0.1,balanced,10621,0.8375587659112563
True,char_wb,"(3, 5)",2,False,100000,0.1,balanced,10621,0.8375587659112563
True,char,"(2, 3)",3,False,0,0.1,balanced,5674,0.8375411821692045
True,char,"(2, 3)",3,True,0,0.1,balanced,5674,0.8375411821692045
True,char,"(2, 3)",3,True,100000,0.1,balanced,5674,0.8375411821692045
True,char,"(2, 3)",3,False,100000,0.1,balanced,5674,0.8375411821692045
True,char_wb,"(2, 3)",2,True,0,3.0,none,8406,0.837325447661365
True,char_wb,"(2, 3)",2,True,100000,3.0,none,8406,0.837325447661365
False,char,"(2, 3)",2,False,100000,10.0,balanced,10526,0.837303065653446
False,char,"(2, 3)",2,False,0,10.0,balanced,10526,0.837303065653446
True,char_wb,"(2, 3)",2,False,100000,0.1,balanced,8406,0.8372317941554993
True,char_wb,"(2, 3)",2,False,0,0.1,balanced,8406,0.8372317941554993
True,char_wb,"(2, 3)",2,True,0,0.1,balanced,8406,0.8372317941554993
True,char_wb,"(2, 3)",2,True,100000,0.1,balanced,8406,0.8372317941554993
False,char,"(2, 3)",3,True,100000,0.1,balanced,6222,0.8371673577069034
False,char,"(2, 3)",3,True,0,0.1,balanced,6222,0.8371673577069034
False,char_wb,"(2, 5)",3,True,100000,3.0,balanced,8758,0.8371112255914622
False,char_wb,"(2, 5)",3,True,0,3.0,balanced,8758,0.8371112255914622
True,char_wb,"(2, 3)",3,False,0,1.0,none,5165,0.836933815357054
True,char_wb,"(2, 3)",3,False,100000,1.0,none,5165,0.836933815357054
False,char,"(2, 3)",2,True,0,3.0,balanced,10526,0.8368499686796741
False,char,"(2, 3)",2,True,100000,3.0,balanced,10526,0.8368499686796741
False,char_wb,"(2, 4)",2,False,0,0.3,balanced,13220,0.836588181783482
False,char_wb,"(2, 4)",2,False,100000,0.3,balanced,13220,0.836588181783482
True,char,"(2, 3)",1,False,100000,0.3,balanced,26402,0.8364748754869947
True,char,"(2, 3)",1,False,0,0.3,balanced,26402,0.8364748754869947
False,char,"(2, 4)",1,True,0,0.1,balanced,58035,0.8363314960183476
False,char,"(2, 4)",1,True,100000,0.1,balanced,58035,0.8363314960183476
True,char_wb,"(2, 4)",3,True,0,1.0,none,6929,0.8362256150549123
True,char_wb,"(2, 4)",3,True,100000,1.0,none,6929,0.8362256150549123
False,char_wb,"(2, 3)",2,True,100000,3.0,balanced,9187,0.8361493480986777
False,char_wb,"(2, 3)",2,True,0,3.0,balanced,9187,0.8361493480986777
True,char_wb,"(2, 3)",3,True,0,1.0,none,5165,0.8360118589253739
True,char_wb,"(2, 3)",3,True,100000,1.0,none,5165,0.8360118589253739
True,char_wb,"(2, 5)",3,False,100000,1.0,none,7943,0.8359238313641018
True,char_wb,"(2, 5)",3,False,0,1.0,none,7943,0.8359238313641018
True,char_wb,"(2, 5)",3,True,0,1.0,none,7943,0.8358148532782439
True,char_wb,"(2, 5)",3,True,100000,1.0,none,7943,0.8358148532782439
False,char_wb,"(2, 3)",3,True,100000,3.0,none,5604,0.835563925021408
False,char_wb,"(2, 3)",3,True,0,3.0,none,5604,0.835563925021408
True,char_wb,"(2, 4)",2,True,0,1.0,none,12057,0.8355286978005793
True,char_wb,"(2, 4)",2,True,100000,1.0,none,12057,0.8355286978005793
True,char_wb,"(2, 3)",1,True,100000,0.3,balanced,21465,0.8354606217525309
True,char_wb,"(2, 3)",1,True,0,0.3,balanced,21465,0.8354606217525309
True,char_wb,"(2, 3)",1,False,0,0.3,balanced,21465,0.8354606217525309
True,char_wb,"(2, 3)",1,False,100000,0.3,balanced,21465,0.8354606217525309
True,char_wb,"(3, 5)",2,True,0,0.3,balanced,10621,0.8351024536144747
True,char_wb,"(3, 5)",2,True,100000,0.3,balanced,10621,0.8351024536144747
False,char_wb,"(2, 4)",3,False,0,3.0,balanced,7564,0.835067497060663
False,char_wb,"(2, 4)",3,False,100000,3.0,balanced,7564,0.835067497060663
False,char_wb,"(2, 4)",3,True,0,3.0,balanced,7564,0.835067497060663
False,char_wb,"(2, 4)",3,True,100000,3.0,balanced,7564,0.835067497060663
True,char,"(2, 4)",3,True,0,0.1,balanced,8357,0.8350295159535007
True,char,"(2, 4)",3,True,100000,0.1,balanced,8357,0.8350295159535007
True,char_wb,"(2, 4)",2,False,100000,1.0,none,12057,0.8349455374060546
True,char_wb,"(2, 4)",2,False,0,1.0,none,12057,0.8349455374060546
False,char,"(2, 3)",2,True,0,10.0,balanced,10526,0.8348971666476737
False,char,"(2, 3)",2,True,100000,10.0,balanced,10526,0.8348971666476737
True,char,"(2, 3)",1,True,100000,0.3,balanced,26402,0.8348661143370786
True,char,"(2, 3)",1,True,0,0.3,balanced,26402,0.8348661143370786
False,char,"(2, 3)",2,False,0,3.0,none,10526,0.8346969228888941
False,char,"(2, 3)",2,False,100000,3.0,none,10526,0.8346969228888941
True,char_wb,"(3, 5)",2,True,0,0.1,balanced,10621,0.8346350777814037
True,char_wb,"(3, 5)",2,True,100000,0.1,balanced,10621,0.8346350777814037
True,char,"(2, 5)",2,True,0,0.1,balanced,20206,0.8345575471190789
True,char,"(2, 5)",2,True,100000,0.1,balanced,20206,0.8345575471190789
True,char,"(2, 5)",2,False,100000,0.1,balanced,20206,0.8345575471190789
True,char,"(2, 5)",2,False,0,0.1,balanced,20206,0.8345575471190789
False,char,"(2, 3)",1,False,0,0.3,balanced,29262,0.8345557067297363
False,char,"(2, 3)",1,False,100000,0.3,balanced,29262,0.8345557067297363
False,char_wb,"(2, 3)",2,True,100000,10.0,none,9187,0.8344793963953071
False,char_wb,"(2, 3)",2,True,0,10.0,none,9187,0.8344793963953071
False,char,"(2, 3)",3,False,0,0.1,balanced,6222,0.8344724483906019
False,char,"(2, 3)",3,False,100000,0.1,balanced,6222,0.8344724483906019
False,char_wb,"(2, 3)",3,False,0,10.0,balanced,5604,0.8344694069407719
False,char_wb,"(2, 3)",3,False,100000,10.0,balanced,5604,0.8344694069407719
False,char,"(2, 4)",2,False,0,3.0,balanced,16903,0.8344458634977756
False,char,"(2, 4)",2,False,100000,3.0,balanced,16903,0.8344458634977756
True,char_wb,"(2, 4)",1,True,100000,0.1,balanced,35867,0.8343304995232743
True,char_wb,"(2, 4)",1,True,0,0.1,balanced,35867,0.8343304995232743
False,char,"(2, 5)",2,True,100000,0.1,balanced,22551,0.8343283598954498
False,char,"(2, 5)",2,True,0,0.1,balanced,22551,0.8343283598954498
False,char_wb,"(2, 4)",1,True,0,0.1,balanced,41403,0.8342864934786959
False,char_wb,"(2, 4)",1,True,100000,0.1,balanced,41403,0.8342864934786959
False,char_wb,"(2, 3)",1,False,0,0.3,balanced,24396,0.8341877446362038
False,char_wb,"(2, 3)",1,False,100000,0.3,balanced,24396,0.8341877446362038
True,char_wb,"(2, 3)",2,True,100000,3.0,balanced,8406,0.8341722292105426
True,char_wb,"(2, 3)",2,True,0,3.0,balanced,8406,0.8341722292105426
True,char_wb,"(2, 3)",2,False,100000,10.0,balanced,8406,0.8341442640903213
True,char_wb,"(2, 3)",2,False,0,10.0,balanced,8406,0.8341442640903213
False,char,"(2, 5)",3,True,100000,1.0,balanced,11726,0.8340459755877232
False,char,"(2, 5)",3,True,0,1.0,balanced,11726,0.8340459755877232
True,char_wb,"(2, 4)",2,False,0,10.0,balanced,12057,0.834017304972011
True,char_wb,"(2, 4)",2,False,100000,10.0,balanced,12057,0.834017304972011
False,char,"(2, 5)",2,False,0,0.3,balanced,22551,0.8339686207220186
False,char,"(2, 5)",2,True,100000,0.3,balanced,22551,0.8339686207220186
False,char,"(2, 5)",2,False,100000,0.3,balanced,22551,0.8339686207220186
False,char,"(2, 5)",2,True,0,0.3,balanced,22551,0.8339686207220186
True,char_wb,"(2, 3)",1,True,0,1.0,balanced,21465,0.8336983134035969
True,char_wb,"(2, 3)",1,False,0,1.0,balanced,21465,0.8336983134035969
True,char_wb,"(2, 3)",1,True,100000,1.0,balanced,21465,0.8336983134035969
True,char_wb,"(2, 3)",1,False,100000,1.0,balanced,21465,0.8336983134035969
True,char_wb,"(3, 5)",2,False,100000,0.3,balanced,10621,0.8335893485026782
True,char_wb,"(3, 5)",2,False,0,0.3,balanced,10621,0.8335893485026782
False,char,"(2, 5)",3,False,100000,1.0,balanced,11726,0.8335257678750749
False,char,"(2, 5)",3,False,0,1.0,balanced,11726,0.8335257678750749
True,char_wb,"(2, 5)",2,False,0,1.0,none,14348,0.8334798234952027
True,char_wb,"(2, 5)",2,False,100000,1.0,none,14348,0.8334798234952027
True,char_wb,"(2, 5)",3,True,100000,3.0,none,7943,0.8334081954587002
True,char_wb,"(2, 5)",3,True,0,3.0,none,7943,0.8334081954587002
False,char_wb,"(2, 3)",2,False,100000,10.0,none,9187,0.8333659115728246
False,char_wb,"(2, 3)",2,False,0,10.0,none,9187,0.8333659115728246
False,char_wb,"(2, 4)",1,False,100000,0.1,balanced,41403,0.8333596586247427
False,char_wb,"(2, 4)",1,False,0,0.1,balanced,41403,0.8333596586247427
True,char,"(2, 3)",1,True,100000,1.0,balanced,26402,0.8332824383032587
True,char,"(2, 3)",1,True,0,1.0,balanced,26402,0.8332824383032587
False,char,"(2, 5)",2,False,0,0.1,balanced,22551,0.8331912693687955
False,char,"(2, 5)",2,False,100000,0.1,balanced,22551,0.8331912693687955
True,char,"(2, 4)",3,False,100000,0.1,balanced,8357,0.8331029058942474
True,char,"(2, 4)",3,False,0,0.1,balanced,8357,0.8331029058942474
True,char_wb,"(2, 4)",1,False,100000,0.1,balanced,35867,0.8329884723161256
True,char_wb,"(2, 4)",1,False,0,0.1,balanced,35867,0.8329884723161256
True,char,"(2, 4)",2,False,0,0.1,balanced,15320,0.8328602342940821
True,char,"(2, 4)",2,True,100000,0.1,balanced,15320,0.8328602342940821
True,char,"(2, 4)",2,True,0,0.1,balanced,15320,0.8328602342940821
True,char,"(2, 4)",2,False,100000,0.1,balanced,15320,0.8328602342940821
False,char_wb,"(2, 3)",2,True,0,1.0,none,9187,0.8327658777701041
False,char_wb,"(2, 3)",2,True,100000,1.0,none,9187,0.8327658777701041
True,char_wb,"(2, 3)",2,True,0,10.0,balanced,8406,0.8327547064155251
True,char_wb,"(2, 3)",2,True,100000,10.0,balanced,8406,0.8327547064155251
False,char_wb,"(2, 3)",1,True,100000,0.3,balanced,24396,0.8327467616173477
False,char_wb,"(2, 3)",1,True,0,0.3,balanced,24396,0.8327467616173477
False,char,"(2, 4)",2,True,0,3.0,balanced,16903,0.8325297677229638
False,char,"(2, 4)",2,True,100000,3.0,balanced,16903,0.8325297677229638
False,char_wb,"(2, 3)",3,False,0,3.0,none,5604,0.8324965056131608
False,char_wb,"(2, 3)",3,False,100000,3.0,none,5604,0.8324965056131608
True,char_wb,"(3, 5)",3,False,100000,1.0,balanced,5396,0.8324631210687837
True,char_wb,"(3, 5)",3,False,0,1.0,balanced,5396,0.8324631210687837
True,char_wb,"(2, 5)",2,True,0,1.0,none,14348,0.8323665493526381
True,char_wb,"(2, 5)",2,True,100000,1.0,none,14348,0.8323665493526381
False,char_wb,"(2, 4)",3,True,0,3.0,none,7564,0.8322683378615925
False,char_wb,"(2, 4)",3,True,100000,3.0,none,7564,0.8322683378615925
True,char,"(2, 3)",1,False,0,1.0,balanced,26402,0.832122314938991
True,char,"(2, 3)",1,False,100000,1.0,balanced,26402,0.832122314938991
True,char_wb,"(3, 5)",3,True,100000,0.1,balanced,5396,0.8321044525489569
True,char_wb,"(3, 5)",3,False,0,0.1,balanced,5396,0.8321044525489569
True,char_wb,"(3, 5)",3,False,100000,0.1,balanced,5396,0.8321044525489569
True,char_wb,"(3, 5)",3,True,0,0.1,balanced,5396,0.8321044525489569
False,char_wb,"(2, 4)",3,False,100000,3.0,none,7564,0.8320530275090229
False,char_wb,"(2, 4)",3,False,0,3.0,none,7564,0.8320530275090229
False,char,"(2, 5)",3,True,100000,3.0,balanced,11726,0.8319318125625482
False,char,"(2, 5)",3,True,0,3.0,balanced,11726,0.8319318125625482
False,char_wb,"(2, 3)",2,False,0,10.0,balanced,9187,0.8318829909721773
False,char_wb,"(2, 3)",2,False,100000,10.0,balanced,9187,0.8318829909721773
True,char,"(2, 4)",2,False,100000,1.0,balanced,15320,0.8318532440958669
True,char,"(2, 4)",2,False,0,1.0,balanced,15320,0.8318532440958669
True,char,"(2, 3)",1,True,0,0.1,balanced,26402,0.8318422174141225
True,char,"(2, 3)",1,True,100000,0.1,balanced,26402,0.8318422174141225
True,char,"(2, 3)",1,False,0,0.1,balanced,26402,0.8318422174141225
True,char,"(2, 3)",1,False,100000,0.1,balanced,26402,0.8318422174141225
False,char,"(2, 4)",3,True,100000,0.1,balanced,9271,0.8318015517145653
False,char,"(2, 4)",3,True,0,0.1,balanced,9271,0.8318015517145653
False,char,"(2, 5)",3,False,100000,3.0,balanced,11726,0.8317665626722835
False,char,"(2, 5)",3,False,0,3.0,balanced,11726,0.8317665626722835
False,char,"(2, 3)",3,False,0,3.0,balanced,6222,0.831673346151634
False,char,"(2, 3)",3,False,100000,3.0,balanced,6222,0.831673346151634
False,char_wb,"(2, 5)",2,True,100000,0.3,balanced,15892,0.8313727116316003
False,char_wb,"(2, 5)",2,False,100000,0.3,balanced,15892,0.8313727116316003
False,char_wb,"(2, 5)",2,True,0,0.3,balanced,15892,0.8313727116316003
False,char_wb,"(2, 5)",2,False,0,0.3,balanced,15892,0.8313727116316003
False,char,"(2, 3)",3,True,0,3.0,balanced,6222,0.831150037110302
False,char,"(2, 3)",3,True,100000,3.0,balanced,6222,0.831150037110302
False,char_wb,"(2, 3)",2,True,0,10.0,balanced,9187,0.8310327906287502
False,char_wb,"(2, 3)",2,True,100000,10.0,balanced,9187,0.8310327906287502
True,char_wb,"(2, 3)",2,False,0,10.0,none,8406,0.830986362776905
True,char_wb,"(2, 3)",2,False,100000,10.0,none,8406,0.830986362776905
True,char_wb,"(2, 5)",3,False,0,3.0,none,7943,0.8309794798620097
True,char_wb,"(2, 5)",3,False,100000,3.0,none,7943,0.8309794798620097
False,char,"(2, 4)",2,False,100000,10.0,balanced,16903,0.8308215881335168
False,char,"(2, 4)",2,False,0,10.0,balanced,16903,0.8308215881335168
False,char_wb,"(2, 5)",3,False,100000,3.0,none,8758,0.8308137783046459
False,char_wb,"(2, 5)",3,False,0,3.0,none,8758,0.8308137783046459
False,char,"(2, 3)",2,True,0,3.0,none,10526,0.8307919435183003
False,char,"(2, 3)",2,True,100000,3.0,none,10526,0.8307919435183003
True,char_wb,"(2, 4)",2,True,0,10.0,balanced,12057,0.8305899665919649
True,char_wb,"(2, 4)",2,True,100000,10.0,balanced,12057,0.8305899665919649
False,char,"(2, 5)",3,True,100000,0.1,balanced,11726,0.8303747510592037
False,char,"(2, 5)",3,True,0,0.1,balanced,11726,0.8303747510592037
False,char,"(2, 4)",2,True,100000,1.0,balanced,16903,0.830187767658894
False,char,"(2, 4)",2,True,0,1.0,balanced,16903,0.830187767658894
True,char,"(2, 4)",2,True,0,1.0,balanced,15320,0.8301542773998039
True,char,"(2, 4)",2,True,100000,1.0,balanced,15320,0.8301542773998039
True,char_wb,"(3, 5)",3,True,0,1.0,balanced,5396,0.8301484956602319
True,char_wb,"(3, 5)",3,True,100000,1.0,balanced,5396,0.8301484956602319
False,char_wb,"(2, 3)",2,False,0,1.0,none,9187,0.8301395049163044
False,char_wb,"(2, 3)",2,False,100000,1.0,none,9187,0.8301395049163044
True,char_wb,"(2, 4)",1,True,0,1.0,balanced,35867,0.8299065245876535
True,char_wb,"(2, 4)",1,False,0,1.0,balanced,35867,0.8299065245876535
True,char_wb,"(2, 4)",1,True,100000,1.0,balanced,35867,0.8299065245876535
True,char_wb,"(2, 4)",1,False,100000,1.0,balanced,35867,0.8299065245876535
True,char_wb,"(2, 5)",1,True,100000,0.1,balanced,46967,0.8298083182983
True,char_wb,"(2, 5)",1,True,0,0.1,balanced,46967,0.8298083182983
True,char,"(2, 4)",1,False,0,0.1,balanced,52199,0.829775475578034
True,char,"(2, 4)",1,False,100000,0.1,balanced,52199,0.829775475578034
False,char,"(2, 4)",2,False,100000,1.0,balanced,16903,0.8297722489009278
False,char,"(2, 4)",2,False,0,1.0,balanced,16903,0.8297722489009278
True,char_wb,"(2, 3)",3,False,0,10.0,none,5165,0.8294657141743303
True,char_wb,"(2, 3)",3,False,100000,10.0,none,5165,0.8294657141743303
True,char_wb,"(2, 5)",1,False,0,0.1,balanced,46967,0.8293954440986028
True,char_wb,"(2, 5)",1,False,100000,0.1,balanced,46967,0.8293954440986028
False,char,"(2, 5)",3,False,0,0.1,balanced,11726,0.8292483621263335
False,char,"(2, 5)",3,False,100000,0.1,balanced,11726,0.8292483621263335
False,char_wb,"(2, 3)",1,True,100000,0.1,balanced,24396,0.82918550436432
False,char_wb,"(2, 3)",1,False,0,0.1,balanced,24396,0.82918550436432
False,char_wb,"(2, 3)",1,False,100000,0.1,balanced,24396,0.82918550436432
False,char_wb,"(2, 3)",1,True,0,0.1,balanced,24396,0.82918550436432
False,char,"(2, 3)",1,True,0,0.1,balanced,29262,0.8291644047578
False,char,"(2, 3)",1,False,100000,0.1,balanced,29262,0.8291644047578
False,char,"(2, 3)",1,True,100000,0.1,balanced,29262,0.8291644047578
False,char,"(2, 3)",1,False,0,0.1,balanced,29262,0.8291644047578
False,char,"(2, 5)",3,False,100000,10.0,none,11726,0.8290924053430846
False,char,"(2, 5)",3,False,0,10.0,none,11726,0.8290924053430846
True,char,"(2, 3)",3,True,0,3.0,balanced,5674,0.8290754591543671
True,char,"(2, 3)",3,True,100000,3.0,balanced,5674,0.8290754591543671
False,char_wb,"(3, 5)",2,True,0,0.3,balanced,11753,0.8288761391376751
False,char_wb,"(3, 5)",2,True,100000,0.3,balanced,11753,0.8288761391376751
False,char,"(2, 4)",3,False,100000,3.0,balanced,9271,0.8287033098443549
False,char,"(2, 4)",3,False,0,3.0,balanced,9271,0.8287033098443549
False,char_wb,"(2, 3)",1,False,0,10.0,balanced,24396,0.8286808875637307
False,char_wb,"(2, 3)",1,False,100000,10.0,balanced,24396,0.8286808875637307
False,char_wb,"(2, 3)",1,False,100000,3.0,balanced,24396,0.828546036347576
False,char_wb,"(2, 3)",1,False,0,3.0,balanced,24396,0.828546036347576
True,char,"(2, 5)",1,True,100000,0.1,balanced,82161,0.8284434121567542
True,char,"(2, 5)",1,True,0,0.1,balanced,82161,0.8284434121567542
True,char_wb,"(2, 3)",1,False,100000,10.0,balanced,21465,0.8283928914009259
True,char_wb,"(2, 3)",1,False,0,10.0,balanced,21465,0.8283928914009259
False,char,"(2, 4)",3,False,0,10.0,none,9271,0.8282928378172065
False,char,"(2, 4)",3,False,100000,10.0,none,9271,0.8282928378172065
True,char,"(2, 4)",1,True,0,0.1,balanced,52199,0.828222220785373
True,char,"(2, 4)",1,True,100000,0.1,balanced,52199,0.828222220785373
False,char,"(2, 5)",1,False,100000,0.1,balanced,92123,0.8281449306673002
False,char,"(2, 5)",1,False,0,0.1,balanced,92123,0.8281449306673002
True,char,"(2, 3)",2,True,100000,3.0,balanced,9626,0.8280472954480669
True,char,"(2, 3)",2,True,0,3.0,balanced,9626,0.8280472954480669
False,char_wb,"(3, 5)",2,False,0,0.3,balanced,11753,0.8280199087053772
False,char_wb,"(3, 5)",2,False,100000,0.3,balanced,11753,0.8280199087053772
False,char,"(2, 3)",3,False,0,3.0,none,6222,0.8278483646361113
False,char,"(2, 3)",3,False,100000,3.0,none,6222,0.8278483646361113
False,char,"(2, 4)",2,True,0,10.0,balanced,16903,0.8278101853545823
False,char,"(2, 4)",2,True,100000,10.0,balanced,16903,0.8278101853545823
True,char,"(2, 3)",3,False,100000,3.0,balanced,5674,0.8272231397218534
True,char,"(2, 3)",3,False,0,3.0,balanced,5674,0.8272231397218534
False,char_wb,"(2, 3)",3,False,0,10.0,none,5604,0.827156764002169
False,char_wb,"(2, 3)",3,False,100000,10.0,none,5604,0.827156764002169
False,char,"(2, 3)",2,False,100000,10.0,none,10526,0.8271481933033322
False,char,"(2, 3)",2,False,0,10.0,none,10526,0.8271481933033322
False,char_wb,"(2, 3)",3,True,100000,1.0,none,5604,0.8271208326711001
False,char_wb,"(2, 3)",3,True,0,1.0,none,5604,0.8271208326711001
False,char,"(2, 3)",3,True,0,3.0,none,6222,0.8269383996094657
False,char,"(2, 3)",3,True,100000,3.0,none,6222,0.8269383996094657
False,char_wb,"(2, 3)",1,True,0,3.0,balanced,24396,0.8268676991768227
False,char_wb,"(2, 3)",1,True,100000,3.0,balanced,24396,0.8268676991768227
False,char_wb,"(2, 3)",1,False,0,10.0,none,24396,0.8267729189890956
False,char_wb,"(2, 3)",1,False,100000,10.0,none,24396,0.8267729189890956
True,char_wb,"(2, 3)",2,True,0,10.0,none,8406,0.8263409930454643
True,char_wb,"(2, 3)",2,True,100000,10.0,none,8406,0.8263409930454643
False,char_wb,"(2, 4)",2,True,100000,1.0,none,13220,0.8262690973570027
False,char_wb,"(2, 4)",2,True,0,1.0,none,13220,0.8262690973570027
False,char_wb,"(2, 4)",2,False,100000,1.0,none,13220,0.8262690973570027
False,char_wb,"(2, 4)",2,False,0,1.0,none,13220,0.8262690973570027
False,char,"(2, 3)",1,False,100000,1.0,balanced,29262,0.8262012349092452
False,char,"(2, 3)",1,False,0,1.0,balanced,29262,0.8262012349092452
False,char,"(2, 3)",1,False,0,3.0,balanced,29262,0.8261799577499512
False,char,"(2, 3)",1,False,100000,3.0,balanced,29262,0.8261799577499512
False,char,"(2, 4)",3,False,0,10.0,balanced,9271,0.8261251909518729
False,char,"(2, 4)",3,False,100000,10.0,balanced,9271,0.8261251909518729
False,char_wb,"(2, 3)",3,False,0,1.0,none,5604,0.8259939198416548
False,char_wb,"(2, 3)",3,False,100000,1.0,none,5604,0.8259939198416548
False,char_wb,"(2, 3)",1,True,100000,10.0,none,24396,0.8259778125503614
False,char_wb,"(2, 3)",1,True,0,10.0,none,24396,0.8259778125503614
True,char,"(2, 4)",1,True,100000,0.3,balanced,52199,0.8258995139726577
True,char,"(2, 4)",1,True,0,0.3,balanced,52199,0.8258995139726577
True,char_wb,"(2, 4)",3,True,100000,10.0,none,6929,0.8258556927900709
True,char_wb,"(2, 4)",3,True,0,10.0,none,6929,0.8258556927900709
True,char,"(2, 3)",3,False,0,3.0,none,5674,0.8258012124052291
True,char,"(2, 3)",3,False,100000,3.0,none,5674,0.8258012124052291
True,char,"(2, 4)",2,True,0,3.0,balanced,15320,0.8257380236037141
True,char,"(2, 4)",2,True,100000,3.0,balanced,15320,0.8257380236037141
False,char_wb,"(2, 4)",1,False,0,0.3,balanced,41403,0.8252868721554781
False,char_wb,"(2, 4)",1,False,100000,0.3,balanced,41403,0.8252868721554781
True,char_wb,"(2, 3)",1,True,100000,3.0,balanced,21465,0.8252649271352568
True,char_wb,"(2, 3)",1,True,0,3.0,balanced,21465,0.8252649271352568
True,char,"(2, 5)",1,False,100000,0.1,balanced,82161,0.8252406687524728
True,char,"(2, 5)",1,False,0,0.1,balanced,82161,0.8252406687524728
True,char,"(2, 4)",1,False,0,0.3,balanced,52199,0.8251222564736023
True,char,"(2, 4)",1,False,100000,0.3,balanced,52199,0.8251222564736023
False,char,"(2, 4)",3,False,0,0.1,balanced,9271,0.8249611100482529
False,char,"(2, 4)",3,False,100000,0.1,balanced,9271,0.8249611100482529
False,char,"(2, 5)",3,True,0,10.0,none,11726,0.8248257177480767
False,char,"(2, 5)",3,True,100000,10.0,none,11726,0.8248257177480767
False,char,"(2, 3)",1,True,100000,1.0,balanced,29262,0.824796511570102
False,char,"(2, 3)",1,True,0,1.0,balanced,29262,0.824796511570102
False,char,"(2, 3)",1,True,100000,3.0,balanced,29262,0.824771473671745
False,char,"(2, 3)",1,True,0,3.0,balanced,29262,0.824771473671745
False,char,"(2, 4)",3,True,100000,3.0,balanced,9271,0.8247382739502391
False,char,"(2, 4)",3,True,0,3.0,balanced,9271,0.8247382739502391
False,char_wb,"(2, 3)",3,True,0,10.0,none,5604,0.8246300130986145
False,char_wb,"(2, 3)",3,True,100000,10.0,none,5604,0.8246300130986145
True,char,"(2, 3)",2,False,100000,3.0,balanced,9626,0.8245021141078489
True,char,"(2, 3)",2,False,0,3.0,balanced,9626,0.8245021141078489
False,char,"(2, 5)",1,True,0,0.1,balanced,92123,0.8243615307305452
False,char,"(2, 5)",1,True,100000,0.1,balanced,92123,0.8243615307305452
True,char_wb,"(2, 3)",1,False,100000,3.0,balanced,21465,0.8243599472631286
True,char_wb,"(2, 3)",1,False,0,3.0,balanced,21465,0.8243599472631286
False,char,"(2, 4)",2,True,0,10.0,none,16903,0.8242993804274584
False,char,"(2, 4)",2,True,100000,10.0,none,16903,0.8242993804274584
True,char_wb,"(2, 3)",1,True,0,10.0,balanced,21465,0.8240830790496236
True,char_wb,"(2, 3)",1,True,100000,10.0,balanced,21465,0.8240830790496236
False,char,"(2, 4)",3,False,100000,3.0,none,9271,0.824068754063439
False,char,"(2, 4)",3,False,0,3.0,none,9271,0.824068754063439
True,char,"(2, 4)",2,False,0,3.0,balanced,15320,0.8239684375462232
True,char,"(2, 4)",2,False,100000,3.0,balanced,15320,0.8239684375462232
False,char,"(2, 5)",3,True,0,10.0,balanced,11726,0.8236804563773724
False,char,"(2, 5)",3,True,100000,10.0,balanced,11726,0.8236804563773724
False,char,"(2, 5)",3,False,0,10.0,balanced,11726,0.8235464029167614
False,char,"(2, 5)",3,False,100000,10.0,balanced,11726,0.8235464029167614
False,char,"(2, 4)",3,True,0,3.0,none,9271,0.8233562085937852
False,char,"(2, 4)",3,True,100000,3.0,none,9271,0.8233562085937852
True,char_wb,"(2, 5)",1,False,100000,0.3,balanced,46967,0.8232742873205059
True,char_wb,"(2, 5)",1,False,0,0.3,balanced,46967,0.8232742873205059
False,char,"(2, 4)",3,False,100000,1.0,balanced,9271,0.8229857949700302
False,char,"(2, 4)",3,False,0,1.0,balanced,9271,0.8229857949700302
False,char,"(2, 3)",2,True,100000,10.0,none,10526,0.8229528607810004
False,char,"(2, 3)",2,True,0,10.0,none,10526,0.8229528607810004
True,char_wb,"(2, 4)",1,False,0,0.3,balanced,35867,0.822925240023904
True,char_wb,"(2, 4)",1,False,100000,0.3,balanced,35867,0.822925240023904
False,char_wb,"(2, 4)",1,True,0,0.3,balanced,41403,0.8227918285367192
False,char_wb,"(2, 4)",1,True,100000,0.3,balanced,41403,0.8227918285367192
True,char,"(2, 3)",2,True,0,3.0,none,9626,0.8226439074372723
True,char,"(2, 3)",2,True,100000,3.0,none,9626,0.8226439074372723
False,char,"(2, 4)",2,False,0,10.0,none,16903,0.8225345385287532
False,char,"(2, 4)",2,False,100000,10.0,none,16903,0.8225345385287532
False,char_wb,"(2, 4)",3,False,0,10.0,balanced,7564,0.8224142490850475
False,char_wb,"(2, 4)",3,False,100000,10.0,balanced,7564,0.8224142490850475
False,char_wb,"(3, 5)",3,False,0,1.0,balanced,5958,0.8220331370128783
False,char_wb,"(3, 5)",3,False,100000,1.0,balanced,5958,0.8220331370128783
True,char_wb,"(2, 3)",3,True,0,10.0,none,5165,0.8219357858650338
True,char_wb,"(2, 3)",3,True,100000,10.0,none,5165,0.8219357858650338
False,char,"(2, 4)",3,True,100000,1.0,balanced,9271,0.8218620975371621
False,char,"(2, 4)",3,True,0,1.0,balanced,9271,0.8218620975371621
True,char_wb,"(2, 4)",1,True,100000,10.0,none,35867,0.8215843721726931
True,char_wb,"(2, 4)",1,True,0,10.0,none,35867,0.8215843721726931
False,char_wb,"(2, 3)",1,True,0,10.0,balanced,24396,0.8215374166454472
False,char_wb,"(2, 3)",1,True,100000,10.0,balanced,24396,0.8215374166454472
True,char_wb,"(2, 4)",1,True,0,0.3,balanced,35867,0.8215045717853289
True,char_wb,"(2, 4)",1,True,100000,0.3,balanced,35867,0.8215045717853289
True,char,"(2, 4)",3,True,100000,3.0,balanced,8357,0.8213263291709675
True,char,"(2, 4)",3,True,0,3.0,balanced,8357,0.8213263291709675
True,char_wb,"(2, 5)",1,True,0,0.3,balanced,46967,0.8212990632974918
True,char_wb,"(2, 5)",1,True,100000,0.3,balanced,46967,0.8212990632974918
False,char,"(2, 4)",3,True,100000,10.0,balanced,9271,0.8212640609335101
False,char,"(2, 4)",3,True,0,10.0,balanced,9271,0.8212640609335101
False,char,"(2, 3)",3,True,100000,10.0,balanced,6222,0.8212085209083598
False,char,"(2, 3)",3,True,0,10.0,balanced,6222,0.8212085209083598
True,char_wb,"(2, 4)",1,True,100000,10.0,balanced,35867,0.8204566880130629
True,char_wb,"(2, 4)",1,True,0,10.0,balanced,35867,0.8204566880130629
True,char_wb,"(2, 5)",2,True,100000,3.0,none,14348,0.820341164706571
True,char_wb,"(2, 5)",2,True,0,3.0,none,14348,0.820341164706571
False,char_wb,"(2, 4)",2,False,0,3.0,none,13220,0.8201409074476558
False,char_wb,"(2, 4)",2,False,100000,3.0,none,13220,0.8201409074476558
False,char_wb,"(2, 5)",3,False,100000,1.0,none,8758,0.820054308817683
False,char_wb,"(2, 5)",3,False,0,1.0,none,8758,0.820054308817683
False,char_wb,"(2, 5)",2,True,0,3.0,balanced,15892,0.8199861611224082
False,char_wb,"(2, 5)",2,True,100000,3.0,balanced,15892,0.8199861611224082
False,char_wb,"(3, 5)",2,True,100000,1.0,balanced,11753,0.8199511653809741
False,char_wb,"(3, 5)",2,True,0,1.0,balanced,11753,0.8199511653809741
False,char,"(2, 3)",3,False,100000,10.0,balanced,6222,0.8198020511474596
False,char,"(2, 3)",3,False,0,10.0,balanced,6222,0.8198020511474596
True,char_wb,"(2, 4)",1,True,0,3.0,balanced,35867,0.8197331021554187
True,char_wb,"(2, 4)",1,True,100000,3.0,balanced,35867,0.8197331021554187
False,char_wb,"(2, 4)",2,True,100000,3.0,none,13220,0.8196226145721095
False,char_wb,"(2, 4)",2,True,0,3.0,none,13220,0.8196226145721095
False,char_wb,"(2, 5)",1,False,100000,0.3,balanced,55520,0.8196184418884538
False,char_wb,"(2, 5)",1,False,0,0.3,balanced,55520,0.8196184418884538
True,char_wb,"(2, 4)",1,False,0,10.0,balanced,35867,0.8195391191889304
True,char_wb,"(2, 4)",1,False,100000,10.0,balanced,35867,0.8195391191889304
True,char_wb,"(2, 4)",1,False,100000,3.0,balanced,35867,0.8194792475388801
True,char_wb,"(2, 4)",1,False,0,3.0,balanced,35867,0.8194792475388801
True,char_wb,"(2, 3)",1,True,100000,0.1,balanced,21465,0.8194732365569294
True,char_wb,"(2, 3)",1,True,0,0.1,balanced,21465,0.8194732365569294
False,char,"(2, 4)",2,False,0,1.0,none,16903,0.8193228758574826
False,char,"(2, 4)",2,False,100000,1.0,none,16903,0.8193228758574826
True,char,"(2, 4)",2,True,100000,10.0,balanced,15320,0.8192081520467905
True,char,"(2, 4)",2,True,0,10.0,balanced,15320,0.8192081520467905
False,char_wb,"(2, 4)",3,False,0,1.0,none,7564,0.8191092881209902
False,char_wb,"(2, 4)",3,False,100000,1.0,none,7564,0.8191092881209902
False,char,"(2, 4)",3,True,100000,10.0,none,9271,0.8189161940990123
False,char,"(2, 4)",3,True,0,10.0,none,9271,0.8189161940990123
True,char_wb,"(2, 4)",1,True,100000,3.0,none,35867,0.8188733870580244
True,char_wb,"(2, 4)",1,True,0,3.0,none,35867,0.8188733870580244
True,char,"(2, 5)",3,False,100000,1.0,none,10454,0.8188627119024328
True,char,"(2, 5)",3,True,100000,1.0,none,10454,0.8188627119024328
True,char,"(2, 5)",3,True,0,1.0,none,10454,0.8188627119024328
True,char,"(2, 5)",3,False,0,1.0,none,10454,0.8188627119024328
True,char_wb,"(2, 5)",1,True,0,3.0,balanced,46967,0.8183333992509472
True,char_wb,"(2, 5)",1,True,100000,3.0,balanced,46967,0.8183333992509472
False,char_wb,"(2, 5)",1,True,100000,0.3,balanced,55520,0.8183159579612435
False,char_wb,"(2, 5)",1,True,0,0.3,balanced,55520,0.8183159579612435
False,char_wb,"(3, 5)",2,False,100000,1.0,balanced,11753,0.8182760597418881
False,char_wb,"(3, 5)",2,False,0,1.0,balanced,11753,0.8182760597418881
True,char_wb,"(2, 5)",1,False,100000,3.0,balanced,46967,0.8181233436812938
True,char_wb,"(2, 5)",1,False,0,3.0,balanced,46967,0.8181233436812938
True,char,"(2, 4)",3,False,100000,3.0,balanced,8357,0.8180939765137712
True,char,"(2, 4)",3,False,0,3.0,balanced,8357,0.8180939765137712
False,char,"(2, 3)",3,False,0,10.0,none,6222,0.8180608166399769
False,char,"(2, 3)",3,False,100000,10.0,none,6222,0.8180608166399769
False,char,"(2, 5)",2,False,0,1.0,balanced,22551,0.8180532602753914
False,char,"(2, 5)",2,True,100000,1.0,balanced,22551,0.8180532602753914
False,char,"(2, 5)",2,False,100000,1.0,balanced,22551,0.8180532602753914
False,char,"(2, 5)",2,True,0,1.0,balanced,22551,0.8180532602753914
True,char_wb,"(2, 3)",1,False,100000,0.1,balanced,21465,0.8178892351302738
True,char_wb,"(2, 3)",1,False,0,0.1,balanced,21465,0.8178892351302738
True,char,"(2, 3)",2,False,100000,10.0,none,9626,0.8175243420460058
True,char,"(2, 3)",2,False,0,10.0,none,9626,0.8175243420460058
True,char_wb,"(2, 5)",2,False,100000,3.0,none,14348,0.8174555154411842
True,char_wb,"(2, 5)",2,False,0,3.0,none,14348,0.8174555154411842
True,char,"(2, 4)",2,False,0,10.0,balanced,15320,0.8171927967383883
True,char,"(2, 4)",2,False,100000,10.0,balanced,15320,0.8171927967383883
False,char,"(2, 4)",2,True,0,1.0,none,16903,0.8171527993716933
False,char,"(2, 4)",2,True,100000,1.0,none,16903,0.8171527993716933
False,char_wb,"(2, 5)",3,True,0,1.0,none,8758,0.816860761801665
False,char_wb,"(2, 5)",3,True,100000,1.0,none,8758,0.816860761801665
True,char_wb,"(2, 4)",1,False,0,3.0,none,35867,0.8168541812844412
True,char_wb,"(2, 4)",1,False,100000,3.0,none,35867,0.8168541812844412
True,char_wb,"(2, 5)",1,False,0,10.0,balanced,46967,0.8167406425876411
True,char_wb,"(2, 5)",1,False,100000,10.0,balanced,46967,0.8167406425876411
False,char_wb,"(2, 4)",3,True,0,1.0,none,7564,0.8167330503514365
False,char_wb,"(2, 4)",3,True,100000,1.0,none,7564,0.8167330503514365
True,char_wb,"(2, 5)",1,True,100000,1.0,balanced,46967,0.8167325208096228
True,char_wb,"(2, 5)",1,False,0,1.0,balanced,46967,0.8167325208096228
True,char_wb,"(2, 5)",1,True,0,1.0,balanced,46967,0.8167325208096228
True,char_wb,"(2, 5)",1,False,100000,1.0,balanced,46967,0.8167325208096228
True,char,"(2, 4)",3,True,0,1.0,none,8357,0.8166116900846628
True,char,"(2, 4)",3,True,100000,1.0,none,8357,0.8166116900846628
False,char_wb,"(3, 5)",3,True,0,0.3,balanced,5958,0.8165851994448414
False,char_wb,"(3, 5)",3,True,100000,0.3,balanced,5958,0.8165851994448414
False,char_wb,"(3, 5)",3,False,0,0.3,balanced,5958,0.8165851994448414
False,char_wb,"(3, 5)",3,False,100000,0.3,balanced,5958,0.8165851994448414
True,char,"(2, 4)",2,False,0,1.0,none,15320,0.8165560427254199
True,char,"(2, 4)",2,False,100000,1.0,none,15320,0.8165560427254199
True,char_wb,"(2, 5)",1,True,0,10.0,balanced,46967,0.816496531997688
True,char_wb,"(2, 5)",1,True,100000,10.0,balanced,46967,0.816496531997688
False,char_wb,"(2, 3)",2,True,0,0.3,none,9187,0.8161639599776365
False,char_wb,"(2, 3)",2,True,100000,0.3,none,9187,0.8161639599776365
True,char,"(2, 4)",3,True,0,10.0,balanced,8357,0.8161391462172661
True,char,"(2, 4)",3,True,100000,10.0,balanced,8357,0.8161391462172661
True,char_wb,"(2, 4)",1,False,100000,10.0,none,35867,0.8160299698324239
True,char_wb,"(2, 4)",1,False,0,10.0,none,35867,0.8160299698324239
False,char,"(2, 3)",2,False,0,1.0,none,10526,0.8158846071537427
False,char,"(2, 3)",2,False,100000,1.0,none,10526,0.8158846071537427
False,char_wb,"(2, 5)",1,False,100000,0.1,balanced,55520,0.8158303535061668
False,char_wb,"(2, 5)",1,False,0,0.1,balanced,55520,0.8158303535061668
True,char_wb,"(2, 4)",2,True,100000,10.0,none,12057,0.8157606511911034
True,char_wb,"(2, 4)",2,True,0,10.0,none,12057,0.8157606511911034
True,char,"(2, 4)",3,False,0,1.0,none,8357,0.815698556459964
True,char,"(2, 4)",3,False,100000,1.0,none,8357,0.815698556459964
False,char,"(2, 3)",1,True,0,10.0,balanced,29262,0.815675562342256
False,char,"(2, 3)",1,True,100000,10.0,balanced,29262,0.815675562342256
True,char_wb,"(2, 3)",2,False,100000,1.0,none,8406,0.8153323831509242
True,char_wb,"(2, 3)",2,False,0,1.0,none,8406,0.8153323831509242
True,char,"(2, 3)",2,True,0,10.0,none,9626,0.8151145134700107
True,char,"(2, 3)",2,True,100000,10.0,none,9626,0.8151145134700107
False,char_wb,"(2, 3)",1,True,100000,3.0,none,24396,0.815074100609987
False,char_wb,"(2, 3)",1,True,0,3.0,none,24396,0.815074100609987
False,char_wb,"(2, 5)",2,False,0,3.0,none,15892,0.814913390963633
False,char_wb,"(2, 5)",2,False,100000,3.0,none,15892,0.814913390963633
True,char,"(2, 3)",3,True,100000,3.0,none,5674,0.8149016668249712
True,char,"(2, 3)",3,True,0,3.0,none,5674,0.8149016668249712
False,char,"(2, 5)",3,False,0,3.0,none,11726,0.8148618210848617
False,char,"(2, 5)",3,False,100000,3.0,none,11726,0.8148618210848617
True,char_wb,"(2, 3)",2,False,0,0.3,none,8406,0.8148317080152874
True,char_wb,"(2, 3)",2,False,100000,0.3,none,8406,0.8148317080152874
True,char,"(2, 4)",2,True,100000,1.0,none,15320,0.8146805515709913
True,char,"(2, 4)",2,True,0,1.0,none,15320,0.8146805515709913
False,char_wb,"(2, 5)",1,True,0,0.1,balanced,55520,0.8142734080899071
False,char_wb,"(2, 5)",1,True,100000,0.1,balanced,55520,0.8142734080899071
False,char,"(2, 3)",2,True,100000,1.0,none,10526,0.8141089545259591
False,char,"(2, 3)",2,True,0,1.0,none,10526,0.8141089545259591
False,char_wb,"(3, 5)",3,True,100000,1.0,balanced,5958,0.8139391170756559
False,char_wb,"(3, 5)",3,True,0,1.0,balanced,5958,0.8139391170756559
True,char_wb,"(2, 3)",2,True,0,1.0,none,8406,0.8139133498675509
True,char_wb,"(2, 3)",2,True,100000,1.0,none,8406,0.8139133498675509
True,char,"(2, 4)",1,False,100000,3.0,balanced,52199,0.813796821141475
True,char,"(2, 4)",1,False,0,3.0,balanced,52199,0.813796821141475
False,char_wb,"(2, 4)",2,False,100000,10.0,balanced,13220,0.8135124340058881
False,char_wb,"(2, 4)",2,False,0,10.0,balanced,13220,0.8135124340058881
True,char,"(2, 5)",2,False,0,1.0,balanced,20206,0.8134814970888393
True,char,"(2, 5)",2,False,100000,1.0,balanced,20206,0.8134814970888393
False,char_wb,"(2, 5)",2,True,100000,3.0,none,15892,0.813413382894979
False,char_wb,"(2, 5)",2,True,0,3.0,none,15892,0.813413382894979
False,char_wb,"(2, 3)",2,False,0,0.3,none,9187,0.8133256746714691
False,char_wb,"(2, 3)",2,False,100000,0.3,none,9187,0.8133256746714691
False,char,"(2, 4)",3,False,100000,1.0,none,9271,0.8132689419564866
False,char,"(2, 4)",3,False,0,1.0,none,9271,0.8132689419564866
False,char,"(2, 3)",3,True,0,10.0,none,6222,0.8132171611106216
False,char,"(2, 3)",3,True,100000,10.0,none,6222,0.8132171611106216
True,char_wb,"(2, 5)",2,True,0,10.0,balanced,14348,0.8131008556255621
True,char_wb,"(2, 5)",2,True,100000,10.0,balanced,14348,0.8131008556255621
True,char,"(2, 3)",2,False,100000,10.0,balanced,9626,0.8129481534849263
True,char,"(2, 3)",2,False,0,10.0,balanced,9626,0.8129481534849263
False,char_wb,"(2, 4)",1,True,0,3.0,balanced,41403,0.8126616419685578
False,char_wb,"(2, 4)",1,True,100000,3.0,balanced,41403,0.8126616419685578
True,char_wb,"(2, 5)",2,False,100000,10.0,balanced,14348,0.8125797389303766
True,char_wb,"(2, 5)",2,False,0,10.0,balanced,14348,0.8125797389303766
False,char_wb,"(2, 3)",3,False,0,0.3,none,5604,0.8125499052918408
False,char_wb,"(2, 3)",3,False,100000,0.3,none,5604,0.8125499052918408
False,char,"(2, 4)",1,False,0,0.3,balanced,58035,0.8124861499922532
False,char,"(2, 4)",1,False,100000,0.3,balanced,58035,0.8124861499922532
False,char,"(2, 5)",2,False,100000,3.0,balanced,22551,0.8124484833973191
False,char,"(2, 5)",2,False,0,3.0,balanced,22551,0.8124484833973191
False,char_wb,"(2, 3)",1,False,0,3.0,none,24396,0.8123843712675154
False,char_wb,"(2, 3)",1,False,100000,3.0,none,24396,0.8123843712675154
False,char,"(2, 3)",1,True,100000,1.0,none,29262,0.8122609535931683
False,char,"(2, 3)",1,True,0,1.0,none,29262,0.8122609535931683
True,char,"(2, 3)",3,False,100000,10.0,none,5674,0.8121454362775642
True,char,"(2, 3)",3,False,0,10.0,none,5674,0.8121454362775642
True,char,"(2, 3)",3,True,0,10.0,none,5674,0.8121249209984982
True,char,"(2, 3)",3,True,100000,10.0,none,5674,0.8121249209984982
True,char,"(2, 5)",1,False,0,10.0,balanced,82161,0.8120550715481462
True,char,"(2, 5)",1,False,100000,10.0,balanced,82161,0.8120550715481462
False,char_wb,"(2, 5)",1,False,100000,1.0,balanced,55520,0.8120486027693805
False,char_wb,"(2, 5)",1,False,0,1.0,balanced,55520,0.8120486027693805
True,char,"(2, 5)",3,False,0,3.0,none,10454,0.8119753203237683
True,char,"(2, 5)",3,False,100000,3.0,none,10454,0.8119753203237683
True,char,"(2, 4)",1,True,100000,3.0,balanced,52199,0.8119188499734357
True,char,"(2, 4)",1,True,0,3.0,balanced,52199,0.8119188499734357
True,char,"(2, 3)",3,False,100000,1.0,none,5674,0.8117935927266892
True,char,"(2, 3)",3,False,0,1.0,none,5674,0.8117935927266892
False,char,"(2, 5)",2,True,0,3.0,balanced,22551,0.8117252837100466
False,char,"(2, 5)",2,True,100000,3.0,balanced,22551,0.8117252837100466
False,char,"(2, 3)",1,False,100000,1.0,none,29262,0.81171428714895
False,char,"(2, 3)",1,False,0,1.0,none,29262,0.81171428714895
False,char_wb,"(2, 4)",2,False,100000,10.0,none,13220,0.8116848233442692
False,char_wb,"(2, 4)",2,False,0,10.0,none,13220,0.8116848233442692
True,char,"(2, 5)",3,True,100000,3.0,none,10454,0.8116010760093932
True,char,"(2, 5)",3,True,0,3.0,none,10454,0.8116010760093932
True,char_wb,"(3, 5)",3,True,100000,3.0,balanced,5396,0.8114631663375041
True,char_wb,"(3, 5)",3,True,0,3.0,balanced,5396,0.8114631663375041
True,char,"(2, 4)",3,False,100000,10.0,balanced,8357,0.8114071227156965
True,char,"(2, 4)",3,False,0,10.0,balanced,8357,0.8114071227156965
False,char_wb,"(2, 4)",1,False,0,3.0,balanced,41403,0.8112688459792332
False,char_wb,"(2, 4)",1,False,100000,3.0,balanced,41403,0.8112688459792332
False,char,"(2, 5)",3,False,100000,1.0,none,11726,0.8112649441660545
False,char,"(2, 5)",3,False,0,1.0,none,11726,0.8112649441660545
True,char,"(2, 3)",2,True,0,10.0,balanced,9626,0.8111545270946005
True,char,"(2, 3)",2,True,100000,10.0,balanced,9626,0.8111545270946005
False,char_wb,"(2, 5)",1,True,0,1.0,balanced,55520,0.8111091130923319
False,char_wb,"(2, 5)",1,True,100000,1.0,balanced,55520,0.8111091130923319
False,char,"(2, 4)",3,True,0,1.0,none,9271,0.8110562225347487
False,char,"(2, 4)",3,True,100000,1.0,none,9271,0.8110562225347487
False,char,"(2, 4)",1,True,100000,0.3,balanced,58035,0.8109971117959345
False,char,"(2, 4)",1,True,0,0.3,balanced,58035,0.8109971117959345
True,char_wb,"(3, 5)",3,False,100000,3.0,balanced,5396,0.8108660583460594
True,char_wb,"(3, 5)",3,False,0,3.0,balanced,5396,0.8108660583460594
False,char_wb,"(2, 4)",2,True,0,10.0,balanced,13220,0.8107739683113918
False,char_wb,"(2, 4)",2,True,100000,10.0,balanced,13220,0.8107739683113918
False,char,"(2, 3)",3,False,100000,1.0,none,6222,0.8106491675326465
False,char,"(2, 3)",3,False,0,1.0,none,6222,0.8106491675326465
True,char,"(2, 5)",1,True,100000,10.0,balanced,82161,0.8103538856252673
True,char,"(2, 5)",1,True,0,10.0,balanced,82161,0.8103538856252673
False,char_wb,"(2, 5)",3,True,0,3.0,none,8758,0.8102725448820635
False,char_wb,"(2, 5)",3,True,100000,3.0,none,8758,0.8102725448820635
True,char,"(2, 3)",3,True,100000,1.0,none,5674,0.8100076433893375
True,char,"(2, 3)",3,True,0,1.0,none,5674,0.8100076433893375
False,char,"(2, 4)",2,False,0,3.0,none,16903,0.8098210479115098
False,char,"(2, 4)",2,False,100000,3.0,none,16903,0.8098210479115098
False,char_wb,"(2, 4)",1,True,0,1.0,balanced,41403,0.8094223457881551
False,char_wb,"(2, 4)",1,True,100000,1.0,balanced,41403,0.8094223457881551
True,char_wb,"(2, 5)",3,False,100000,10.0,none,7943,0.8092055366232109
True,char_wb,"(2, 5)",3,False,0,10.0,none,7943,0.8092055366232109
True,char_wb,"(2, 3)",1,False,100000,10.0,none,21465,0.8085546685281108
True,char_wb,"(2, 3)",1,False,0,10.0,none,21465,0.8085546685281108
True,char_wb,"(2, 5)",1,True,100000,3.0,none,46967,0.8084826021642765
True,char_wb,"(2, 5)",1,True,0,3.0,none,46967,0.8084826021642765
True,char,"(2, 3)",2,False,100000,1.0,none,9626,0.8084615805277617
True,char,"(2, 3)",2,False,0,1.0,none,9626,0.8084615805277617
False,char_wb,"(2, 3)",3,True,0,0.3,none,5604,0.8083361083361084
False,char_wb,"(2, 3)",3,True,100000,0.3,none,5604,0.8083361083361084
False,char_wb,"(3, 5)",3,False,100000,0.1,balanced,5958,0.808272321786248
False,char_wb,"(3, 5)",3,True,0,0.1,balanced,5958,0.808272321786248
False,char_wb,"(3, 5)",3,True,100000,0.1,balanced,5958,0.808272321786248
False,char_wb,"(3, 5)",3,False,0,0.1,balanced,5958,0.808272321786248
False,char_wb,"(2, 4)",1,False,100000,1.0,balanced,41403,0.8082690546009716
False,char_wb,"(2, 4)",1,False,0,1.0,balanced,41403,0.8082690546009716
True,char,"(2, 4)",1,True,100000,1.0,none,52199,0.808171128575291
True,char,"(2, 4)",1,True,0,1.0,none,52199,0.808171128575291
True,char_wb,"(2, 5)",2,False,100000,10.0,none,14348,0.8080424958789433
True,char_wb,"(2, 5)",2,False,0,10.0,none,14348,0.8080424958789433
True,char,"(2, 5)",2,True,0,1.0,none,20206,0.807990019587372
True,char,"(2, 5)",2,True,100000,1.0,none,20206,0.807990019587372
False,char_wb,"(2, 3)",1,False,0,1.0,none,24396,0.8079657361582349
False,char_wb,"(2, 3)",1,False,100000,1.0,none,24396,0.8079657361582349
False,char_wb,"(2, 4)",2,True,0,10.0,none,13220,0.8079030251094799
False,char_wb,"(2, 4)",2,True,100000,10.0,none,13220,0.8079030251094799
True,char_wb,"(2, 3)",2,True,100000,0.3,none,8406,0.8078843684491637
True,char_wb,"(2, 3)",2,True,0,0.3,none,8406,0.8078843684491637
True,char,"(2, 4)",2,False,0,3.0,none,15320,0.8078674450686357
True,char,"(2, 4)",2,False,100000,3.0,none,15320,0.8078674450686357
True,char_wb,"(2, 4)",2,False,100000,10.0,none,12057,0.8076926912263779
True,char_wb,"(2, 4)",2,False,0,10.0,none,12057,0.8076926912263779
True,char,"(2, 4)",1,False,0,1.0,none,52199,0.8076309004459835
True,char,"(2, 4)",1,False,100000,1.0,none,52199,0.8076309004459835
True,char,"(2, 3)",3,False,0,10.0,balanced,5674,0.807623582334102
True,char,"(2, 3)",3,False,100000,10.0,balanced,5674,0.807623582334102
False,char_wb,"(2, 5)",2,False,0,10.0,balanced,15892,0.8076170622377892
False,char_wb,"(2, 5)",2,False,100000,10.0,balanced,15892,0.8076170622377892
True,char,"(2, 3)",2,True,100000,1.0,none,9626,0.8075645129624732
True,char,"(2, 3)",2,True,0,1.0,none,9626,0.8075645129624732
False,char_wb,"(3, 5)",2,False,0,3.0,balanced,11753,0.8073622224064173
False,char_wb,"(3, 5)",2,True,0,3.0,balanced,11753,0.8073622224064173
False,char_wb,"(3, 5)",2,True,100000,3.0,balanced,11753,0.8073622224064173
False,char_wb,"(3, 5)",2,False,100000,3.0,balanced,11753,0.8073622224064173
True,char_wb,"(3, 5)",1,False,0,0.1,balanced,39210,0.8073537890045301
True,char_wb,"(3, 5)",1,True,0,0.1,balanced,39210,0.8073537890045301
True,char_wb,"(3, 5)",1,True,100000,0.1,balanced,39210,0.8073537890045301
True,char_wb,"(3, 5)",1,False,100000,0.1,balanced,39210,0.8073537890045301
True,char_wb,"(2, 5)",3,True,0,10.0,none,7943,0.8073406480380924
True,char_wb,"(2, 5)",3,True,100000,10.0,none,7943,0.8073406480380924
True,char_wb,"(2, 5)",1,False,100000,3.0,none,46967,0.8073336635376828
True,char_wb,"(2, 5)",1,False,0,3.0,none,46967,0.8073336635376828
True,char,"(2, 3)",3,True,100000,10.0,balanced,5674,0.8072396595954517
True,char,"(2, 3)",3,True,0,10.0,balanced,5674,0.8072396595954517
True,char_wb,"(2, 3)",1,True,0,3.0,none,21465,0.8072109332859942
True,char_wb,"(2, 3)",1,False,0,3.0,none,21465,0.8072109332859942
True,char_wb,"(2, 3)",1,False,100000,3.0,none,21465,0.8072109332859942
True,char_wb,"(2, 3)",1,True,100000,3.0,none,21465,0.8072109332859942
False,char,"(2, 5)",3,True,0,3.0,none,11726,0.8071482868451387
False,char,"(2, 5)",3,True,100000,3.0,none,11726,0.8071482868451387
True,char_wb,"(2, 5)",2,True,0,10.0,none,14348,0.807117887770388
True,char_wb,"(2, 5)",2,True,100000,10.0,none,14348,0.807117887770388
False,char,"(2, 3)",3,True,100000,1.0,none,6222,0.8070842515128109
False,char,"(2, 3)",3,True,0,1.0,none,6222,0.8070842515128109
False,char,"(2, 4)",2,True,0,3.0,none,16903,0.8070582160208207
False,char,"(2, 4)",2,True,100000,3.0,none,16903,0.8070582160208207
False,char_wb,"(2, 4)",1,False,0,10.0,none,41403,0.8070071630472615
False,char_wb,"(2, 4)",1,False,100000,10.0,none,41403,0.8070071630472615
False,char_wb,"(2, 4)",3,False,0,0.3,none,7564,0.8069746018162749
False,char_wb,"(2, 4)",3,False,100000,0.3,none,7564,0.8069746018162749
False,char_wb,"(2, 5)",1,False,0,3.0,balanced,55520,0.8068843066188671
False,char_wb,"(2, 5)",1,False,100000,3.0,balanced,55520,0.8068843066188671
False,char_wb,"(2, 5)",1,True,0,3.0,balanced,55520,0.8068843066188671
False,char_wb,"(2, 5)",1,True,100000,3.0,balanced,55520,0.8068843066188671
True,char,"(2, 5)",1,True,0,0.3,balanced,82161,0.8066775717295285
True,char,"(2, 5)",1,True,100000,0.3,balanced,82161,0.8066775717295285
True,char,"(2, 5)",1,False,0,0.3,balanced,82161,0.8066775717295285
True,char,"(2, 5)",1,False,100000,0.3,balanced,82161,0.8066775717295285
True,char_wb,"(2, 3)",1,True,0,10.0,none,21465,0.8066635166440635
True,char_wb,"(2, 3)",1,True,100000,10.0,none,21465,0.8066635166440635
True,char_wb,"(2, 4)",2,True,100000,0.3,none,12057,0.8065668932509091
True,char_wb,"(2, 4)",2,True,0,0.3,none,12057,0.8065668932509091
True,char_wb,"(2, 4)",2,False,0,0.3,none,12057,0.8065668932509091
True,char_wb,"(2, 4)",2,False,100000,0.3,none,12057,0.8065668932509091
False,char_wb,"(3, 5)",3,True,100000,3.0,balanced,5958,0.806385081860459
False,char_wb,"(3, 5)",3,False,0,3.0,balanced,5958,0.806385081860459
False,char_wb,"(3, 5)",3,False,100000,3.0,balanced,5958,0.806385081860459
False,char_wb,"(3, 5)",3,True,0,3.0,balanced,5958,0.806385081860459
True,char,"(2, 4)",1,True,100000,1.0,balanced,52199,0.8063416160580912
True,char,"(2, 4)",1,True,0,1.0,balanced,52199,0.8063416160580912
False,char,"(2, 5)",2,True,0,10.0,balanced,22551,0.8061804613438005
False,char,"(2, 5)",2,True,100000,10.0,balanced,22551,0.8061804613438005
True,char,"(2, 4)",2,True,100000,3.0,none,15320,0.8061257187440396
True,char,"(2, 4)",2,True,0,3.0,none,15320,0.8061257187440396
True,char,"(2, 5)",2,False,0,1.0,none,20206,0.8061095061783647
True,char,"(2, 5)",2,False,100000,1.0,none,20206,0.8061095061783647
True,char_wb,"(3, 5)",1,False,100000,3.0,none,39210,0.8060709251726116
True,char_wb,"(3, 5)",1,False,0,3.0,none,39210,0.8060709251726116
True,char_wb,"(3, 5)",1,True,100000,3.0,none,39210,0.8060709251726116
True,char_wb,"(3, 5)",1,True,0,3.0,none,39210,0.8060709251726116
True,char,"(2, 5)",2,True,0,3.0,balanced,20206,0.8058961022420122
True,char,"(2, 5)",2,True,100000,3.0,balanced,20206,0.8058961022420122
False,char_wb,"(2, 5)",2,False,0,10.0,none,15892,0.8053618313149467
False,char_wb,"(2, 5)",2,False,100000,10.0,none,15892,0.8053618313149467
False,char,"(2, 5)",2,True,0,3.0,none,22551,0.8053186691436967
False,char,"(2, 5)",2,True,100000,3.0,none,22551,0.8053186691436967
True,char,"(2, 4)",1,False,100000,1.0,balanced,52199,0.8051937684904037
True,char,"(2, 4)",1,False,0,1.0,balanced,52199,0.8051937684904037
True,char_wb,"(3, 5)",1,True,100000,10.0,balanced,39210,0.8051828289176448
True,char_wb,"(3, 5)",1,False,100000,10.0,balanced,39210,0.8051828289176448
True,char_wb,"(3, 5)",1,False,0,10.0,balanced,39210,0.8051828289176448
True,char_wb,"(3, 5)",1,True,0,10.0,balanced,39210,0.8051828289176448
False,char,"(2, 3)",2,True,100000,0.3,none,10526,0.8051266877688957
False,char,"(2, 3)",2,True,0,0.3,none,10526,0.8051266877688957
True,char,"(2, 4)",3,True,0,3.0,none,8357,0.8051020602243086
True,char,"(2, 4)",3,True,100000,3.0,none,8357,0.8051020602243086
False,char_wb,"(2, 4)",1,False,0,3.0,none,41403,0.8050150206598015
False,char_wb,"(2, 4)",1,False,100000,3.0,none,41403,0.8050150206598015
False,char,"(2, 4)",1,True,0,1.0,balanced,58035,0.8049618547120987
False,char,"(2, 4)",1,True,100000,1.0,balanced,58035,0.8049618547120987
True,char,"(2, 5)",2,False,100000,3.0,balanced,20206,0.8049596143894389
True,char,"(2, 5)",2,False,0,3.0,balanced,20206,0.8049596143894389
False,char_wb,"(2, 4)",1,True,0,3.0,none,41403,0.8049191521052385
False,char_wb,"(2, 4)",1,True,100000,3.0,none,41403,0.8049191521052385
False,char_wb,"(2, 4)",1,True,100000,1.0,none,41403,0.8048887858459532
False,char_wb,"(2, 4)",1,True,0,1.0,none,41403,0.8048887858459532
False,char_wb,"(2, 3)",1,True,100000,1.0,none,24396,0.8048746303544595
False,char_wb,"(2, 3)",1,True,0,1.0,none,24396,0.8048746303544595
False,char_wb,"(2, 4)",1,False,0,1.0,none,41403,0.8043850903998498
False,char_wb,"(2, 4)",1,False,100000,1.0,none,41403,0.8043850903998498
False,char,"(2, 5)",2,False,100000,1.0,none,22551,0.80438212608567
False,char,"(2, 5)",2,False,0,1.0,none,22551,0.80438212608567
True,char,"(2, 4)",3,False,0,3.0,none,8357,0.8043344847582202
True,char,"(2, 4)",3,False,100000,3.0,none,8357,0.8043344847582202
True,char,"(2, 3)",2,False,100000,3.0,none,9626,0.8041550092133964
True,char,"(2, 3)",2,False,0,3.0,none,9626,0.8041550092133964
True,char,"(2, 3)",1,True,0,1.0,none,26402,0.8039831605070616
True,char,"(2, 3)",1,True,100000,1.0,none,26402,0.8039831605070616
False,char_wb,"(2, 5)",2,True,0,1.0,none,15892,0.8039077089956855
False,char_wb,"(2, 5)",2,True,100000,1.0,none,15892,0.8039077089956855
False,char,"(2, 5)",2,False,100000,3.0,none,22551,0.8037339761494134
False,char,"(2, 5)",2,False,0,3.0,none,22551,0.8037339761494134
False,char,"(2, 5)",2,False,100000,10.0,balanced,22551,0.8036902279726946
False,char,"(2, 5)",2,False,0,10.0,balanced,22551,0.8036902279726946
False,char_wb,"(2, 5)",2,False,100000,1.0,none,15892,0.8036419454412314
False,char_wb,"(2, 5)",2,False,0,1.0,none,15892,0.8036419454412314
True,char,"(2, 5)",3,False,0,10.0,balanced,10454,0.8035808487411218
True,char,"(2, 5)",3,False,100000,10.0,balanced,10454,0.8035808487411218
False,char,"(2, 5)",3,True,100000,1.0,none,11726,0.8035542573285875
False,char,"(2, 5)",3,True,0,1.0,none,11726,0.8035542573285875
False,char,"(2, 4)",1,False,0,1.0,balanced,58035,0.8034322107100758
False,char,"(2, 4)",1,False,100000,1.0,balanced,58035,0.8034322107100758
True,char,"(2, 5)",1,True,100000,1.0,balanced,82161,0.8033067893024546
True,char,"(2, 5)",1,False,100000,1.0,balanced,82161,0.8033067893024546
True,char,"(2, 5)",1,True,0,1.0,balanced,82161,0.8033067893024546
True,char,"(2, 5)",1,False,0,1.0,balanced,82161,0.8033067893024546
False,char_wb,"(2, 5)",3,False,100000,10.0,balanced,8758,0.8033024639549191
False,char_wb,"(2, 5)",3,False,0,10.0,balanced,8758,0.8033024639549191
False,char,"(2, 5)",1,True,100000,1.0,balanced,92123,0.8032976795148199
False,char,"(2, 5)",1,True,0,1.0,balanced,92123,0.8032976795148199
False,char_wb,"(2, 5)",2,True,0,10.0,balanced,15892,0.8032972927259309
False,char_wb,"(2, 5)",2,True,100000,10.0,balanced,15892,0.8032972927259309
False,char,"(2, 3)",1,False,0,3.0,none,29262,0.8032928390972321
False,char,"(2, 3)",1,False,100000,3.0,none,29262,0.8032928390972321
False,char,"(2, 3)",1,True,100000,3.0,none,29262,0.8032928390972321
False,char,"(2, 3)",1,True,0,3.0,none,29262,0.8032928390972321
False,char_wb,"(3, 5)",2,True,100000,0.1,balanced,11753,0.8032782681391265
False,char_wb,"(3, 5)",2,True,0,0.1,balanced,11753,0.8032782681391265
True,char,"(2, 5)",3,True,100000,10.0,none,10454,0.8030005883098528
True,char,"(2, 5)",3,True,0,10.0,none,10454,0.8030005883098528
True,char_wb,"(3, 5)",1,True,100000,3.0,balanced,39210,0.8027209179948872
True,char_wb,"(3, 5)",1,True,0,3.0,balanced,39210,0.8027209179948872
True,char_wb,"(3, 5)",1,False,0,3.0,balanced,39210,0.8025173512106333
True,char_wb,"(3, 5)",1,False,100000,3.0,balanced,39210,0.8025173512106333
True,char,"(2, 5)",3,False,100000,10.0,none,10454,0.8024677227442907
True,char,"(2, 5)",3,False,0,10.0,none,10454,0.8024677227442907
True,char,"(2, 5)",1,False,100000,3.0,balanced,82161,0.8023619138479644
True,char,"(2, 5)",1,False,0,3.0,balanced,82161,0.8023619138479644
True,char,"(2, 3)",1,False,0,1.0,none,26402,0.8022986381173516
True,char,"(2, 3)",1,False,100000,1.0,none,26402,0.8022986381173516
False,char_wb,"(3, 5)",2,False,100000,0.1,balanced,11753,0.8022555138227967
False,char_wb,"(3, 5)",2,False,0,0.1,balanced,11753,0.8022555138227967
False,char,"(2, 3)",2,False,0,0.3,none,10526,0.8021630151929147
False,char,"(2, 3)",2,False,100000,0.3,none,10526,0.8021630151929147
True,char,"(2, 5)",3,True,0,10.0,balanced,10454,0.8021385858135779
True,char,"(2, 5)",3,True,100000,10.0,balanced,10454,0.8021385858135779
False,char_wb,"(3, 5)",3,False,100000,10.0,none,5958,0.8020685584695246
False,char_wb,"(3, 5)",3,False,0,10.0,none,5958,0.8020685584695246
False,char,"(2, 5)",1,False,100000,1.0,balanced,92123,0.8018845448761694
False,char,"(2, 5)",1,False,0,1.0,balanced,92123,0.8018845448761694
False,char,"(2, 3)",1,False,100000,10.0,none,29262,0.8017576226543213
False,char,"(2, 3)",1,False,0,10.0,none,29262,0.8017576226543213
False,char,"(2, 5)",2,False,100000,10.0,none,22551,0.8016762954875197
False,char,"(2, 5)",2,False,0,10.0,none,22551,0.8016762954875197
True,char_wb,"(2, 3)",3,False,0,0.3,none,5165,0.8015811661487169
True,char_wb,"(2, 3)",3,False,100000,0.3,none,5165,0.8015811661487169
True,char_wb,"(2, 3)",1,True,100000,1.0,none,21465,0.8015259074611722
True,char_wb,"(2, 3)",1,True,0,1.0,none,21465,0.8015259074611722
True,char_wb,"(3, 5)",2,False,100000,1.0,balanced,10621,0.8013381393128105
True,char_wb,"(3, 5)",2,True,100000,1.0,balanced,10621,0.8013381393128105
True,char_wb,"(3, 5)",2,True,0,1.0,balanced,10621,0.8013381393128105
True,char_wb,"(3, 5)",2,False,0,1.0,balanced,10621,0.8013381393128105
True,char_wb,"(2, 3)",1,False,0,1.0,none,21465,0.8012829770163227
True,char_wb,"(2, 3)",1,False,100000,1.0,none,21465,0.8012829770163227
True,char_wb,"(2, 5)",1,True,100000,10.0,none,46967,0.800936731903958
True,char_wb,"(2, 5)",1,True,0,10.0,none,46967,0.800936731903958
True,char,"(2, 5)",3,False,100000,3.0,balanced,10454,0.800908141689636
True,char,"(2, 5)",3,True,100000,3.0,balanced,10454,0.800908141689636
True,char,"(2, 5)",3,True,0,3.0,balanced,10454,0.800908141689636
True,char,"(2, 5)",3,False,0,3.0,balanced,10454,0.800908141689636
True,char,"(2, 3)",1,True,100000,3.0,balanced,26402,0.8007942227706663
True,char,"(2, 3)",1,True,0,3.0,balanced,26402,0.8007942227706663
True,char,"(2, 5)",1,True,100000,3.0,balanced,82161,0.8007902671518938
True,char,"(2, 5)",1,True,0,3.0,balanced,82161,0.8007902671518938
False,char_wb,"(2, 5)",1,False,0,3.0,none,55520,0.8007735305870909
False,char_wb,"(2, 5)",1,False,100000,3.0,none,55520,0.8007735305870909
False,char,"(2, 5)",2,True,0,1.0,none,22551,0.8007665573360112
False,char,"(2, 5)",2,True,100000,1.0,none,22551,0.8007665573360112
False,char,"(2, 3)",1,False,0,10.0,balanced,29262,0.8007325564515584
False,char,"(2, 3)",1,False,100000,10.0,balanced,29262,0.8007325564515584
True,char_wb,"(2, 4)",3,False,0,0.3,none,6929,0.8003905428001035
True,char_wb,"(2, 4)",3,False,100000,0.3,none,6929,0.8003905428001035
True,char_wb,"(2, 4)",3,True,0,0.3,none,6929,0.8003905428001035
True,char_wb,"(2, 4)",3,True,100000,0.3,none,6929,0.8003905428001035
False,char,"(2, 5)",1,False,100000,0.3,balanced,92123,0.8003088376466716
False,char,"(2, 5)",1,False,0,0.3,balanced,92123,0.8003088376466716
False,char_wb,"(2, 4)",3,True,0,10.0,balanced,7564,0.7998660784162255
False,char_wb,"(2, 4)",3,True,100000,10.0,balanced,7564,0.7998660784162255
True,char,"(2, 4)",1,True,0,3.0,none,52199,0.7997891871346058
True,char,"(2, 4)",1,True,100000,3.0,none,52199,0.7997891871346058
True,char,"(2, 4)",1,False,0,3.0,none,52199,0.7997891871346058
True,char,"(2, 4)",1,False,100000,3.0,none,52199,0.7997891871346058
False,char_wb,"(2, 5)",2,True,100000,10.0,none,15892,0.7995738504330417
False,char_wb,"(2, 5)",2,True,0,10.0,none,15892,0.7995738504330417
True,char,"(2, 5)",2,True,100000,3.0,none,20206,0.7995284089621669
True,char,"(2, 5)",2,True,0,3.0,none,20206,0.7995284089621669
False,char,"(2, 5)",1,True,100000,0.3,balanced,92123,0.7995073520679448
False,char,"(2, 5)",1,True,0,0.3,balanced,92123,0.7995073520679448
True,char,"(2, 4)",3,False,0,10.0,none,8357,0.7995039606323288
True,char,"(2, 4)",3,False,100000,10.0,none,8357,0.7995039606323288
False,char,"(2, 3)",1,True,100000,10.0,none,29262,0.7994382643369667
False,char,"(2, 3)",1,True,0,10.0,none,29262,0.7994382643369667
True,char,"(2, 4)",2,True,100000,10.0,none,15320,0.7993853047244696
True,char,"(2, 4)",2,True,0,10.0,none,15320,0.7993853047244696
False,char,"(3, 5)",2,True,0,0.3,balanced,18424,0.7993600957118903
False,char,"(3, 5)",2,False,0,0.3,balanced,18424,0.7993600957118903
False,char,"(3, 5)",2,True,100000,0.3,balanced,18424,0.7993600957118903
False,char,"(3, 5)",2,False,100000,0.3,balanced,18424,0.7993600957118903
False,char_wb,"(3, 5)",3,False,0,10.0,balanced,5958,0.7992984003798685
False,char_wb,"(3, 5)",3,False,100000,10.0,balanced,5958,0.7992984003798685
True,char,"(2, 4)",2,False,100000,10.0,none,15320,0.7992968347577949
True,char,"(2, 4)",2,False,0,10.0,none,15320,0.7992968347577949
False,char,"(3, 5)",1,True,0,0.3,balanced,83421,0.7990955474343922
False,char,"(3, 5)",1,True,100000,0.3,balanced,83421,0.7990955474343922
False,char_wb,"(3, 5)",3,True,0,10.0,balanced,5958,0.7989326785633422
False,char_wb,"(3, 5)",3,True,100000,10.0,balanced,5958,0.7989326785633422
True,char_wb,"(2, 5)",1,False,0,1.0,none,46967,0.7988946156852611
True,char_wb,"(2, 5)",1,False,100000,1.0,none,46967,0.7988946156852611
True,char_wb,"(2, 5)",1,True,0,1.0,none,46967,0.7988946156852611
True,char_wb,"(2, 5)",1,True,100000,1.0,none,46967,0.7988946156852611
True,char,"(3, 5)",1,False,100000,0.3,balanced,74441,0.7988524564166548
True,char,"(3, 5)",1,True,100000,0.3,balanced,74441,0.7988524564166548
True,char,"(3, 5)",1,False,0,0.3,balanced,74441,0.7988524564166548
True,char,"(3, 5)",1,True,0,0.3,balanced,74441,0.7988524564166548
True,char_wb,"(2, 5)",1,False,0,10.0,none,46967,0.7988469618124224
True,char_wb,"(2, 5)",1,False,100000,10.0,none,46967,0.7988469618124224
True,char,"(2, 3)",1,False,0,3.0,balanced,26402,0.7987466134877584
True,char,"(2, 3)",1,False,100000,3.0,balanced,26402,0.7987466134877584
True,char,"(2, 5)",2,False,100000,3.0,none,20206,0.7986940827075486
True,char,"(2, 5)",2,False,0,3.0,none,20206,0.7986940827075486
True,char_wb,"(2, 5)",3,True,100000,0.3,none,7943,0.7986581040658051
True,char_wb,"(2, 5)",3,True,0,0.3,none,7943,0.7986581040658051
True,char,"(2, 4)",3,True,0,10.0,none,8357,0.7985444004499302
True,char,"(2, 4)",3,True,100000,10.0,none,8357,0.7985444004499302
True,char,"(2, 3)",1,True,0,3.0,none,26402,0.7981385126623444
True,char,"(2, 3)",1,True,100000,3.0,none,26402,0.7981385126623444
True,char,"(2, 3)",1,False,100000,3.0,none,26402,0.7981385126623444
True,char,"(2, 3)",1,False,0,3.0,none,26402,0.7981385126623444
True,char_wb,"(3, 5)",1,False,0,1.0,balanced,39210,0.7980689750676796
True,char_wb,"(3, 5)",1,False,100000,1.0,balanced,39210,0.7980689750676796
True,char_wb,"(3, 5)",1,True,100000,1.0,balanced,39210,0.7980689750676796
True,char_wb,"(3, 5)",1,True,0,1.0,balanced,39210,0.7980689750676796
False,char,"(2, 5)",2,True,100000,10.0,none,22551,0.7980305336536209
False,char,"(2, 5)",2,True,0,10.0,none,22551,0.7980305336536209
False,char_wb,"(3, 5)",3,True,100000,10.0,none,5958,0.7980135624242446
False,char_wb,"(3, 5)",3,True,0,10.0,none,5958,0.7980135624242446
False,char,"(2, 4)",1,True,0,1.0,none,58035,0.7979610614924848
False,char,"(2, 4)",1,True,100000,1.0,none,58035,0.7979610614924848
False,char_wb,"(2, 4)",3,True,100000,10.0,none,7564,0.7979525435001676
False,char_wb,"(2, 4)",3,True,0,10.0,none,7564,0.7979525435001676
False,char_wb,"(2, 4)",1,False,0,10.0,balanced,41403,0.7979130278303983
False,char_wb,"(2, 4)",1,False,100000,10.0,balanced,41403,0.7979130278303983
True,char_wb,"(2, 3)",3,True,0,0.3,none,5165,0.7979122115770861
True,char_wb,"(2, 3)",3,True,100000,0.3,none,5165,0.7979122115770861
True,char,"(3, 5)",1,False,100000,0.1,balanced,74441,0.7978926299127136
True,char,"(3, 5)",1,True,0,0.1,balanced,74441,0.7978926299127136
True,char,"(3, 5)",1,True,100000,0.1,balanced,74441,0.7978926299127136
True,char,"(3, 5)",1,False,0,0.1,balanced,74441,0.7978926299127136
False,char_wb,"(2, 4)",3,False,100000,10.0,none,7564,0.7975464453446565
False,char_wb,"(2, 4)",3,False,0,10.0,none,7564,0.7975464453446565
True,char_wb,"(2, 4)",1,False,100000,1.0,none,35867,0.7973891402633506
True,char_wb,"(2, 4)",1,False,0,1.0,none,35867,0.7973891402633506
False,char,"(2, 3)",1,True,0,0.3,none,29262,0.7973563516898567
False,char,"(2, 3)",1,True,100000,0.3,none,29262,0.7973563516898567
False,char_wb,"(2, 4)",1,True,100000,10.0,balanced,41403,0.7973055424322408
False,char_wb,"(2, 4)",1,True,0,10.0,balanced,41403,0.7973055424322408
False,char,"(2, 3)",1,False,100000,0.3,none,29262,0.7971101349914387
False,char,"(2, 3)",1,False,0,0.3,none,29262,0.7971101349914387
True,char_wb,"(3, 5)",2,False,100000,3.0,none,10621,0.7970986930387106
True,char_wb,"(3, 5)",2,False,0,3.0,none,10621,0.7970986930387106
False,char,"(3, 5)",1,False,100000,0.3,balanced,83421,0.7970241891078557
False,char,"(3, 5)",1,False,0,0.3,balanced,83421,0.7970241891078557
True,char_wb,"(3, 5)",2,True,100000,3.0,none,10621,0.7970168449546751
True,char_wb,"(3, 5)",2,True,0,3.0,none,10621,0.7970168449546751
True,char,"(2, 3)",1,True,100000,10.0,balanced,26402,0.7970061380816852
True,char,"(2, 3)",1,True,0,10.0,balanced,26402,0.7970061380816852
False,char_wb,"(2, 5)",3,False,0,10.0,none,8758,0.7969133094295328
False,char_wb,"(2, 5)",3,False,100000,10.0,none,8758,0.7969133094295328
True,char_wb,"(2, 5)",2,False,100000,0.3,none,14348,0.7968955678046243
True,char_wb,"(2, 5)",2,False,0,0.3,none,14348,0.7968955678046243
True,char_wb,"(3, 5)",1,False,0,0.3,balanced,39210,0.7968533241971002
True,char_wb,"(3, 5)",1,False,100000,0.3,balanced,39210,0.7968533241971002
False,char_wb,"(2, 5)",1,False,0,10.0,balanced,55520,0.7966882604489233
False,char_wb,"(2, 5)",1,False,100000,10.0,balanced,55520,0.7966882604489233
True,char_wb,"(3, 5)",3,True,100000,10.0,balanced,5396,0.796451550165276
True,char_wb,"(3, 5)",3,True,0,10.0,balanced,5396,0.796451550165276
True,char_wb,"(2, 5)",3,False,100000,0.3,none,7943,0.7962870871982473
True,char_wb,"(2, 5)",3,False,0,0.3,none,7943,0.7962870871982473
True,char,"(2, 3)",2,True,0,0.3,none,9626,0.7962106230101171
True,char,"(2, 3)",2,True,100000,0.3,none,9626,0.7962106230101171
True,char_wb,"(3, 5)",1,True,0,0.3,balanced,39210,0.7962064964650806
True,char_wb,"(3, 5)",1,True,100000,0.3,balanced,39210,0.7962064964650806
True,char,"(2, 5)",2,False,0,10.0,balanced,20206,0.796180964315415
True,char,"(2, 5)",2,False,100000,10.0,balanced,20206,0.796180964315415
False,char_wb,"(2, 5)",3,True,0,10.0,balanced,8758,0.7955982451961824
False,char_wb,"(2, 5)",3,True,100000,10.0,balanced,8758,0.7955982451961824
True,char_wb,"(2, 4)",1,True,0,1.0,none,35867,0.7955939924469599
True,char_wb,"(2, 4)",1,True,100000,1.0,none,35867,0.7955939924469599
False,char_wb,"(2, 5)",3,True,100000,10.0,none,8758,0.7955244205406439
False,char_wb,"(2, 5)",3,True,0,10.0,none,8758,0.7955244205406439
False,char,"(2, 3)",3,True,0,0.3,none,6222,0.795510212194869
False,char,"(2, 3)",3,True,100000,0.3,none,6222,0.795510212194869
True,char,"(2, 3)",1,False,100000,0.3,none,26402,0.795492220478415
True,char,"(2, 3)",1,False,0,0.3,none,26402,0.795492220478415
True,char,"(2, 3)",2,False,0,0.3,none,9626,0.7954411601618013
True,char,"(2, 3)",2,False,100000,0.3,none,9626,0.7954411601618013
True,char,"(2, 5)",2,True,0,10.0,balanced,20206,0.7953674754488275
True,char,"(2, 5)",2,True,100000,10.0,balanced,20206,0.7953674754488275
True,char,"(2, 4)",1,True,0,10.0,none,52199,0.7953011538232355
True,char,"(2, 4)",1,True,100000,10.0,none,52199,0.7953011538232355
False,char,"(2, 4)",1,False,100000,1.0,none,58035,0.7952790688341556
False,char,"(2, 4)",1,False,0,1.0,none,58035,0.7952790688341556
True,char,"(2, 4)",3,True,100000,0.3,none,8357,0.7949669585873015
True,char,"(2, 4)",3,False,100000,0.3,none,8357,0.7949669585873015
True,char,"(2, 4)",3,False,0,0.3,none,8357,0.7949669585873015
True,char,"(2, 4)",3,True,0,0.3,none,8357,0.7949669585873015
False,char_wb,"(3, 5)",2,False,0,10.0,balanced,11753,0.7947897069494807
False,char_wb,"(3, 5)",2,False,100000,10.0,balanced,11753,0.7947897069494807
True,char,"(2, 4)",1,False,0,10.0,none,52199,0.7944883616941648
True,char,"(2, 4)",1,False,100000,10.0,none,52199,0.7944883616941648
True,char,"(2, 3)",3,False,0,0.3,none,5674,0.7944455750967379
True,char,"(2, 3)",3,False,100000,0.3,none,5674,0.7944455750967379
True,char_wb,"(3, 5)",3,False,0,10.0,balanced,5396,0.7944054808629368
True,char_wb,"(3, 5)",3,False,100000,10.0,balanced,5396,0.7944054808629368
True,char_wb,"(3, 5)",3,False,0,3.0,none,5396,0.7941878307790909
True,char_wb,"(3, 5)",3,False,100000,3.0,none,5396,0.7941878307790909
True,char,"(2, 3)",1,False,0,10.0,none,26402,0.7941479307416512
True,char,"(2, 3)",1,False,100000,10.0,none,26402,0.7941479307416512
True,char,"(2, 3)",1,False,100000,10.0,balanced,26402,0.7940181322308817
True,char,"(2, 3)",1,False,0,10.0,balanced,26402,0.7940181322308817
True,char_wb,"(2, 5)",2,True,0,0.3,none,14348,0.793988841541889
True,char_wb,"(2, 5)",2,True,100000,0.3,none,14348,0.793988841541889
False,char_wb,"(3, 5)",2,True,100000,10.0,balanced,11753,0.7939703700835183
False,char_wb,"(3, 5)",2,True,0,10.0,balanced,11753,0.7939703700835183
True,char,"(2, 3)",1,True,100000,10.0,none,26402,0.7939263943625914
True,char,"(2, 3)",1,True,0,10.0,none,26402,0.7939263943625914
False,char,"(2, 4)",1,False,0,3.0,none,58035,0.7935419323113182
False,char,"(2, 4)",1,False,100000,3.0,none,58035,0.7935419323113182
False,char,"(2, 4)",1,True,100000,3.0,none,58035,0.7935419323113182
False,char,"(2, 4)",1,True,0,3.0,none,58035,0.7935419323113182
True,char,"(2, 4)",2,False,100000,0.3,none,15320,0.7931266202625562
True,char,"(2, 4)",2,False,0,0.3,none,15320,0.7931266202625562
True,char,"(2, 5)",1,True,100000,3.0,none,82161,0.7927383383213851
True,char,"(2, 5)",1,True,0,3.0,none,82161,0.7927383383213851
True,char,"(2, 5)",1,False,100000,3.0,none,82161,0.7927383383213851
True,char,"(2, 5)",1,False,0,3.0,none,82161,0.7927383383213851
True,char,"(2, 3)",3,True,0,0.3,none,5674,0.7926411519685738
True,char,"(2, 3)",3,True,100000,0.3,none,5674,0.7926411519685738
True,char_wb,"(3, 5)",2,False,100000,3.0,balanced,10621,0.7923313476691347
True,char_wb,"(3, 5)",2,False,0,3.0,balanced,10621,0.7923313476691347
True,char,"(3, 5)",2,True,100000,0.1,balanced,16509,0.7922843630445969
True,char,"(3, 5)",2,True,0,0.1,balanced,16509,0.7922843630445969
True,char,"(3, 5)",2,False,0,0.1,balanced,16509,0.7922843630445969
True,char,"(3, 5)",2,False,100000,0.1,balanced,16509,0.7922843630445969
True,char,"(2, 4)",2,True,100000,0.3,none,15320,0.7922488594657829
True,char,"(2, 4)",2,True,0,0.3,none,15320,0.7922488594657829
True,char_wb,"(3, 5)",2,True,100000,3.0,balanced,10621,0.7921666095035953
True,char_wb,"(3, 5)",2,True,0,3.0,balanced,10621,0.7921666095035953
True,char,"(2, 5)",2,False,100000,10.0,none,20206,0.7919118240648478
True,char,"(2, 5)",2,False,0,10.0,none,20206,0.7919118240648478
True,char,"(2, 5)",3,True,0,0.3,none,10454,0.7918012800050879
True,char,"(2, 5)",3,False,100000,0.3,none,10454,0.7918012800050879
True,char,"(2, 5)",3,False,0,0.3,none,10454,0.7918012800050879
True,char,"(2, 5)",3,True,100000,0.3,none,10454,0.7918012800050879
True,char,"(2, 5)",1,True,100000,10.0,none,82161,0.7916144635607303
True,char,"(2, 5)",1,True,0,10.0,none,82161,0.7916144635607303
False,char,"(3, 5)",2,True,0,0.1,balanced,18424,0.7915008648165552
False,char,"(3, 5)",2,True,100000,0.1,balanced,18424,0.7915008648165552
True,char_wb,"(3, 5)",3,True,0,3.0,none,5396,0.7914831933685711
True,char_wb,"(3, 5)",3,True,100000,3.0,none,5396,0.7914831933685711
False,char_wb,"(3, 5)",2,False,100000,10.0,none,11753,0.7914828968646588
False,char_wb,"(3, 5)",2,False,0,10.0,none,11753,0.7914828968646588
False,char,"(3, 5)",2,False,0,0.1,balanced,18424,0.7912913953466577
False,char,"(3, 5)",2,False,100000,0.1,balanced,18424,0.7912913953466577
True,char,"(2, 5)",2,True,0,0.3,none,20206,0.7912680547891717
True,char,"(2, 5)",2,True,100000,0.3,none,20206,0.7912680547891717
True,char,"(2, 5)",2,False,100000,0.3,none,20206,0.7911527083357729
True,char,"(2, 5)",2,False,0,0.3,none,20206,0.7911527083357729
False,char_wb,"(3, 5)",3,False,0,1.0,none,5958,0.7910398863092919
False,char_wb,"(3, 5)",3,False,100000,1.0,none,5958,0.7910398863092919
False,char,"(2, 5)",1,True,0,3.0,none,92123,0.7909984961069542
False,char,"(2, 5)",1,True,100000,3.0,none,92123,0.7909984961069542
True,char,"(2, 5)",1,True,100000,1.0,none,82161,0.7905753679245833
True,char,"(2, 5)",1,True,0,1.0,none,82161,0.7905753679245833
True,char,"(2, 5)",1,False,100000,1.0,none,82161,0.7905753679245833
True,char,"(2, 5)",1,False,0,1.0,none,82161,0.7905753679245833
True,char,"(2, 4)",1,False,100000,0.3,none,52199,0.7904484554374257
True,char,"(2, 4)",1,False,0,0.3,none,52199,0.7904484554374257
True,char,"(2, 5)",1,False,0,10.0,none,82161,0.7903460767787968
True,char,"(2, 5)",1,False,100000,10.0,none,82161,0.7903460767787968
True,char_wb,"(3, 5)",3,True,0,1.0,none,5396,0.7901519799794422
True,char_wb,"(3, 5)",3,True,100000,1.0,none,5396,0.7901519799794422
False,char_wb,"(3, 5)",3,True,0,1.0,none,5958,0.7901129220145341
False,char_wb,"(3, 5)",3,True,100000,1.0,none,5958,0.7901129220145341
False,char_wb,"(2, 4)",2,False,0,0.3,none,13220,0.7897165577404114
False,char_wb,"(2, 4)",2,False,100000,0.3,none,13220,0.7897165577404114
True,char,"(2, 4)",1,True,0,0.3,none,52199,0.7895681794265922
True,char,"(2, 4)",1,True,100000,0.3,none,52199,0.7895681794265922
False,char,"(2, 5)",1,False,0,3.0,none,92123,0.7894548986709258
False,char,"(2, 5)",1,False,100000,3.0,none,92123,0.7894548986709258
True,char_wb,"(3, 5)",3,False,0,1.0,none,5396,0.7891297728958915
True,char_wb,"(3, 5)",3,False,100000,1.0,none,5396,0.7891297728958915
False,char,"(2, 4)",1,False,100000,10.0,none,58035,0.7891142522226514
False,char,"(2, 4)",1,True,100000,10.0,none,58035,0.7891142522226514
False,char,"(2, 4)",1,True,0,10.0,none,58035,0.7891142522226514
False,char,"(2, 4)",1,False,0,10.0,none,58035,0.7891142522226514
False,char,"(2, 5)",1,True,100000,1.0,none,92123,0.7890599458685373
False,char,"(2, 5)",1,True,0,1.0,none,92123,0.7890599458685373
True,char,"(2, 5)",2,True,100000,10.0,none,20206,0.7890165841708667
True,char,"(2, 5)",2,True,0,10.0,none,20206,0.7890165841708667
False,char,"(2, 4)",1,True,100000,3.0,balanced,58035,0.788245730802974
False,char,"(2, 4)",1,True,0,3.0,balanced,58035,0.788245730802974
False,char,"(2, 4)",1,False,0,3.0,balanced,58035,0.788245730802974
False,char,"(2, 4)",1,False,100000,3.0,balanced,58035,0.788245730802974
False,char_wb,"(3, 5)",2,True,100000,10.0,none,11753,0.7872966834276942
False,char_wb,"(3, 5)",2,True,0,10.0,none,11753,0.7872966834276942
True,char_wb,"(3, 5)",1,True,0,10.0,none,39210,0.7872336393569416
True,char_wb,"(3, 5)",1,True,100000,10.0,none,39210,0.7872336393569416
True,char_wb,"(3, 5)",1,False,100000,10.0,none,39210,0.7870101977785509
True,char_wb,"(3, 5)",1,False,0,10.0,none,39210,0.7870101977785509
False,char,"(2, 4)",1,False,0,10.0,balanced,58035,0.787006681340463
False,char,"(2, 4)",1,True,0,10.0,balanced,58035,0.787006681340463
False,char,"(2, 4)",1,True,100000,10.0,balanced,58035,0.787006681340463
False,char,"(2, 4)",1,False,100000,10.0,balanced,58035,0.787006681340463
False,char_wb,"(2, 4)",3,True,100000,0.3,none,7564,0.7869529567946298
False,char_wb,"(2, 4)",3,True,0,0.3,none,7564,0.7869529567946298
True,char,"(3, 5)",2,False,0,1.0,balanced,16509,0.7869213497755801
True,char,"(3, 5)",2,False,100000,1.0,balanced,16509,0.7869213497755801
True,char,"(3, 5)",2,True,0,1.0,balanced,16509,0.7869213497755801
True,char,"(3, 5)",2,True,100000,1.0,balanced,16509,0.7869213497755801
True,char_wb,"(3, 5)",1,True,0,1.0,none,39210,0.7869185839572077
True,char_wb,"(3, 5)",1,True,100000,1.0,none,39210,0.7869185839572077
False,char_wb,"(2, 4)",2,True,0,0.3,none,13220,0.7868193871775568
False,char_wb,"(2, 4)",2,True,100000,0.3,none,13220,0.7868193871775568
True,char,"(3, 5)",1,True,100000,10.0,balanced,74441,0.7867489524340289
True,char,"(3, 5)",1,False,100000,10.0,balanced,74441,0.7867489524340289
True,char,"(3, 5)",1,False,0,10.0,balanced,74441,0.7867489524340289
True,char,"(3, 5)",1,True,0,10.0,balanced,74441,0.7867489524340289
True,char_wb,"(3, 5)",1,False,0,1.0,none,39210,0.7866814738426502
True,char_wb,"(3, 5)",1,False,100000,1.0,none,39210,0.7866814738426502
True,char,"(2, 4)",1,True,100000,10.0,balanced,52199,0.7866531113566312
True,char,"(2, 4)",1,True,0,10.0,balanced,52199,0.7866531113566312
True,char,"(2, 4)",1,False,0,10.0,balanced,52199,0.7864057562318896
True,char,"(2, 4)",1,False,100000,10.0,balanced,52199,0.7864057562318896
False,char,"(2, 4)",2,False,0,0.3,none,16903,0.7863079790534375
False,char,"(2, 4)",2,False,100000,0.3,none,16903,0.7863079790534375
False,char_wb,"(2, 3)",1,False,100000,0.3,none,24396,0.7856510422601028
False,char_wb,"(2, 3)",1,False,0,0.3,none,24396,0.7856510422601028
False,char,"(2, 4)",2,True,100000,0.3,none,16903,0.7854263572719622
False,char,"(2, 4)",2,True,0,0.3,none,16903,0.7854263572719622
True,char,"(3, 5)",1,True,100000,10.0,none,74441,0.7853644271261684
True,char,"(3, 5)",1,True,0,10.0,none,74441,0.7853644271261684
True,char,"(3, 5)",1,False,0,10.0,none,74441,0.7853644271261684
True,char,"(3, 5)",1,False,100000,10.0,none,74441,0.7853644271261684
False,char,"(2, 5)",1,False,0,3.0,balanced,92123,0.7852278108287228
False,char,"(2, 5)",1,False,100000,3.0,balanced,92123,0.7852278108287228
True,char,"(3, 5)",1,True,100000,1.0,balanced,74441,0.7851279271005317
True,char,"(3, 5)",1,False,0,1.0,balanced,74441,0.7851279271005317
True,char,"(3, 5)",1,False,100000,1.0,balanced,74441,0.7851279271005317
True,char,"(3, 5)",1,True,0,1.0,balanced,74441,0.7851279271005317
False,char,"(2, 5)",1,False,0,1.0,none,92123,0.7845239542168985
False,char,"(2, 5)",1,False,100000,1.0,none,92123,0.7845239542168985
False,char,"(2, 5)",3,False,0,0.3,none,11726,0.7843780621128844
False,char,"(2, 5)",3,False,100000,0.3,none,11726,0.7843780621128844
False,char,"(2, 5)",1,True,0,3.0,balanced,92123,0.784324026286678
False,char,"(2, 5)",1,True,100000,3.0,balanced,92123,0.784324026286678
False,char_wb,"(2, 4)",1,True,0,10.0,none,41403,0.7842138791913379
False,char_wb,"(2, 4)",1,True,100000,10.0,none,41403,0.7842138791913379
False,char_wb,"(3, 5)",1,True,0,0.1,balanced,46791,0.7840763832582015
False,char_wb,"(3, 5)",1,True,100000,0.1,balanced,46791,0.7840763832582015
False,char,"(2, 3)",3,False,0,0.3,none,6222,0.7839755052678722
False,char,"(2, 3)",3,False,100000,0.3,none,6222,0.7839755052678722
False,char_wb,"(2, 5)",3,False,0,0.3,none,8758,0.7838824193014033
False,char_wb,"(2, 5)",3,False,100000,0.3,none,8758,0.7838824193014033
False,char_wb,"(3, 5)",2,False,0,1.0,none,11753,0.7836430945509205
False,char_wb,"(3, 5)",2,True,0,1.0,none,11753,0.7836430945509205
False,char_wb,"(3, 5)",2,False,100000,1.0,none,11753,0.7836430945509205
False,char_wb,"(3, 5)",2,True,100000,1.0,none,11753,0.7836430945509205
False,char_wb,"(3, 5)",1,False,100000,0.1,balanced,46791,0.7835831660289614
False,char_wb,"(3, 5)",1,False,0,0.1,balanced,46791,0.7835831660289614
False,char,"(2, 5)",3,True,100000,0.3,none,11726,0.7834886153008824
False,char,"(2, 5)",3,True,0,0.3,none,11726,0.7834886153008824
True,char_wb,"(3, 5)",2,False,100000,10.0,balanced,10621,0.7832883021822389
True,char_wb,"(3, 5)",2,True,100000,10.0,balanced,10621,0.7832883021822389
True,char_wb,"(3, 5)",2,True,0,10.0,balanced,10621,0.7832883021822389
True,char_wb,"(3, 5)",2,False,0,10.0,balanced,10621,0.7832883021822389
True,char,"(3, 5)",1,True,0,3.0,balanced,74441,0.7830183161651505
True,char,"(3, 5)",1,False,0,3.0,balanced,74441,0.7830183161651505
True,char,"(3, 5)",1,True,100000,3.0,balanced,74441,0.7830183161651505
True,char,"(3, 5)",1,False,100000,3.0,balanced,74441,0.7830183161651505
True,char,"(3, 5)",1,False,0,3.0,none,74441,0.7829020862760845
True,char,"(3, 5)",1,False,100000,3.0,none,74441,0.7829020862760845
True,char,"(3, 5)",1,True,0,3.0,none,74441,0.7829020862760845
True,char,"(3, 5)",1,True,100000,3.0,none,74441,0.7829020862760845
False,char,"(2, 5)",2,False,0,0.3,none,22551,0.782666113755159
False,char,"(2, 5)",2,False,100000,0.3,none,22551,0.782666113755159
False,char_wb,"(2, 5)",1,False,0,1.0,none,55520,0.7825124297814349
False,char_wb,"(2, 5)",1,False,100000,1.0,none,55520,0.7825124297814349
False,char,"(2, 5)",1,True,0,10.0,none,92123,0.7824620752059829
False,char,"(2, 5)",1,True,100000,10.0,none,92123,0.7824620752059829
True,char_wb,"(2, 3)",1,True,100000,0.3,none,21465,0.7824067394283252
True,char_wb,"(2, 3)",1,True,0,0.3,none,21465,0.7824067394283252
True,char_wb,"(2, 3)",1,False,100000,0.3,none,21465,0.7824067394283252
True,char_wb,"(2, 3)",1,False,0,0.3,none,21465,0.7824067394283252
False,char,"(3, 5)",1,False,0,1.0,balanced,83421,0.7819497206892067
False,char,"(3, 5)",1,True,100000,1.0,balanced,83421,0.7819497206892067
False,char,"(3, 5)",1,True,0,1.0,balanced,83421,0.7819497206892067
False,char,"(3, 5)",1,False,100000,1.0,balanced,83421,0.7819497206892067
False,char_wb,"(3, 5)",1,True,100000,1.0,balanced,46791,0.781852615921902
False,char_wb,"(3, 5)",1,True,0,1.0,balanced,46791,0.781852615921902
False,char_wb,"(3, 5)",1,False,100000,1.0,balanced,46791,0.7816214901885665
False,char_wb,"(3, 5)",1,False,0,1.0,balanced,46791,0.7816214901885665
True,char,"(3, 5)",3,False,0,0.3,balanced,7935,0.7815947910469166
True,char,"(3, 5)",3,True,0,0.3,balanced,7935,0.7815947910469166
True,char,"(3, 5)",3,False,100000,0.3,balanced,7935,0.7815947910469166
True,char,"(3, 5)",3,True,100000,0.3,balanced,7935,0.7815947910469166
False,char,"(2, 5)",1,False,0,10.0,none,92123,0.7813543420210344
False,char,"(2, 5)",1,False,100000,10.0,none,92123,0.7813543420210344
True,char,"(3, 5)",3,True,100000,0.1,balanced,7935,0.7810654481067362
True,char,"(3, 5)",3,True,0,0.1,balanced,7935,0.7810654481067362
True,char_wb,"(3, 5)",2,True,100000,10.0,none,10621,0.7809945691317272
True,char_wb,"(3, 5)",2,True,0,10.0,none,10621,0.7809945691317272
True,char_wb,"(3, 5)",2,False,0,10.0,none,10621,0.7809945691317272
True,char_wb,"(3, 5)",2,False,100000,10.0,none,10621,0.7809945691317272
False,char,"(3, 5)",1,False,0,0.1,balanced,83421,0.7809474746600409
False,char,"(3, 5)",1,False,100000,0.1,balanced,83421,0.7809474746600409
False,char_wb,"(2, 5)",1,True,100000,1.0,none,55520,0.7807726788628524
False,char_wb,"(2, 5)",1,True,0,1.0,none,55520,0.7807726788628524
True,char,"(3, 5)",2,False,100000,0.3,balanced,16509,0.7805891323471119
True,char,"(3, 5)",2,False,0,0.3,balanced,16509,0.7805891323471119
True,char,"(3, 5)",2,True,100000,0.3,balanced,16509,0.7805891323471119
True,char,"(3, 5)",2,True,0,0.3,balanced,16509,0.7805891323471119
False,char,"(3, 5)",1,False,0,10.0,balanced,83421,0.7804653797736577
False,char,"(3, 5)",1,True,100000,10.0,balanced,83421,0.7804653797736577
False,char,"(3, 5)",1,False,100000,10.0,balanced,83421,0.7804653797736577
False,char,"(3, 5)",1,True,0,10.0,balanced,83421,0.7804653797736577
False,char_wb,"(2, 5)",3,True,0,0.3,none,8758,0.7803348000029602
False,char_wb,"(2, 5)",3,True,100000,0.3,none,8758,0.7803348000029602
False,char,"(3, 5)",1,True,100000,3.0,none,83421,0.7802701894169709
False,char,"(3, 5)",1,True,0,3.0,none,83421,0.7802701894169709
True,char_wb,"(3, 5)",2,True,100000,1.0,none,10621,0.7801095733233123
True,char_wb,"(3, 5)",2,False,0,1.0,none,10621,0.7801095733233123
True,char_wb,"(3, 5)",2,True,0,1.0,none,10621,0.7801095733233123
True,char_wb,"(3, 5)",2,False,100000,1.0,none,10621,0.7801095733233123
False,char,"(2, 4)",3,False,100000,0.3,none,9271,0.7799705014467598
False,char,"(2, 4)",3,False,0,0.3,none,9271,0.7799705014467598
False,char,"(3, 5)",3,True,100000,0.1,balanced,8948,0.7799396681801238
False,char,"(3, 5)",3,True,0,0.1,balanced,8948,0.7799396681801238
False,char,"(2, 5)",2,True,0,0.3,none,22551,0.7795674379625573
False,char,"(2, 5)",2,True,100000,0.3,none,22551,0.7795674379625573
True,char,"(3, 5)",3,False,0,0.1,balanced,7935,0.7795294613504247
True,char,"(3, 5)",3,False,100000,0.1,balanced,7935,0.7795294613504247
False,char,"(3, 5)",1,True,0,3.0,balanced,83421,0.7794220829557129
False,char,"(3, 5)",1,True,100000,3.0,balanced,83421,0.7794220829557129
False,char,"(3, 5)",1,False,100000,3.0,balanced,83421,0.7794220829557129
False,char,"(3, 5)",1,False,0,3.0,balanced,83421,0.7794220829557129
False,char,"(2, 5)",1,False,0,10.0,balanced,92123,0.7789565454347155
False,char,"(2, 5)",1,True,100000,10.0,balanced,92123,0.7789565454347155
False,char,"(2, 5)",1,True,0,10.0,balanced,92123,0.7789565454347155
False,char,"(2, 5)",1,False,100000,10.0,balanced,92123,0.7789565454347155
False,char_wb,"(2, 5)",1,True,0,3.0,none,55520,0.778875953355876
False,char_wb,"(2, 5)",1,True,100000,3.0,none,55520,0.778875953355876
False,char,"(3, 5)",1,False,0,3.0,none,83421,0.7788251573126868
False,char,"(3, 5)",1,False,100000,3.0,none,83421,0.7788251573126868
False,word,"(1, 2)",1,True,100000,10.0,balanced,14025,0.778782436243672
False,word,"(1, 2)",1,True,0,10.0,balanced,14025,0.778782436243672
False,word,"(1, 2)",1,False,0,10.0,balanced,14025,0.778782436243672
False,word,"(1, 2)",1,False,100000,10.0,balanced,14025,0.778782436243672
False,char,"(3, 5)",1,True,0,0.1,balanced,83421,0.7787595221654509
False,char,"(3, 5)",1,True,100000,0.1,balanced,83421,0.7787595221654509
False,word,"(1, 1)",1,False,0,0.3,balanced,5126,0.7787137732258309
False,word,"(1, 1)",1,False,100000,0.3,balanced,5126,0.7787137732258309
False,word,"(1, 1)",1,True,0,0.3,balanced,5126,0.7778091023486531
False,word,"(1, 1)",1,True,100000,0.3,balanced,5126,0.7778091023486531
False,char,"(2, 4)",3,True,0,0.3,none,9271,0.7777343885225428
False,char,"(2, 4)",3,True,100000,0.3,none,9271,0.7777343885225428
False,char_wb,"(2, 5)",2,True,100000,0.3,none,15892,0.7768925459690542
False,char_wb,"(2, 5)",2,True,0,0.3,none,15892,0.7768925459690542
True,char_wb,"(3, 5)",3,True,100000,10.0,none,5396,0.7767196080740086
True,char_wb,"(3, 5)",3,True,0,10.0,none,5396,0.7767196080740086
False,char_wb,"(3, 5)",3,False,100000,0.3,none,5958,0.7765750032295116
False,char_wb,"(3, 5)",3,False,0,0.3,none,5958,0.7765750032295116
False,char,"(3, 5)",1,True,100000,10.0,none,83421,0.7765104844767937
False,char,"(3, 5)",1,False,0,10.0,none,83421,0.7765104844767937
False,char,"(3, 5)",1,False,100000,10.0,none,83421,0.7765104844767937
False,char,"(3, 5)",1,True,0,10.0,none,83421,0.7765104844767937
False,char,"(3, 5)",3,False,100000,0.1,balanced,8948,0.776507629771151
False,char,"(3, 5)",3,False,0,0.1,balanced,8948,0.776507629771151
False,word,"(1, 1)",1,False,0,3.0,none,5126,0.7764738610615435
False,word,"(1, 1)",1,False,100000,3.0,none,5126,0.7764738610615435
False,word,"(1, 1)",1,True,100000,3.0,none,5126,0.7764738610615435
False,word,"(1, 1)",1,True,0,3.0,none,5126,0.7764738610615435
False,char_wb,"(2, 5)",2,False,100000,0.3,none,15892,0.7763485012297215
False,char_wb,"(2, 5)",2,False,0,0.3,none,15892,0.7763485012297215
False,word,"(1, 1)",1,False,100000,10.0,none,5126,0.7762921166594824
False,word,"(1, 1)",1,False,0,10.0,none,5126,0.7762921166594824
False,char_wb,"(3, 5)",1,False,0,0.3,balanced,46791,0.7762689764823573
False,char_wb,"(3, 5)",1,False,100000,0.3,balanced,46791,0.7762689764823573
False,char_wb,"(3, 5)",1,True,0,0.3,balanced,46791,0.7762689764823573
False,char_wb,"(3, 5)",1,True,100000,0.3,balanced,46791,0.7762689764823573
True,char_wb,"(3, 5)",3,False,100000,10.0,none,5396,0.7761670547635445
True,char_wb,"(3, 5)",3,False,0,10.0,none,5396,0.7761670547635445
True,char,"(3, 5)",3,True,0,1.0,balanced,7935,0.7756522343111134
True,char,"(3, 5)",3,True,100000,1.0,balanced,7935,0.7756522343111134
False,word,"(1, 2)",1,False,100000,10.0,none,14025,0.7754470167069181
False,word,"(1, 2)",1,True,100000,10.0,none,14025,0.7754470167069181
False,word,"(1, 2)",1,True,0,10.0,none,14025,0.7754470167069181
False,word,"(1, 2)",1,False,0,10.0,none,14025,0.7754470167069181
False,char_wb,"(3, 5)",2,False,0,3.0,none,11753,0.7751619064630039
False,char_wb,"(3, 5)",2,False,100000,3.0,none,11753,0.7751619064630039
False,char_wb,"(3, 5)",2,True,0,3.0,none,11753,0.7751619064630039
False,char_wb,"(3, 5)",2,True,100000,3.0,none,11753,0.7751619064630039
False,char_wb,"(2, 5)",1,False,0,10.0,none,55520,0.7751552370056307
False,char_wb,"(2, 5)",1,True,0,10.0,none,55520,0.7751552370056307
False,char_wb,"(2, 5)",1,False,100000,10.0,none,55520,0.7751552370056307
False,char_wb,"(2, 5)",1,True,100000,10.0,none,55520,0.7751552370056307
False,char,"(3, 5)",3,False,0,0.3,balanced,8948,0.7748868845322318
False,char,"(3, 5)",3,True,100000,0.3,balanced,8948,0.7748868845322318
False,char,"(3, 5)",3,True,0,0.3,balanced,8948,0.7748868845322318
False,char,"(3, 5)",3,False,100000,0.3,balanced,8948,0.7748868845322318
False,char_wb,"(2, 5)",1,True,0,10.0,balanced,55520,0.7747891580771841
False,char_wb,"(2, 5)",1,True,100000,10.0,balanced,55520,0.7747891580771841
False,word,"(1, 2)",1,False,100000,1.0,balanced,14025,0.7742854672053919
False,word,"(1, 2)",1,True,0,1.0,balanced,14025,0.7742854672053919
False,word,"(1, 2)",1,False,0,1.0,balanced,14025,0.7742854672053919
False,word,"(1, 2)",1,True,100000,1.0,balanced,14025,0.7742854672053919
True,char,"(3, 5)",3,False,0,1.0,none,7935,0.7742412529101554
True,char,"(3, 5)",3,True,0,1.0,none,7935,0.7742412529101554
True,char,"(3, 5)",3,False,100000,1.0,none,7935,0.7742412529101554
True,char,"(3, 5)",3,True,100000,1.0,none,7935,0.7742412529101554
False,char_wb,"(3, 5)",3,True,100000,0.3,none,5958,0.7742018846597774
False,char_wb,"(3, 5)",3,True,0,0.3,none,5958,0.7742018846597774
True,char,"(3, 5)",3,False,100000,1.0,balanced,7935,0.7738205809948832
True,char,"(3, 5)",3,False,0,1.0,balanced,7935,0.7738205809948832
False,char,"(2, 4)",1,False,0,0.3,none,58035,0.7728080738759461
False,char,"(2, 4)",1,False,100000,0.3,none,58035,0.7728080738759461
False,word,"(1, 2)",1,True,0,3.0,none,14025,0.7726613355593982
False,word,"(1, 2)",1,False,0,3.0,none,14025,0.7726613355593982
False,word,"(1, 2)",1,True,100000,3.0,none,14025,0.7726613355593982
False,word,"(1, 2)",1,False,100000,3.0,none,14025,0.7726613355593982
True,word,"(1, 1)",1,False,0,0.3,balanced,5053,0.772032468787631
True,word,"(1, 1)",1,True,100000,0.3,balanced,5053,0.772032468787631
True,word,"(1, 1)",1,False,100000,0.3,balanced,5053,0.772032468787631
True,word,"(1, 1)",1,True,0,0.3,balanced,5053,0.772032468787631
True,char_wb,"(3, 5)",3,True,100000,0.3,none,5396,0.7718498645023328
True,char_wb,"(3, 5)",3,True,0,0.3,none,5396,0.7718498645023328
False,char_wb,"(3, 5)",1,False,100000,3.0,balanced,46791,0.7716318931231211
False,char_wb,"(3, 5)",1,False,0,3.0,balanced,46791,0.7716318931231211
False,char_wb,"(3, 5)",1,True,0,3.0,balanced,46791,0.7716318931231211
False,char_wb,"(3, 5)",1,True,100000,3.0,balanced,46791,0.7716318931231211
True,char_wb,"(3, 5)",2,False,100000,0.3,none,10621,0.7715860031159597
True,char_wb,"(3, 5)",2,False,0,0.3,none,10621,0.7715860031159597
True,word,"(1, 2)",1,False,100000,10.0,none,12787,0.7715496940122607
True,word,"(1, 2)",1,True,0,10.0,none,12787,0.7715496940122607
True,word,"(1, 2)",1,True,100000,10.0,none,12787,0.7715496940122607
True,word,"(1, 2)",1,False,0,10.0,none,12787,0.7715496940122607
False,char,"(3, 5)",2,False,100000,1.0,balanced,18424,0.7715414847975647
False,char,"(3, 5)",2,False,0,1.0,balanced,18424,0.7715414847975647
False,char_wb,"(3, 5)",1,True,0,10.0,balanced,46791,0.7715291539223195
False,char_wb,"(3, 5)",1,True,100000,10.0,balanced,46791,0.7715291539223195
False,char_wb,"(3, 5)",1,False,0,10.0,balanced,46791,0.7715291539223195
False,char_wb,"(3, 5)",1,False,100000,10.0,balanced,46791,0.7715291539223195
False,word,"(1, 1)",1,True,0,10.0,none,5126,0.7712713807169362
False,word,"(1, 1)",1,True,100000,10.0,none,5126,0.7712713807169362
False,char_wb,"(3, 5)",3,True,100000,3.0,none,5958,0.7708336900328647
False,char_wb,"(3, 5)",3,True,0,3.0,none,5958,0.7708336900328647
False,char,"(3, 5)",2,True,0,1.0,balanced,18424,0.7707566541239235
False,char,"(3, 5)",2,True,100000,1.0,balanced,18424,0.7707566541239235
True,char_wb,"(3, 5)",3,False,100000,0.3,none,5396,0.7705538150343685
True,char_wb,"(3, 5)",3,False,0,0.3,none,5396,0.7705538150343685
True,char,"(3, 5)",3,True,100000,0.3,none,7935,0.7699704757519507
True,char,"(3, 5)",3,True,0,0.3,none,7935,0.7699704757519507
False,char_wb,"(3, 5)",1,True,0,3.0,none,46791,0.7699462647534016
False,char_wb,"(3, 5)",1,True,100000,3.0,none,46791,0.7699462647534016
True,char,"(2, 3)",1,True,0,0.3,none,26402,0.7699039678140598
True,char,"(2, 3)",1,True,100000,0.3,none,26402,0.7699039678140598
False,char_wb,"(3, 5)",1,False,0,3.0,none,46791,0.7697160588952089
False,char_wb,"(3, 5)",1,False,100000,3.0,none,46791,0.7697160588952089
False,word,"(1, 1)",1,False,0,10.0,balanced,5126,0.7695199544980587
False,word,"(1, 1)",1,False,100000,10.0,balanced,5126,0.7695199544980587
False,word,"(1, 1)",1,True,100000,10.0,balanced,5126,0.7695199544980587
False,word,"(1, 1)",1,True,0,10.0,balanced,5126,0.7695199544980587
False,char_wb,"(3, 5)",1,False,100000,10.0,none,46791,0.7693601320643493
False,char_wb,"(3, 5)",1,False,0,10.0,none,46791,0.7693601320643493
False,word,"(1, 1)",1,False,0,0.1,balanced,5126,0.769337211817499
False,word,"(1, 1)",1,True,100000,0.1,balanced,5126,0.769337211817499
False,word,"(1, 1)",1,True,0,0.1,balanced,5126,0.769337211817499
False,word,"(1, 1)",1,False,100000,0.1,balanced,5126,0.769337211817499
False,char_wb,"(3, 5)",3,False,0,3.0,none,5958,0.769213378595292
False,char_wb,"(3, 5)",3,False,100000,3.0,none,5958,0.769213378595292
True,word,"(1, 2)",1,False,0,10.0,balanced,12787,0.7692114556906514
True,word,"(1, 2)",1,True,0,10.0,balanced,12787,0.7692114556906514
True,word,"(1, 2)",1,True,100000,10.0,balanced,12787,0.7692114556906514
True,word,"(1, 2)",1,False,100000,10.0,balanced,12787,0.7692114556906514
True,char_wb,"(3, 5)",2,True,0,0.3,none,10621,0.7691277553666479
True,char_wb,"(3, 5)",2,True,100000,0.3,none,10621,0.7691277553666479
False,char_wb,"(3, 5)",1,True,0,10.0,none,46791,0.7691207946999697
False,char_wb,"(3, 5)",1,True,100000,10.0,none,46791,0.7691207946999697
False,word,"(1, 1)",1,True,0,1.0,none,5126,0.7690497263107894
False,word,"(1, 1)",1,True,100000,1.0,none,5126,0.7690497263107894
False,word,"(1, 1)",1,False,0,1.0,none,5126,0.7690497263107894
False,word,"(1, 1)",1,False,100000,1.0,none,5126,0.7690497263107894
True,char,"(3, 5)",3,False,0,0.3,none,7935,0.768884974536077
True,char,"(3, 5)",3,False,100000,0.3,none,7935,0.768884974536077
False,word,"(1, 1)",1,True,0,3.0,balanced,5126,0.7682138161568063
False,word,"(1, 1)",1,True,100000,3.0,balanced,5126,0.7682138161568063
False,word,"(1, 1)",1,False,0,3.0,balanced,5126,0.7682138161568063
False,word,"(1, 1)",1,False,100000,3.0,balanced,5126,0.7682138161568063
True,word,"(1, 1)",1,True,0,10.0,balanced,5053,0.7681918696114045
True,word,"(1, 1)",1,False,0,10.0,balanced,5053,0.7681918696114045
True,word,"(1, 1)",1,False,100000,10.0,balanced,5053,0.7681918696114045
True,word,"(1, 1)",1,True,100000,10.0,balanced,5053,0.7681918696114045
False,char,"(3, 5)",1,True,100000,1.0,none,83421,0.7680105400718275
False,char,"(3, 5)",1,True,0,1.0,none,83421,0.7680105400718275
False,char,"(3, 5)",3,False,0,1.0,balanced,8948,0.7679925528136994
False,char,"(3, 5)",3,False,100000,1.0,balanced,8948,0.7679925528136994
False,char,"(3, 5)",3,True,0,1.0,balanced,8948,0.7679925528136994
False,char,"(3, 5)",3,True,100000,1.0,balanced,8948,0.7679925528136994
False,char,"(3, 5)",3,False,100000,1.0,none,8948,0.7678501219760734
False,char,"(3, 5)",3,True,0,1.0,none,8948,0.7678501219760734
False,char,"(3, 5)",3,True,100000,1.0,none,8948,0.7678501219760734
False,char,"(3, 5)",3,False,0,1.0,none,8948,0.7678501219760734
False,char,"(3, 5)",1,False,0,1.0,none,83421,0.7677957908912199
False,char,"(3, 5)",1,False,100000,1.0,none,83421,0.7677957908912199
False,word,"(1, 2)",1,True,0,3.0,balanced,14025,0.7675639311219453
False,word,"(1, 2)",1,True,100000,3.0,balanced,14025,0.7675639311219453
False,word,"(1, 2)",1,False,100000,3.0,balanced,14025,0.7675639311219453
False,word,"(1, 2)",1,False,0,3.0,balanced,14025,0.7675639311219453
True,word,"(1, 2)",1,True,0,3.0,none,12787,0.7674913216233827
True,word,"(1, 2)",1,False,0,3.0,none,12787,0.7674913216233827
True,word,"(1, 2)",1,True,100000,3.0,none,12787,0.7674913216233827
True,word,"(1, 2)",1,False,100000,3.0,none,12787,0.7674913216233827
True,word,"(1, 1)",1,False,0,1.0,balanced,5053,0.7672676415525491
True,word,"(1, 1)",1,False,100000,1.0,balanced,5053,0.7672676415525491
False,char_wb,"(3, 5)",1,False,0,1.0,none,46791,0.7672250065034634
False,char_wb,"(3, 5)",1,True,0,1.0,none,46791,0.7672250065034634
False,char_wb,"(3, 5)",1,False,100000,1.0,none,46791,0.7672250065034634
False,char_wb,"(3, 5)",1,True,100000,1.0,none,46791,0.7672250065034634
False,char_wb,"(3, 5)",2,True,0,0.3,none,11753,0.7670047849737416
False,char_wb,"(3, 5)",2,True,100000,0.3,none,11753,0.7670047849737416
True,word,"(1, 1)",1,True,100000,3.0,balanced,5053,0.7666690758579211
True,word,"(1, 1)",1,False,100000,3.0,balanced,5053,0.7666690758579211
True,word,"(1, 1)",1,True,0,3.0,balanced,5053,0.7666690758579211
True,word,"(1, 1)",1,False,0,3.0,balanced,5053,0.7666690758579211
True,char,"(3, 5)",3,False,100000,3.0,none,7935,0.7661026353955066
True,char,"(3, 5)",3,True,100000,3.0,none,7935,0.7661026353955066
True,char,"(3, 5)",3,False,0,3.0,none,7935,0.7661026353955066
True,char,"(3, 5)",3,True,0,3.0,none,7935,0.7661026353955066
True,word,"(1, 1)",1,False,0,10.0,none,5053,0.7660940750012254
True,word,"(1, 1)",1,False,100000,10.0,none,5053,0.7660940750012254
False,char_wb,"(3, 5)",2,False,0,0.3,none,11753,0.7658884678775418
False,char_wb,"(3, 5)",2,False,100000,0.3,none,11753,0.7658884678775418
True,word,"(1, 2)",1,True,0,3.0,balanced,12787,0.7657406053556313
True,word,"(1, 2)",1,True,100000,3.0,balanced,12787,0.7657406053556313
True,word,"(1, 2)",1,False,0,3.0,balanced,12787,0.7657406053556313
True,word,"(1, 2)",1,False,100000,3.0,balanced,12787,0.7657406053556313
True,char,"(3, 5)",2,False,0,1.0,none,16509,0.7656353431689664
True,char,"(3, 5)",2,False,100000,1.0,none,16509,0.7656353431689664
True,char,"(3, 5)",2,True,100000,1.0,none,16509,0.7656353431689664
True,char,"(3, 5)",2,True,0,1.0,none,16509,0.7656353431689664
True,word,"(1, 1)",1,False,0,0.1,balanced,5053,0.7656104260969008
True,word,"(1, 1)",1,True,100000,0.1,balanced,5053,0.7656104260969008
True,word,"(1, 1)",1,True,0,0.1,balanced,5053,0.7656104260969008
True,word,"(1, 1)",1,False,100000,0.1,balanced,5053,0.7656104260969008
True,char_wb,"(2, 4)",1,False,100000,0.3,none,35867,0.7653549047117315
True,char_wb,"(2, 4)",1,False,0,0.3,none,35867,0.7653549047117315
True,word,"(1, 1)",1,True,100000,1.0,balanced,5053,0.7652244823464971
True,word,"(1, 1)",1,True,0,1.0,balanced,5053,0.7652244823464971
False,char,"(2, 4)",1,True,0,0.3,none,58035,0.7649763754646071
False,char,"(2, 4)",1,True,100000,0.3,none,58035,0.7649763754646071
True,word,"(1, 1)",1,True,100000,10.0,none,5053,0.7649633721430957
True,word,"(1, 1)",1,True,0,10.0,none,5053,0.7649633721430957
True,char,"(3, 5)",1,True,100000,1.0,none,74441,0.7645380994547271
True,char,"(3, 5)",1,True,0,1.0,none,74441,0.7645380994547271
False,char,"(2, 5)",1,False,0,0.3,none,92123,0.7638216615735081
False,char,"(2, 5)",1,False,100000,0.3,none,92123,0.7638216615735081
True,word,"(1, 2)",1,False,100000,0.3,balanced,12787,0.7635442255367825
True,word,"(1, 2)",1,False,0,0.3,balanced,12787,0.7635442255367825
True,char,"(3, 5)",1,False,100000,1.0,none,74441,0.7634750547903896
True,char,"(3, 5)",1,False,0,1.0,none,74441,0.7634750547903896
True,word,"(1, 1)",1,False,0,3.0,none,5053,0.7631701800614897
True,word,"(1, 1)",1,False,100000,3.0,none,5053,0.7631701800614897
True,word,"(1, 2)",1,True,100000,1.0,balanced,12787,0.7628683468454507
True,word,"(1, 2)",1,False,100000,1.0,balanced,12787,0.7628683468454507
True,word,"(1, 2)",1,False,0,1.0,balanced,12787,0.7628683468454507
True,word,"(1, 2)",1,True,0,1.0,balanced,12787,0.7628683468454507
True,word,"(1, 1)",1,True,100000,1.0,none,5053,0.7628598790582104
True,word,"(1, 1)",1,True,0,1.0,none,5053,0.7628598790582104
True,word,"(1, 1)",1,False,100000,1.0,none,5053,0.7628598790582104
True,word,"(1, 1)",1,False,0,1.0,none,5053,0.7628598790582104
False,word,"(1, 1)",1,True,100000,1.0,balanced,5126,0.762696335982523
False,word,"(1, 1)",1,False,0,1.0,balanced,5126,0.762696335982523
False,word,"(1, 1)",1,True,0,1.0,balanced,5126,0.762696335982523
False,word,"(1, 1)",1,False,100000,1.0,balanced,5126,0.762696335982523
False,char,"(3, 5)",2,True,0,1.0,none,18424,0.7626484912723045
False,char,"(3, 5)",2,True,100000,1.0,none,18424,0.7626484912723045
True,char_wb,"(2, 4)",1,True,100000,0.3,none,35867,0.7625483160619952
True,char_wb,"(2, 4)",1,True,0,0.3,none,35867,0.7625483160619952
False,char,"(2, 5)",1,True,0,0.3,none,92123,0.7622590086634569
False,char,"(2, 5)",1,True,100000,0.3,none,92123,0.7622590086634569
True,char,"(2, 5)",1,True,100000,0.3,none,82161,0.7614321980630225
True,char,"(2, 5)",1,True,0,0.3,none,82161,0.7614321980630225
False,char,"(3, 5)",2,False,100000,1.0,none,18424,0.7607374114547253
False,char,"(3, 5)",2,False,0,1.0,none,18424,0.7607374114547253
True,char,"(3, 5)",2,True,100000,3.0,balanced,16509,0.7604325689317958
True,char,"(3, 5)",2,True,0,3.0,balanced,16509,0.7604325689317958
True,char,"(3, 5)",2,False,0,3.0,balanced,16509,0.7604325689317958
True,char,"(3, 5)",2,False,100000,3.0,balanced,16509,0.7604325689317958
False,word,"(1, 2)",1,True,0,0.3,balanced,14025,0.7599330170501706
False,word,"(1, 2)",1,False,100000,0.3,balanced,14025,0.7599330170501706
False,word,"(1, 2)",1,False,0,0.3,balanced,14025,0.7599330170501706
False,word,"(1, 2)",1,True,100000,0.3,balanced,14025,0.7599330170501706
True,char,"(2, 5)",1,False,0,0.3,none,82161,0.7598726567347769
True,char,"(2, 5)",1,False,100000,0.3,none,82161,0.7598726567347769
True,word,"(1, 2)",1,True,100000,0.3,balanced,12787,0.7598031106845566
True,word,"(1, 2)",1,True,0,0.3,balanced,12787,0.7598031106845566
True,word,"(1, 1)",1,True,0,3.0,none,5053,0.7594014203872183
True,word,"(1, 1)",1,True,100000,3.0,none,5053,0.7594014203872183
False,char,"(3, 5)",2,True,0,3.0,none,18424,0.7571963354969891
False,char,"(3, 5)",2,True,100000,3.0,none,18424,0.7571963354969891
False,char,"(3, 5)",3,False,0,0.3,none,8948,0.7569479504415736
False,char,"(3, 5)",3,True,100000,0.3,none,8948,0.7569479504415736
False,char,"(3, 5)",3,False,100000,0.3,none,8948,0.7569479504415736
False,char,"(3, 5)",3,True,0,0.3,none,8948,0.7569479504415736
True,char,"(3, 5)",2,False,100000,0.3,none,16509,0.7568849366140492
True,char,"(3, 5)",2,True,0,0.3,none,16509,0.7568849366140492
True,char,"(3, 5)",2,True,100000,0.3,none,16509,0.7568849366140492
True,char,"(3, 5)",2,False,0,0.3,none,16509,0.7568849366140492
True,word,"(1, 2)",2,False,100000,0.3,balanced,1908,0.7566421484820163
True,word,"(1, 2)",2,False,0,0.3,balanced,1908,0.7566421484820163
True,word,"(1, 2)",2,True,0,0.3,balanced,1908,0.7566421484820163
True,word,"(1, 2)",2,True,100000,0.3,balanced,1908,0.7566421484820163
False,char,"(3, 5)",3,False,0,3.0,none,8948,0.7564591281620777
False,char,"(3, 5)",3,False,100000,3.0,none,8948,0.7564591281620777
False,char,"(3, 5)",2,False,100000,3.0,balanced,18424,0.756018524524324
False,char,"(3, 5)",2,False,0,3.0,balanced,18424,0.756018524524324
False,char,"(3, 5)",2,True,0,10.0,none,18424,0.7557481531171317
False,char,"(3, 5)",2,True,100000,10.0,none,18424,0.7557481531171317
False,char,"(3, 5)",3,True,0,3.0,none,8948,0.7555799930983496
False,char,"(3, 5)",3,True,100000,3.0,none,8948,0.7555799930983496
False,char,"(3, 5)",3,True,100000,3.0,balanced,8948,0.7554597807068077
False,char,"(3, 5)",3,True,0,3.0,balanced,8948,0.7554597807068077
False,word,"(1, 1)",2,True,0,0.1,balanced,1240,0.7553935302650999
False,word,"(1, 1)",2,True,100000,0.1,balanced,1240,0.7553935302650999
False,word,"(1, 1)",2,False,0,0.1,balanced,1240,0.7553935302650999
False,word,"(1, 1)",2,False,100000,0.1,balanced,1240,0.7553935302650999
True,word,"(1, 2)",2,False,100000,0.1,balanced,1908,0.7553759230369362
True,word,"(1, 2)",2,False,0,0.1,balanced,1908,0.7553759230369362
False,char,"(3, 5)",2,False,100000,3.0,none,18424,0.7552802293693863
False,char,"(3, 5)",2,False,0,3.0,none,18424,0.7552802293693863
False,char,"(3, 5)",2,True,0,3.0,balanced,18424,0.7552256927615212
False,char,"(3, 5)",2,True,100000,3.0,balanced,18424,0.7552256927615212
False,char,"(3, 5)",2,False,100000,0.3,none,18424,0.7544510070661624
False,char,"(3, 5)",2,True,100000,0.3,none,18424,0.7544510070661624
False,char,"(3, 5)",2,True,0,0.3,none,18424,0.7544510070661624
False,char,"(3, 5)",2,False,0,0.3,none,18424,0.7544510070661624
False,char,"(3, 5)",2,False,100000,10.0,none,18424,0.7538756699757297
False,char,"(3, 5)",2,False,0,10.0,none,18424,0.7538756699757297
False,char,"(3, 5)",2,False,0,10.0,balanced,18424,0.7532448971969974
False,char,"(3, 5)",2,True,100000,10.0,balanced,18424,0.7532448971969974
False,char,"(3, 5)",2,False,100000,10.0,balanced,18424,0.7532448971969974
False,char,"(3, 5)",2,True,0,10.0,balanced,18424,0.7532448971969974
True,word,"(1, 2)",2,True,100000,0.1,balanced,1908,0.7530747321486925
True,word,"(1, 2)",2,True,0,0.1,balanced,1908,0.7530747321486925
False,char,"(3, 5)",3,False,0,3.0,balanced,8948,0.7526891329472372
False,char,"(3, 5)",3,False,100000,3.0,balanced,8948,0.7526891329472372
False,char_wb,"(2, 3)",1,True,100000,0.3,none,24396,0.7521400353467294
False,char_wb,"(2, 3)",1,True,0,0.3,none,24396,0.7521400353467294
False,word,"(1, 2)",1,True,0,1.0,none,14025,0.7514465538893069
False,word,"(1, 2)",1,False,100000,1.0,none,14025,0.7514465538893069
False,word,"(1, 2)",1,True,100000,1.0,none,14025,0.7514465538893069
False,word,"(1, 2)",1,False,0,1.0,none,14025,0.7514465538893069
True,char,"(3, 5)",2,True,0,3.0,none,16509,0.750821364140113
True,char,"(3, 5)",2,True,100000,3.0,none,16509,0.750821364140113
True,word,"(1, 1)",2,True,100000,0.1,balanced,1198,0.7508164149876349
True,word,"(1, 1)",2,False,100000,0.1,balanced,1198,0.7508164149876349
True,word,"(1, 1)",2,False,0,0.1,balanced,1198,0.7508164149876349
True,word,"(1, 1)",2,True,0,0.1,balanced,1198,0.7508164149876349
True,char,"(3, 5)",2,False,0,3.0,none,16509,0.7497441420389179
True,char,"(3, 5)",2,False,100000,3.0,none,16509,0.7497441420389179
False,word,"(1, 2)",2,True,100000,0.1,balanced,2088,0.7491887956641016
False,word,"(1, 2)",2,False,0,0.1,balanced,2088,0.7491887956641016
False,word,"(1, 2)",2,True,0,0.1,balanced,2088,0.7491887956641016
False,word,"(1, 2)",2,False,100000,0.1,balanced,2088,0.7491887956641016
True,char,"(3, 5)",3,True,100000,3.0,balanced,7935,0.7475204347728673
True,char,"(3, 5)",3,True,0,3.0,balanced,7935,0.7475204347728673
True,word,"(1, 1)",2,False,100000,0.3,balanced,1198,0.7471743936762801
True,word,"(1, 1)",2,True,0,0.3,balanced,1198,0.7471743936762801
True,word,"(1, 1)",2,False,0,0.3,balanced,1198,0.7471743936762801
True,word,"(1, 1)",2,True,100000,0.3,balanced,1198,0.7471743936762801
True,word,"(1, 2)",1,True,100000,0.1,balanced,12787,0.7467460541870377
True,word,"(1, 2)",1,True,0,0.1,balanced,12787,0.7467460541870377
True,char,"(3, 5)",3,False,0,3.0,balanced,7935,0.7458140914008597
True,char,"(3, 5)",3,False,100000,3.0,balanced,7935,0.7458140914008597
True,word,"(1, 2)",1,False,100000,0.1,balanced,12787,0.7437189686776269
True,word,"(1, 2)",1,False,0,0.1,balanced,12787,0.7437189686776269
True,char,"(3, 5)",2,True,0,10.0,balanced,16509,0.7433039200571058
True,char,"(3, 5)",2,True,100000,10.0,balanced,16509,0.7433039200571058
True,char,"(3, 5)",2,False,100000,10.0,balanced,16509,0.7419423044415099
True,char,"(3, 5)",2,False,0,10.0,balanced,16509,0.7419423044415099
False,char,"(3, 5)",3,False,0,10.0,none,8948,0.7417525777354554
False,char,"(3, 5)",3,False,100000,10.0,none,8948,0.7417525777354554
False,char_wb,"(2, 4)",1,False,100000,0.3,none,41403,0.741503699332716
False,char_wb,"(2, 4)",1,False,0,0.3,none,41403,0.741503699332716
True,word,"(1, 2)",3,False,0,0.3,balanced,890,0.7414128629297658
True,word,"(1, 2)",3,False,100000,0.3,balanced,890,0.7414128629297658
True,word,"(1, 2)",3,True,0,0.3,balanced,890,0.7414128629297658
True,word,"(1, 2)",3,True,100000,0.3,balanced,890,0.7414128629297658
False,char_wb,"(2, 4)",1,True,100000,0.3,none,41403,0.7413613914061704
False,char_wb,"(2, 4)",1,True,0,0.3,none,41403,0.7413613914061704
False,char_wb,"(3, 5)",3,False,100000,0.1,none,5958,0.740895310525415
False,char_wb,"(3, 5)",3,False,0,0.1,none,5958,0.740895310525415
False,char,"(3, 5)",3,True,0,10.0,balanced,8948,0.7406128975601804
False,char,"(3, 5)",3,True,100000,10.0,balanced,8948,0.7406128975601804
False,char,"(3, 5)",3,True,0,10.0,none,8948,0.7404723579607723
False,char,"(3, 5)",3,True,100000,10.0,none,8948,0.7404723579607723
False,word,"(1, 2)",1,True,0,0.1,balanced,14025,0.740210749922931
False,word,"(1, 2)",1,False,0,0.1,balanced,14025,0.740210749922931
False,word,"(1, 2)",1,False,100000,0.1,balanced,14025,0.740210749922931
False,word,"(1, 2)",1,True,100000,0.1,balanced,14025,0.740210749922931
False,char_wb,"(3, 5)",3,True,100000,0.1,none,5958,0.7395508095251097
False,char_wb,"(3, 5)",3,True,0,0.1,none,5958,0.7395508095251097
False,char,"(3, 5)",3,False,100000,10.0,balanced,8948,0.7395246888257092
False,char,"(3, 5)",3,False,0,10.0,balanced,8948,0.7395246888257092
True,word,"(1, 2)",2,False,0,1.0,balanced,1908,0.7392170465487461
True,word,"(1, 2)",2,False,100000,1.0,balanced,1908,0.7392170465487461
True,word,"(1, 2)",2,True,0,1.0,balanced,1908,0.7392170465487461
True,word,"(1, 2)",2,True,100000,1.0,balanced,1908,0.7392170465487461
True,char,"(3, 5)",3,False,100000,10.0,none,7935,0.7378915318489159
True,char,"(3, 5)",3,False,0,10.0,none,7935,0.7378915318489159
True,char,"(3, 5)",2,False,0,10.0,none,16509,0.7375670149207071
True,char,"(3, 5)",2,False,100000,10.0,none,16509,0.7375670149207071
True,char,"(3, 5)",2,True,100000,10.0,none,16509,0.7375670149207071
True,char,"(3, 5)",2,True,0,10.0,none,16509,0.7375670149207071
True,char_wb,"(2, 5)",1,True,0,0.3,none,46967,0.7374525457795946
True,char_wb,"(2, 5)",1,True,100000,0.3,none,46967,0.7374525457795946
True,char,"(3, 5)",3,True,100000,10.0,none,7935,0.7374251925269565
True,char,"(3, 5)",3,True,0,10.0,none,7935,0.7374251925269565
True,char_wb,"(2, 5)",1,False,0,0.3,none,46967,0.7359892943988107
True,char_wb,"(2, 5)",1,False,100000,0.3,none,46967,0.7359892943988107
True,word,"(1, 2)",1,False,0,1.0,none,12787,0.7352017471839751
True,word,"(1, 2)",1,False,100000,1.0,none,12787,0.7352017471839751
False,char_wb,"(2, 5)",1,False,0,0.3,none,55520,0.7351640746105015
False,char_wb,"(2, 5)",1,False,100000,0.3,none,55520,0.7351640746105015
False,word,"(1, 1)",2,False,100000,0.3,balanced,1240,0.7350331208456029
False,word,"(1, 1)",2,True,100000,0.3,balanced,1240,0.7350331208456029
False,word,"(1, 1)",2,False,0,0.3,balanced,1240,0.7350331208456029
False,word,"(1, 1)",2,True,0,0.3,balanced,1240,0.7350331208456029
False,char,"(3, 5)",1,False,100000,0.3,none,83421,0.7344743094014453
False,char,"(3, 5)",1,True,0,0.3,none,83421,0.7344743094014453
False,char,"(3, 5)",1,True,100000,0.3,none,83421,0.7344743094014453
False,char,"(3, 5)",1,False,0,0.3,none,83421,0.7344743094014453
True,char,"(3, 5)",3,True,100000,10.0,balanced,7935,0.7338342262251554
True,char,"(3, 5)",3,True,0,10.0,balanced,7935,0.7338342262251554
True,word,"(1, 2)",1,True,100000,1.0,none,12787,0.7337807277105951
True,word,"(1, 2)",1,True,0,1.0,none,12787,0.7337807277105951
False,char_wb,"(2, 5)",1,True,100000,0.3,none,55520,0.733677243437697
False,char_wb,"(2, 5)",1,True,0,0.3,none,55520,0.733677243437697
False,word,"(1, 2)",2,True,0,0.3,balanced,2088,0.7333379863694318
False,word,"(1, 2)",2,False,100000,0.3,balanced,2088,0.7333379863694318
False,word,"(1, 2)",2,False,0,0.3,balanced,2088,0.7333379863694318
False,word,"(1, 2)",2,True,100000,0.3,balanced,2088,0.7333379863694318
False,char_wb,"(2, 5)",3,False,100000,0.1,none,8758,0.7325167523898605
False,char_wb,"(2, 5)",3,False,0,0.1,none,8758,0.7325167523898605
True,char,"(3, 5)",3,False,100000,10.0,balanced,7935,0.7321626403226157
True,char,"(3, 5)",3,False,0,10.0,balanced,7935,0.7321626403226157
True,word,"(1, 2)",3,True,100000,1.0,balanced,890,0.7317363891599077
True,word,"(1, 2)",3,True,0,1.0,balanced,890,0.7317363891599077
False,word,"(1, 1)",3,True,100000,0.1,balanced,640,0.7314073323367203
False,word,"(1, 1)",3,False,0,0.1,balanced,640,0.7314073323367203
False,word,"(1, 1)",3,False,100000,0.1,balanced,640,0.7314073323367203
False,word,"(1, 1)",3,True,0,0.1,balanced,640,0.7314073323367203
True,char,"(2, 5)",3,False,100000,0.1,none,10454,0.7314002687888287
True,char,"(2, 5)",3,False,0,0.1,none,10454,0.7314002687888287
True,word,"(1, 1)",3,True,0,0.1,balanced,609,0.7304633733141349
True,word,"(1, 1)",3,True,100000,0.1,balanced,609,0.7304633733141349
True,char_wb,"(3, 5)",1,False,100000,0.3,none,39210,0.7304155170276629
True,char_wb,"(3, 5)",1,True,0,0.3,none,39210,0.7304155170276629
True,char_wb,"(3, 5)",1,False,0,0.3,none,39210,0.7304155170276629
True,char_wb,"(3, 5)",1,True,100000,0.3,none,39210,0.7304155170276629
True,char,"(3, 5)",1,True,100000,0.3,none,74441,0.7302983846046913
True,char,"(3, 5)",1,True,0,0.3,none,74441,0.7302983846046913
True,word,"(1, 2)",3,False,0,1.0,balanced,890,0.7302173398348262
True,word,"(1, 2)",3,False,100000,1.0,balanced,890,0.7302173398348262
True,char,"(2, 5)",3,True,0,0.1,none,10454,0.729686749991853
True,char,"(2, 5)",3,True,100000,0.1,none,10454,0.729686749991853
True,word,"(1, 1)",3,False,100000,0.1,balanced,609,0.7293312164786193
True,word,"(1, 1)",3,False,0,0.1,balanced,609,0.7293312164786193
True,char,"(3, 5)",1,False,100000,0.3,none,74441,0.729215765877225
True,char,"(3, 5)",1,False,0,0.3,none,74441,0.729215765877225
True,char_wb,"(3, 5)",3,False,100000,0.1,none,5396,0.7289182607353103
True,char_wb,"(3, 5)",3,False,0,0.1,none,5396,0.7289182607353103
True,word,"(1, 1)",2,True,0,3.0,balanced,1198,0.7283921347604707
True,word,"(1, 1)",2,True,100000,3.0,balanced,1198,0.7283921347604707
True,word,"(1, 1)",2,False,0,3.0,balanced,1198,0.7283921347604707
True,word,"(1, 1)",2,False,100000,3.0,balanced,1198,0.7283921347604707
True,word,"(1, 1)",3,True,0,1.0,balanced,609,0.7277034735627272
True,word,"(1, 1)",3,True,100000,1.0,balanced,609,0.7277034735627272
True,char_wb,"(3, 5)",3,True,100000,0.1,none,5396,0.727385399716341
True,char_wb,"(3, 5)",3,True,0,0.1,none,5396,0.727385399716341
True,word,"(1, 1)",3,False,100000,1.0,balanced,609,0.7269292349823068
True,word,"(1, 1)",3,False,0,1.0,balanced,609,0.7269292349823068
True,word,"(1, 2)",3,True,0,0.1,balanced,890,0.7255386532473334
True,word,"(1, 2)",3,True,100000,0.1,balanced,890,0.7255386532473334
True,word,"(1, 2)",3,False,100000,0.1,balanced,890,0.7255386532473334
True,word,"(1, 2)",3,False,0,0.1,balanced,890,0.7255386532473334
True,word,"(1, 1)",3,False,100000,0.3,balanced,609,0.7246725344264301
True,word,"(1, 1)",3,True,100000,0.3,balanced,609,0.7246725344264301
True,word,"(1, 1)",3,True,0,0.3,balanced,609,0.7246725344264301
True,word,"(1, 1)",3,False,0,0.3,balanced,609,0.7246725344264301
True,word,"(1, 1)",2,True,0,1.0,balanced,1198,0.7243429335042563
True,word,"(1, 1)",2,True,100000,1.0,balanced,1198,0.7243429335042563
True,word,"(1, 1)",2,False,0,1.0,balanced,1198,0.7243429335042563
True,word,"(1, 1)",2,False,100000,1.0,balanced,1198,0.7243429335042563
False,char_wb,"(3, 5)",1,True,0,0.3,none,46791,0.7240575316810037
False,char_wb,"(3, 5)",1,True,100000,0.3,none,46791,0.7240575316810037
True,char,"(3, 5)",3,False,0,0.1,none,7935,0.7239154963039449
True,char,"(3, 5)",3,False,100000,0.1,none,7935,0.7239154963039449
False,char_wb,"(3, 5)",1,False,0,0.3,none,46791,0.7238809567554036
False,char_wb,"(3, 5)",1,False,100000,0.3,none,46791,0.7238809567554036
True,word,"(1, 2)",3,False,100000,3.0,balanced,890,0.7237320867560474
True,word,"(1, 2)",3,True,0,3.0,balanced,890,0.7237320867560474
True,word,"(1, 2)",3,False,0,3.0,balanced,890,0.7237320867560474
True,word,"(1, 2)",3,True,100000,3.0,balanced,890,0.7237320867560474
True,word,"(1, 2)",2,False,0,3.0,balanced,1908,0.7236573838238324
True,word,"(1, 2)",2,True,100000,3.0,balanced,1908,0.7236573838238324
True,word,"(1, 2)",2,False,100000,3.0,balanced,1908,0.7236573838238324
True,word,"(1, 2)",2,True,0,3.0,balanced,1908,0.7236573838238324
False,word,"(1, 1)",2,True,0,1.0,none,1240,0.7230042545957603
False,word,"(1, 1)",2,True,100000,1.0,none,1240,0.7230042545957603
False,word,"(1, 1)",2,False,0,1.0,none,1240,0.7230042545957603
False,word,"(1, 1)",2,False,100000,1.0,none,1240,0.7230042545957603
True,word,"(1, 1)",2,False,0,0.3,none,1198,0.7227902973345413
True,word,"(1, 1)",2,False,100000,0.3,none,1198,0.7227902973345413
True,word,"(1, 1)",3,True,0,10.0,balanced,609,0.7225174255113628
True,word,"(1, 1)",3,True,100000,10.0,balanced,609,0.7225174255113628
True,word,"(1, 1)",3,False,0,10.0,balanced,609,0.7225174255113628
True,word,"(1, 1)",3,False,100000,10.0,balanced,609,0.7225174255113628
False,word,"(1, 1)",3,True,100000,0.3,balanced,640,0.7223504952970071
False,word,"(1, 1)",3,True,0,0.3,balanced,640,0.7223504952970071
True,char,"(3, 5)",3,True,0,0.1,none,7935,0.7223449956108419
True,char,"(3, 5)",3,True,100000,0.1,none,7935,0.7223449956108419
False,char,"(3, 5)",3,False,0,0.1,none,8948,0.7218002114228059
False,char,"(3, 5)",3,False,100000,0.1,none,8948,0.7218002114228059
False,word,"(1, 1)",3,False,100000,0.3,balanced,640,0.7215881471080501
False,word,"(1, 1)",3,False,0,0.3,balanced,640,0.7215881471080501
True,word,"(1, 1)",2,True,100000,0.3,none,1198,0.7213344597667422
True,word,"(1, 1)",2,True,0,0.3,none,1198,0.7213344597667422
True,word,"(1, 1)",3,False,100000,3.0,balanced,609,0.7212352127247225
True,word,"(1, 1)",3,False,0,3.0,balanced,609,0.7212352127247225
True,word,"(1, 1)",3,True,0,3.0,balanced,609,0.7212352127247225
True,word,"(1, 1)",3,True,100000,3.0,balanced,609,0.7212352127247225
False,word,"(1, 2)",3,True,0,0.1,balanced,962,0.7205630161565977
False,word,"(1, 2)",3,True,100000,0.1,balanced,962,0.7205630161565977
False,word,"(1, 2)",3,False,0,0.1,balanced,962,0.7205630161565977
False,word,"(1, 2)",3,False,100000,0.1,balanced,962,0.7205630161565977
False,char,"(3, 5)",3,True,0,0.1,none,8948,0.7202426818848497
False,char,"(3, 5)",3,True,100000,0.1,none,8948,0.7202426818848497
False,word,"(1, 2)",3,False,0,1.0,none,962,0.7202312757780959
False,word,"(1, 2)",3,True,0,1.0,none,962,0.7202312757780959
False,word,"(1, 2)",3,True,100000,1.0,none,962,0.7202312757780959
False,word,"(1, 2)",3,False,100000,1.0,none,962,0.7202312757780959
False,char,"(2, 5)",3,True,100000,0.1,none,11726,0.7176790508082336
False,char,"(2, 5)",3,True,0,0.1,none,11726,0.7176790508082336
False,word,"(1, 2)",3,True,100000,3.0,none,962,0.7175405120418662
False,word,"(1, 2)",3,False,100000,3.0,none,962,0.7175405120418662
False,word,"(1, 2)",3,True,0,3.0,none,962,0.7175405120418662
False,word,"(1, 2)",3,False,0,3.0,none,962,0.7175405120418662
False,word,"(1, 2)",2,True,100000,1.0,balanced,2088,0.7164767653347685
False,word,"(1, 2)",2,False,0,1.0,balanced,2088,0.7164767653347685
False,word,"(1, 2)",2,True,0,1.0,balanced,2088,0.7164767653347685
False,word,"(1, 2)",2,False,100000,1.0,balanced,2088,0.7164767653347685
True,word,"(1, 1)",2,False,0,1.0,none,1198,0.7158615895427775
True,word,"(1, 1)",2,True,100000,1.0,none,1198,0.7158615895427775
True,word,"(1, 1)",2,True,0,1.0,none,1198,0.7158615895427775
True,word,"(1, 1)",2,False,100000,1.0,none,1198,0.7158615895427775
False,char,"(2, 5)",3,False,0,0.1,none,11726,0.7157780939768931
False,char,"(2, 5)",3,False,100000,0.1,none,11726,0.7157780939768931
True,word,"(1, 2)",3,False,100000,10.0,balanced,890,0.715447973889869
True,word,"(1, 2)",3,False,0,10.0,balanced,890,0.715447973889869
False,word,"(1, 1)",3,True,100000,3.0,none,640,0.7149717140589422
False,word,"(1, 1)",3,True,0,3.0,none,640,0.7149717140589422
False,word,"(1, 1)",3,False,0,3.0,none,640,0.7149717140589422
False,word,"(1, 1)",3,False,100000,3.0,none,640,0.7149717140589422
True,word,"(1, 2)",2,True,0,1.0,none,1908,0.7143830055648831
True,word,"(1, 2)",2,False,0,1.0,none,1908,0.7143830055648831
True,word,"(1, 2)",2,True,100000,1.0,none,1908,0.7143830055648831
True,word,"(1, 2)",2,False,100000,1.0,none,1908,0.7143830055648831
True,word,"(1, 2)",3,True,100000,10.0,balanced,890,0.7143782117258819
True,word,"(1, 2)",3,True,0,10.0,balanced,890,0.7143782117258819
False,word,"(1, 2)",3,False,100000,0.3,balanced,962,0.7139941553734189
False,word,"(1, 2)",3,False,0,0.3,balanced,962,0.7139941553734189
False,word,"(1, 1)",1,True,100000,0.3,none,5126,0.713932138510498
False,word,"(1, 1)",1,True,0,0.3,none,5126,0.713932138510498
False,word,"(1, 1)",1,False,0,0.3,none,5126,0.713932138510498
False,word,"(1, 1)",1,False,100000,0.3,none,5126,0.713932138510498
True,word,"(1, 2)",3,True,100000,3.0,none,890,0.713918023632744
True,word,"(1, 2)",3,False,0,3.0,none,890,0.713918023632744
True,word,"(1, 2)",3,False,100000,3.0,none,890,0.713918023632744
True,word,"(1, 2)",3,True,0,3.0,none,890,0.713918023632744
False,word,"(1, 2)",3,True,100000,0.3,balanced,962,0.7129918094459977
False,word,"(1, 2)",3,True,0,0.3,balanced,962,0.7129918094459977
False,word,"(1, 1)",2,False,0,0.3,none,1240,0.7126782949842311
False,word,"(1, 1)",2,False,100000,0.3,none,1240,0.7126782949842311
True,word,"(1, 1)",1,False,100000,0.3,none,5053,0.7117578400223517
True,word,"(1, 1)",1,True,0,0.3,none,5053,0.7117578400223517
True,word,"(1, 1)",1,False,0,0.3,none,5053,0.7117578400223517
True,word,"(1, 1)",1,True,100000,0.3,none,5053,0.7117578400223517
False,word,"(1, 1)",2,True,0,0.3,none,1240,0.7114244972720171
False,word,"(1, 1)",2,True,100000,0.3,none,1240,0.7114244972720171
True,word,"(1, 1)",3,False,100000,10.0,none,609,0.7107903172709596
True,word,"(1, 1)",3,True,0,10.0,none,609,0.7107903172709596
True,word,"(1, 1)",3,True,100000,10.0,none,609,0.7107903172709596
True,word,"(1, 1)",3,False,0,10.0,none,609,0.7107903172709596
True,word,"(1, 2)",2,True,100000,3.0,none,1908,0.7105102378821544
True,word,"(1, 2)",2,True,0,3.0,none,1908,0.7105102378821544
False,word,"(1, 2)",2,False,100000,3.0,balanced,2088,0.7100390911343686
False,word,"(1, 2)",2,False,0,3.0,balanced,2088,0.7100390911343686
False,word,"(1, 2)",2,True,0,3.0,balanced,2088,0.7100390911343686
False,word,"(1, 2)",2,True,100000,3.0,balanced,2088,0.7100390911343686
True,word,"(1, 2)",2,False,0,3.0,none,1908,0.7097799443121909
True,word,"(1, 2)",2,False,100000,3.0,none,1908,0.7097799443121909
True,char_wb,"(2, 3)",3,True,0,0.1,none,5165,0.7094563966197509
True,char_wb,"(2, 3)",3,True,100000,0.1,none,5165,0.7094563966197509
True,char,"(3, 5)",2,False,100000,0.1,none,16509,0.7092203141230459
True,char,"(3, 5)",2,False,0,0.1,none,16509,0.7092203141230459
True,word,"(1, 1)",3,True,100000,1.0,none,609,0.7089942145516657
True,word,"(1, 1)",3,True,0,1.0,none,609,0.7089942145516657
True,char,"(2, 3)",3,False,100000,0.1,none,5674,0.708205514575746
True,char,"(2, 3)",3,False,0,0.1,none,5674,0.708205514575746
False,word,"(1, 1)",3,False,0,1.0,none,640,0.7079392846362961
False,word,"(1, 1)",3,True,0,1.0,none,640,0.7079392846362961
False,word,"(1, 1)",3,True,100000,1.0,none,640,0.7079392846362961
False,word,"(1, 1)",3,False,100000,1.0,none,640,0.7079392846362961
True,char_wb,"(2, 3)",3,False,0,0.1,none,5165,0.7079013440852318
True,char_wb,"(2, 3)",3,False,100000,0.1,none,5165,0.7079013440852318
True,char_wb,"(2, 3)",2,False,0,0.1,none,8406,0.7077151518545773
True,char_wb,"(2, 3)",2,False,100000,0.1,none,8406,0.7077151518545773
True,char,"(3, 5)",2,True,0,0.1,none,16509,0.7075665309086019
True,char,"(3, 5)",2,True,100000,0.1,none,16509,0.7075665309086019
True,word,"(1, 2)",2,True,0,0.3,none,1908,0.707447883402163
True,word,"(1, 2)",2,True,100000,0.3,none,1908,0.707447883402163
True,word,"(1, 1)",3,False,0,1.0,none,609,0.7074340480624328
True,word,"(1, 1)",3,False,100000,1.0,none,609,0.7074340480624328
True,char,"(2, 3)",3,True,0,0.1,none,5674,0.7073438637632927
True,char,"(2, 3)",3,True,100000,0.1,none,5674,0.7073438637632927
False,word,"(1, 1)",2,False,0,1.0,balanced,1240,0.7073143078402554
False,word,"(1, 1)",2,False,100000,1.0,balanced,1240,0.7073143078402554
False,word,"(1, 1)",2,True,100000,1.0,balanced,1240,0.7073143078402554
False,word,"(1, 1)",2,True,0,1.0,balanced,1240,0.7073143078402554
True,char_wb,"(2, 4)",3,True,100000,0.1,none,6929,0.7070034008060189
True,char_wb,"(2, 4)",3,True,0,0.1,none,6929,0.7070034008060189
False,word,"(1, 2)",2,False,100000,1.0,none,2088,0.7064358281043586
False,word,"(1, 2)",2,True,100000,1.0,none,2088,0.7064358281043586
False,word,"(1, 2)",2,False,0,1.0,none,2088,0.7064358281043586
False,word,"(1, 2)",2,True,0,1.0,none,2088,0.7064358281043586
True,word,"(1, 2)",2,False,100000,0.3,none,1908,0.7064131187757456
True,word,"(1, 2)",2,False,0,0.3,none,1908,0.7064131187757456
True,word,"(1, 1)",2,True,100000,3.0,none,1198,0.7059895084736463
True,word,"(1, 1)",2,True,0,3.0,none,1198,0.7059895084736463
False,word,"(1, 1)",3,True,100000,1.0,balanced,640,0.7058312619752942
False,word,"(1, 1)",3,False,100000,1.0,balanced,640,0.7058312619752942
False,word,"(1, 1)",3,False,0,1.0,balanced,640,0.7058312619752942
False,word,"(1, 1)",3,True,0,1.0,balanced,640,0.7058312619752942
True,word,"(1, 2)",2,True,100000,10.0,none,1908,0.7054783950940939
True,word,"(1, 2)",2,False,100000,10.0,none,1908,0.7054783950940939
True,word,"(1, 2)",2,True,0,10.0,none,1908,0.7054783950940939
True,word,"(1, 2)",2,False,0,10.0,none,1908,0.7054783950940939
False,word,"(1, 2)",2,True,100000,0.3,none,2088,0.7052484701694551
False,word,"(1, 2)",2,False,100000,0.3,none,2088,0.7052484701694551
False,word,"(1, 2)",2,False,0,0.3,none,2088,0.7052484701694551
False,word,"(1, 2)",2,True,0,0.3,none,2088,0.7052484701694551
True,word,"(1, 1)",2,False,0,3.0,none,1198,0.7052437031769178
True,word,"(1, 1)",2,False,100000,3.0,none,1198,0.7052437031769178
False,char_wb,"(2, 3)",3,True,0,0.1,none,5604,0.7045724624774434
False,char_wb,"(2, 3)",3,False,0,0.1,none,5604,0.7045724624774434
False,char_wb,"(2, 3)",3,False,100000,0.1,none,5604,0.7045724624774434
False,char_wb,"(2, 3)",3,True,100000,0.1,none,5604,0.7045724624774434
True,char_wb,"(2, 3)",2,True,100000,0.1,none,8406,0.7041576951826259
True,char_wb,"(2, 3)",2,True,0,0.1,none,8406,0.7041576951826259
True,char,"(2, 4)",3,True,0,0.1,none,8357,0.7038830874465759
True,char,"(2, 4)",3,True,100000,0.1,none,8357,0.7038830874465759
True,word,"(1, 2)",2,True,0,10.0,balanced,1908,0.7038132068261194
True,word,"(1, 2)",2,False,0,10.0,balanced,1908,0.7038132068261194
True,word,"(1, 2)",2,False,100000,10.0,balanced,1908,0.7038132068261194
True,word,"(1, 2)",2,True,100000,10.0,balanced,1908,0.7038132068261194
True,char_wb,"(2, 5)",2,False,100000,0.1,none,14348,0.7035536570092705
True,char_wb,"(2, 5)",2,False,0,0.1,none,14348,0.7035536570092705
True,word,"(1, 1)",3,False,0,3.0,none,609,0.7034241090882872
True,word,"(1, 1)",3,True,100000,3.0,none,609,0.7034241090882872
True,word,"(1, 1)",3,False,100000,3.0,none,609,0.7034241090882872
True,word,"(1, 1)",3,True,0,3.0,none,609,0.7034241090882872
False,word,"(1, 1)",2,True,100000,3.0,none,1240,0.703285984282263
False,word,"(1, 1)",2,True,0,3.0,none,1240,0.703285984282263
True,char_wb,"(2, 4)",2,True,100000,0.1,none,12057,0.7031104510218995
True,char_wb,"(2, 4)",2,False,0,0.1,none,12057,0.7031104510218995
True,char_wb,"(2, 4)",2,False,100000,0.1,none,12057,0.7031104510218995
True,char_wb,"(2, 4)",2,True,0,0.1,none,12057,0.7031104510218995
False,word,"(1, 1)",2,True,100000,3.0,balanced,1240,0.7025911857166194
False,word,"(1, 1)",2,True,0,3.0,balanced,1240,0.7025911857166194
True,word,"(1, 1)",2,True,0,10.0,balanced,1198,0.7025391293923011
True,word,"(1, 1)",2,True,100000,10.0,balanced,1198,0.7025391293923011
True,char_wb,"(3, 5)",2,True,0,0.1,none,10621,0.7024528573638756
True,char_wb,"(3, 5)",2,True,100000,0.1,none,10621,0.7024528573638756
True,char_wb,"(3, 5)",2,False,100000,0.1,none,10621,0.7024528573638756
True,char_wb,"(3, 5)",2,False,0,0.1,none,10621,0.7024528573638756
True,word,"(1, 2)",3,False,0,1.0,none,890,0.7024175370090314
True,word,"(1, 2)",3,False,100000,1.0,none,890,0.7024175370090314
True,word,"(1, 2)",3,True,0,1.0,none,890,0.7024175370090314
True,word,"(1, 2)",3,True,100000,1.0,none,890,0.7024175370090314
False,word,"(1, 1)",2,False,100000,3.0,none,1240,0.7022615831605609
False,word,"(1, 1)",2,False,0,3.0,none,1240,0.7022615831605609
True,char,"(2, 4)",3,False,100000,0.1,none,8357,0.7021719044203085
True,char,"(2, 4)",3,False,0,0.1,none,8357,0.7021719044203085
True,char_wb,"(2, 5)",2,True,100000,0.1,none,14348,0.7021429360236078
True,char_wb,"(2, 5)",2,True,0,0.1,none,14348,0.7021429360236078
False,word,"(1, 1)",2,False,0,3.0,balanced,1240,0.7018319086992779
False,word,"(1, 1)",2,False,100000,3.0,balanced,1240,0.7018319086992779
False,word,"(1, 2)",1,True,0,0.3,none,14025,0.7015563882697177
False,word,"(1, 2)",1,True,100000,0.3,none,14025,0.7015563882697177
True,word,"(1, 1)",2,False,100000,10.0,balanced,1198,0.7014843157234273
True,word,"(1, 1)",2,False,0,10.0,balanced,1198,0.7014843157234273
True,word,"(1, 2)",3,True,0,0.3,none,890,0.7011217124482324
True,word,"(1, 2)",3,False,0,0.3,none,890,0.7011217124482324
True,word,"(1, 2)",3,True,100000,0.3,none,890,0.7011217124482324
True,word,"(1, 2)",3,False,100000,0.3,none,890,0.7011217124482324
False,word,"(1, 2)",1,False,0,0.3,none,14025,0.7008019398369677
False,word,"(1, 2)",1,False,100000,0.3,none,14025,0.7008019398369677
True,char_wb,"(2, 5)",3,False,100000,0.1,none,7943,0.700785131216002
True,char_wb,"(2, 5)",3,False,0,0.1,none,7943,0.700785131216002
True,char_wb,"(2, 5)",3,True,100000,0.1,none,7943,0.700585980139658
True,char_wb,"(2, 5)",3,True,0,0.1,none,7943,0.700585980139658
False,word,"(1, 1)",3,False,100000,10.0,none,640,0.7002318289854065
False,word,"(1, 1)",3,False,0,10.0,none,640,0.7002318289854065
False,word,"(1, 1)",3,False,100000,0.3,none,640,0.7001997803647219
False,word,"(1, 1)",3,False,0,0.3,none,640,0.7001997803647219
False,word,"(1, 1)",3,True,100000,0.3,none,640,0.7001997803647219
False,word,"(1, 1)",3,True,0,0.3,none,640,0.7001997803647219
True,char,"(2, 3)",2,True,0,0.1,none,9626,0.7001662774763621
True,char,"(2, 3)",2,True,100000,0.1,none,9626,0.7001662774763621
True,char,"(2, 3)",2,False,100000,0.1,none,9626,0.7001662774763621
True,char,"(2, 3)",2,False,0,0.1,none,9626,0.7001662774763621
True,char_wb,"(2, 4)",3,False,0,0.1,none,6929,0.7000400607244341
True,char_wb,"(2, 4)",3,False,100000,0.1,none,6929,0.7000400607244341
False,char_wb,"(2, 4)",2,False,0,0.1,none,13220,0.6998328868798461
False,char_wb,"(2, 4)",2,False,100000,0.1,none,13220,0.6998328868798461
False,char_wb,"(2, 4)",2,True,0,0.1,none,13220,0.6993739148638467
False,char_wb,"(2, 4)",2,True,100000,0.1,none,13220,0.6993739148638467
False,char_wb,"(2, 5)",2,True,0,0.1,none,15892,0.6992553696989113
False,char_wb,"(2, 5)",2,True,100000,0.1,none,15892,0.6992553696989113
False,word,"(1, 1)",3,True,100000,10.0,none,640,0.6989092455960152
False,word,"(1, 1)",3,True,0,10.0,none,640,0.6989092455960152
False,char,"(2, 3)",3,False,100000,0.1,none,6222,0.698826099940651
False,char,"(2, 3)",3,False,0,0.1,none,6222,0.698826099940651
False,word,"(1, 2)",3,True,100000,1.0,balanced,962,0.698715518527224
False,word,"(1, 2)",3,False,100000,1.0,balanced,962,0.698715518527224
False,word,"(1, 2)",3,False,0,1.0,balanced,962,0.698715518527224
False,word,"(1, 2)",3,True,0,1.0,balanced,962,0.698715518527224
True,word,"(1, 2)",1,False,0,0.3,none,12787,0.6982236820403654
True,word,"(1, 2)",1,False,100000,0.3,none,12787,0.6982236820403654
True,word,"(1, 2)",1,True,100000,0.3,none,12787,0.6982236820403654
True,word,"(1, 2)",1,True,0,0.3,none,12787,0.6982236820403654
False,char_wb,"(2, 5)",2,False,100000,0.1,none,15892,0.6981510935841645
False,char_wb,"(2, 5)",2,False,0,0.1,none,15892,0.6981510935841645
False,word,"(1, 2)",2,False,0,3.0,none,2088,0.6977880097940816
False,word,"(1, 2)",2,False,100000,3.0,none,2088,0.6977880097940816
False,word,"(1, 2)",2,True,100000,3.0,none,2088,0.6977880097940816
False,word,"(1, 2)",2,True,0,3.0,none,2088,0.6977880097940816
False,char_wb,"(3, 5)",2,False,100000,0.1,none,11753,0.697649160570204
False,char_wb,"(3, 5)",2,False,0,0.1,none,11753,0.697649160570204
False,char_wb,"(2, 3)",2,True,0,0.1,none,9187,0.697513357013357
False,char_wb,"(2, 3)",2,True,100000,0.1,none,9187,0.697513357013357
False,char_wb,"(2, 4)",3,False,100000,0.1,none,7564,0.6973861066249518
False,char_wb,"(2, 4)",3,False,0,0.1,none,7564,0.6973861066249518
False,char_wb,"(2, 3)",2,False,100000,0.1,none,9187,0.6969236956574014
False,char_wb,"(2, 3)",2,False,0,0.1,none,9187,0.6969236956574014
False,char,"(3, 5)",2,False,100000,0.1,none,18424,0.6969024458157362
False,char,"(3, 5)",2,False,0,0.1,none,18424,0.6969024458157362
True,char_wb,"(2, 4)",1,False,100000,0.1,none,35867,0.6964780916997823
True,char_wb,"(2, 4)",1,False,0,0.1,none,35867,0.6964780916997823
False,word,"(1, 2)",3,True,100000,0.3,none,962,0.6963823593258361
False,word,"(1, 2)",3,False,0,0.3,none,962,0.6963823593258361
False,word,"(1, 2)",3,False,100000,0.3,none,962,0.6963823593258361
False,word,"(1, 2)",3,True,0,0.3,none,962,0.6963823593258361
False,char,"(2, 3)",3,True,0,0.1,none,6222,0.6963645659300153
False,char,"(2, 3)",3,True,100000,0.1,none,6222,0.6963645659300153
False,char,"(2, 3)",2,True,0,0.1,none,10526,0.6963000143981685
False,char,"(2, 3)",2,True,100000,0.1,none,10526,0.6963000143981685
False,char_wb,"(2, 5)",3,True,0,0.1,none,8758,0.6962453398022542
False,char_wb,"(2, 5)",3,True,100000,0.1,none,8758,0.6962453398022542
False,char,"(3, 5)",2,True,100000,0.1,none,18424,0.6960487475010879
False,char,"(3, 5)",2,True,0,0.1,none,18424,0.6960487475010879
False,char_wb,"(2, 4)",3,True,0,0.1,none,7564,0.6958004238870422
False,char_wb,"(2, 4)",3,True,100000,0.1,none,7564,0.6958004238870422
True,word,"(1, 2)",3,False,0,10.0,none,890,0.695735240817749
True,word,"(1, 2)",3,False,100000,10.0,none,890,0.695735240817749
True,word,"(1, 2)",3,True,0,10.0,none,890,0.6956718260077904
True,word,"(1, 2)",3,True,100000,10.0,none,890,0.6956718260077904
True,char_wb,"(2, 3)",1,True,0,0.1,none,21465,0.695638173674334
True,char_wb,"(2, 3)",1,True,100000,0.1,none,21465,0.695638173674334
False,char,"(2, 3)",2,False,0,0.1,none,10526,0.6951295417765113
False,char,"(2, 3)",2,False,100000,0.1,none,10526,0.6951295417765113
True,char,"(2, 5)",2,False,0,0.1,none,20206,0.6949887993338212
True,char,"(2, 5)",2,False,100000,0.1,none,20206,0.6949887993338212
False,char_wb,"(3, 5)",2,True,0,0.1,none,11753,0.694735178295118
False,char_wb,"(3, 5)",2,True,100000,0.1,none,11753,0.694735178295118
False,word,"(1, 1)",3,False,100000,3.0,balanced,640,0.6934578530488734
False,word,"(1, 1)",3,False,0,3.0,balanced,640,0.6934578530488734
False,word,"(1, 1)",3,True,0,3.0,balanced,640,0.6934578530488734
False,word,"(1, 1)",3,True,100000,3.0,balanced,640,0.6934578530488734
True,char_wb,"(2, 3)",1,False,0,0.1,none,21465,0.6934046718499628
True,char_wb,"(2, 3)",1,False,100000,0.1,none,21465,0.6934046718499628
False,char,"(2, 4)",2,False,100000,0.1,none,16903,0.6925770949784419
False,char,"(2, 4)",2,False,0,0.1,none,16903,0.6925770949784419
True,char,"(2, 5)",2,True,100000,0.1,none,20206,0.6921598716058432
True,char,"(2, 5)",2,True,0,0.1,none,20206,0.6921598716058432
True,char,"(2, 4)",2,False,100000,0.1,none,15320,0.691964294336135
True,char,"(2, 4)",2,False,0,0.1,none,15320,0.691964294336135
True,char,"(2, 4)",2,True,0,0.1,none,15320,0.6917208217543453
True,char,"(2, 4)",2,True,100000,0.1,none,15320,0.6917208217543453
False,char,"(2, 4)",2,True,0,0.1,none,16903,0.6917203218896315
False,char,"(2, 4)",2,True,100000,0.1,none,16903,0.6917203218896315
True,char_wb,"(2, 5)",1,True,0,0.1,none,46967,0.6913065425065429
True,char_wb,"(2, 5)",1,False,100000,0.1,none,46967,0.6913065425065429
True,char_wb,"(2, 5)",1,True,100000,0.1,none,46967,0.6913065425065429
True,char_wb,"(2, 5)",1,False,0,0.1,none,46967,0.6913065425065429
False,word,"(1, 2)",3,True,0,10.0,none,962,0.6899770647314484
False,word,"(1, 2)",3,True,100000,10.0,none,962,0.6899770647314484
True,char_wb,"(2, 4)",1,True,100000,0.1,none,35867,0.6899281679983434
True,char_wb,"(2, 4)",1,True,0,0.1,none,35867,0.6899281679983434
False,word,"(1, 2)",3,False,100000,10.0,none,962,0.6889229075322493
False,word,"(1, 2)",3,False,0,10.0,none,962,0.6889229075322493
True,word,"(1, 1)",2,False,100000,10.0,none,1198,0.6877999514743514
True,word,"(1, 1)",2,False,0,10.0,none,1198,0.6877999514743514
True,char,"(2, 3)",1,True,0,0.1,none,26402,0.6874664154448664
True,char,"(2, 3)",1,True,100000,0.1,none,26402,0.6874664154448664
False,word,"(1, 2)",2,False,100000,10.0,balanced,2088,0.6872691305920503
False,word,"(1, 2)",2,True,100000,10.0,balanced,2088,0.6872691305920503
False,word,"(1, 2)",2,True,0,10.0,balanced,2088,0.6872691305920503
False,word,"(1, 2)",2,False,0,10.0,balanced,2088,0.6872691305920503
True,word,"(1, 1)",2,True,100000,10.0,none,1198,0.6868055490650254
True,word,"(1, 1)",2,True,0,10.0,none,1198,0.6868055490650254
True,char,"(2, 3)",1,False,0,0.1,none,26402,0.6864538430353525
True,char,"(2, 3)",1,False,100000,0.1,none,26402,0.6864538430353525
False,word,"(1, 2)",3,False,100000,3.0,balanced,962,0.6857501555452516
False,word,"(1, 2)",3,False,0,3.0,balanced,962,0.6857501555452516
False,word,"(1, 2)",3,True,100000,3.0,balanced,962,0.6857501555452516
False,word,"(1, 2)",3,True,0,3.0,balanced,962,0.6857501555452516
True,word,"(1, 1)",2,False,100000,0.1,none,1198,0.6851127491570911
True,word,"(1, 1)",2,False,0,0.1,none,1198,0.6851127491570911
True,word,"(1, 1)",2,True,100000,0.1,none,1198,0.6851127491570911
True,word,"(1, 1)",2,True,0,0.1,none,1198,0.6851127491570911
True,word,"(1, 1)",3,True,0,0.3,none,609,0.6850139150363652
True,word,"(1, 1)",3,False,100000,0.3,none,609,0.6850139150363652
True,word,"(1, 1)",3,False,0,0.3,none,609,0.6850139150363652
True,word,"(1, 1)",3,True,100000,0.3,none,609,0.6850139150363652
False,word,"(1, 1)",2,False,0,10.0,none,1240,0.6841288154469972
False,word,"(1, 1)",2,True,100000,10.0,none,1240,0.6841288154469972
False,word,"(1, 1)",2,False,100000,10.0,none,1240,0.6841288154469972
False,word,"(1, 1)",2,True,0,10.0,none,1240,0.6841288154469972
False,word,"(1, 1)",3,False,100000,10.0,balanced,640,0.6831619279157506
False,word,"(1, 1)",3,False,0,10.0,balanced,640,0.6831619279157506
True,char_wb,"(3, 5)",1,True,100000,0.1,none,39210,0.6831270090072733
True,char_wb,"(3, 5)",1,False,0,0.1,none,39210,0.6831270090072733
True,char_wb,"(3, 5)",1,True,0,0.1,none,39210,0.6831270090072733
True,char_wb,"(3, 5)",1,False,100000,0.1,none,39210,0.6831270090072733
False,char,"(2, 4)",3,False,0,0.1,none,9271,0.6828460542683431
False,char,"(2, 4)",3,True,0,0.1,none,9271,0.6828460542683431
False,char,"(2, 4)",3,True,100000,0.1,none,9271,0.6828460542683431
False,char,"(2, 4)",3,False,100000,0.1,none,9271,0.6828460542683431
False,char_wb,"(2, 5)",1,False,100000,0.1,none,55520,0.6825316913206821
False,char_wb,"(2, 5)",1,False,0,0.1,none,55520,0.6825316913206821
False,char_wb,"(2, 5)",1,True,100000,0.1,none,55520,0.6823826543232856
False,char_wb,"(2, 5)",1,True,0,0.1,none,55520,0.6823826543232856
False,char_wb,"(3, 5)",1,True,0,0.1,none,46791,0.6823822985374824
False,char_wb,"(3, 5)",1,True,100000,0.1,none,46791,0.6823822985374824
False,char_wb,"(3, 5)",1,False,100000,0.1,none,46791,0.6823822985374824
False,char_wb,"(3, 5)",1,False,0,0.1,none,46791,0.6823822985374824
False,word,"(1, 1)",2,True,100000,10.0,balanced,1240,0.6817002642135926
False,word,"(1, 1)",2,False,0,10.0,balanced,1240,0.6817002642135926
False,word,"(1, 1)",2,True,0,10.0,balanced,1240,0.6817002642135926
False,word,"(1, 1)",2,False,100000,10.0,balanced,1240,0.6817002642135926
False,word,"(1, 2)",2,False,100000,10.0,none,2088,0.6816366392035241
False,word,"(1, 2)",2,False,0,10.0,none,2088,0.6816366392035241
False,word,"(1, 2)",2,True,100000,10.0,none,2088,0.6816366392035241
False,word,"(1, 2)",2,True,0,10.0,none,2088,0.6816366392035241
False,word,"(1, 1)",3,True,100000,10.0,balanced,640,0.6802574653033573
False,word,"(1, 1)",3,True,0,10.0,balanced,640,0.6802574653033573
False,char_wb,"(2, 4)",1,False,0,0.1,none,41403,0.6794114723660178
False,char_wb,"(2, 4)",1,True,0,0.1,none,41403,0.6794114723660178
False,char_wb,"(2, 4)",1,False,100000,0.1,none,41403,0.6794114723660178
False,char_wb,"(2, 4)",1,True,100000,0.1,none,41403,0.6794114723660178
False,char_wb,"(2, 3)",1,False,0,0.1,none,24396,0.6771757377859591
False,char_wb,"(2, 3)",1,False,100000,0.1,none,24396,0.6771757377859591
False,word,"(1, 1)",2,True,100000,0.1,none,1240,0.6771147227299008
False,word,"(1, 1)",2,True,0,0.1,none,1240,0.6771147227299008
False,word,"(1, 1)",2,False,0,0.1,none,1240,0.6771147227299008
False,word,"(1, 1)",2,False,100000,0.1,none,1240,0.6771147227299008
False,char_wb,"(2, 3)",1,True,0,0.1,none,24396,0.6749640638725416
False,char_wb,"(2, 3)",1,True,100000,0.1,none,24396,0.6749640638725416
False,word,"(1, 1)",3,False,100000,0.1,none,640,0.6749059961786115
False,word,"(1, 1)",3,True,0,0.1,none,640,0.6749059961786115
False,word,"(1, 1)",3,True,100000,0.1,none,640,0.6749059961786115
False,word,"(1, 1)",3,False,0,0.1,none,640,0.6749059961786115
False,char,"(2, 3)",1,False,0,0.1,none,29262,0.6745891019720016
False,char,"(2, 3)",1,False,100000,0.1,none,29262,0.6745891019720016
False,char,"(2, 3)",1,True,0,0.1,none,29262,0.674126590680222
False,char,"(2, 3)",1,True,100000,0.1,none,29262,0.674126590680222
True,word,"(1, 2)",3,True,100000,0.1,none,890,0.6734423783085738
True,word,"(1, 2)",3,False,100000,0.1,none,890,0.6734423783085738
True,word,"(1, 2)",3,True,0,0.1,none,890,0.6734423783085738
True,word,"(1, 2)",3,False,0,0.1,none,890,0.6734423783085738
False,word,"(1, 2)",3,False,0,0.1,none,962,0.6720585993429096
False,word,"(1, 2)",3,True,0,0.1,none,962,0.6720585993429096
False,word,"(1, 2)",3,False,100000,0.1,none,962,0.6720585993429096
False,word,"(1, 2)",3,True,100000,0.1,none,962,0.6720585993429096
False,char,"(2, 5)",2,False,0,0.1,none,22551,0.6709965065989911
False,char,"(2, 5)",2,False,100000,0.1,none,22551,0.6709965065989911
False,char,"(2, 5)",2,True,0,0.1,none,22551,0.6701423538580582
False,char,"(2, 5)",2,True,100000,0.1,none,22551,0.6701423538580582
True,char,"(2, 4)",1,True,100000,0.1,none,52199,0.6668788888449906
True,char,"(2, 4)",1,False,0,0.1,none,52199,0.6668788888449906
True,char,"(2, 4)",1,False,100000,0.1,none,52199,0.6668788888449906
True,char,"(2, 4)",1,True,0,0.1,none,52199,0.6668788888449906
False,word,"(1, 2)",3,False,0,10.0,balanced,962,0.6653495881737506
False,word,"(1, 2)",3,True,0,10.0,balanced,962,0.6653495881737506
False,word,"(1, 2)",3,True,100000,10.0,balanced,962,0.6653495881737506
False,word,"(1, 2)",3,False,100000,10.0,balanced,962,0.6653495881737506
True,word,"(1, 1)",3,True,0,0.1,none,609,0.665210955601677
True,word,"(1, 1)",3,True,100000,0.1,none,609,0.665210955601677
False,word,"(1, 1)",1,False,100000,0.1,none,5126,0.6644035145064592
False,word,"(1, 1)",1,False,0,0.1,none,5126,0.6644035145064592
True,char,"(2, 5)",1,True,0,0.1,none,82161,0.6632146446164695
True,char,"(2, 5)",1,False,0,0.1,none,82161,0.6632146446164695
True,char,"(2, 5)",1,True,100000,0.1,none,82161,0.6632146446164695
True,char,"(2, 5)",1,False,100000,0.1,none,82161,0.6632146446164695
True,word,"(1, 2)",2,False,100000,0.1,none,1908,0.6629795877128566
True,word,"(1, 2)",2,True,0,0.1,none,1908,0.6629795877128566
True,word,"(1, 2)",2,False,0,0.1,none,1908,0.6629795877128566
True,word,"(1, 2)",2,True,100000,0.1,none,1908,0.6629795877128566
True,word,"(1, 1)",3,False,100000,0.1,none,609,0.6607328864827403
True,word,"(1, 1)",3,False,0,0.1,none,609,0.6607328864827403
False,word,"(1, 1)",1,True,100000,0.1,none,5126,0.6603562286710054
False,word,"(1, 1)",1,True,0,0.1,none,5126,0.6603562286710054
False,char,"(2, 5)",1,True,100000,0.1,none,92123,0.6565417797750537
False,char,"(2, 5)",1,True,0,0.1,none,92123,0.6565417797750537
False,char,"(2, 5)",1,False,100000,0.1,none,92123,0.6561764726967179
False,char,"(2, 5)",1,False,0,0.1,none,92123,0.6561764726967179
True,word,"(1, 1)",1,False,100000,0.1,none,5053,0.6542610134808716
True,word,"(1, 1)",1,True,0,0.1,none,5053,0.6542610134808716
True,word,"(1, 1)",1,False,0,0.1,none,5053,0.6542610134808716
True,word,"(1, 1)",1,True,100000,0.1,none,5053,0.6542610134808716
False,word,"(1, 2)",2,True,100000,0.1,none,2088,0.6534474618549654
False,word,"(1, 2)",2,True,0,0.1,none,2088,0.6534474618549654
False,word,"(1, 2)",2,False,0,0.1,none,2088,0.6534474618549654
False,word,"(1, 2)",2,False,100000,0.1,none,2088,0.6534474618549654
False,char,"(2, 4)",1,True,100000,0.1,none,58035,0.6525401241786102
False,char,"(2, 4)",1,False,0,0.1,none,58035,0.6525401241786102
False,char,"(2, 4)",1,True,0,0.1,none,58035,0.6525401241786102
False,char,"(2, 4)",1,False,100000,0.1,none,58035,0.6525401241786102
True,char,"(3, 5)",1,False,100000,0.1,none,74441,0.6460419434373947
True,char,"(3, 5)",1,False,0,0.1,none,74441,0.6460419434373947
True,char,"(3, 5)",1,True,0,0.1,none,74441,0.645927449425466
True,char,"(3, 5)",1,True,100000,0.1,none,74441,0.645927449425466
False,char,"(3, 5)",1,True,0,0.1,none,83421,0.6294021965420968
False,char,"(3, 5)",1,False,0,0.1,none,83421,0.6294021965420968
False,char,"(3, 5)",1,True,100000,0.1,none,83421,0.6294021965420968
False,char,"(3, 5)",1,False,100000,0.1,none,83421,0.6294021965420968
True,word,"(1, 2)",1,False,0,0.1,none,12787,0.6220311048325846
True,word,"(1, 2)",1,True,100000,0.1,none,12787,0.6220311048325846
True,word,"(1, 2)",1,False,100000,0.1,none,12787,0.6220311048325846
True,word,"(1, 2)",1,True,0,0.1,none,12787,0.6220311048325846
False,word,"(1, 2)",1,True,100000,0.1,none,14025,0.6215680363355623
False,word,"(1, 2)",1,False,0,0.1,none,14025,0.6215680363355623
False,word,"(1, 2)",1,False,100000,0.1,none,14025,0.6215680363355623
False,word,"(1, 2)",1,True,0,0.1,none,14025,0.6215680363355623
